participant_code,year_level,class_activity,subject,session_name,self_reported_feeling,self_reported_feeling_missing,self_reported_feeling_source,valence_score,valence_label,valence_group,arousal_score,arousal_label,arousal_group,affect_category,lexical_category,word_english,date_collected,consent_obtained,survey_audio_filename,intentional_bgm_boundary_trim,background_music_overlap,speech_complete_status,year_code,session,spoken_word,metadata_word_matches_filename,audio_filename,audio_duration_sec,audio_trimmed_dur_sec,audio_trimmed_fraction,audio_sampling_rate,audio_end_boundary_rms_ratio,audio_boundary_review_flag,audio_pitch_detected,audio_voiced_frames,audio_pitch_total_frames,audio_pitch_frame_length,audio_f0_mean_hz,audio_f0_std_hz,audio_f0_min_hz,audio_f0_max_hz,audio_f0_median_hz,audio_f0_range_hz,audio_voiced_ratio,audio_period_variation_proxy,audio_rms_mean,audio_rms_std,audio_rms_max,audio_rms_min,audio_rms_frame_variation_proxy,audio_zcr_mean,audio_zcr_std,audio_zcr_max,audio_spec_centroid_mean,audio_spec_centroid_std,audio_spec_bandwidth_mean,audio_spec_bandwidth_std,audio_spec_rolloff85_mean,audio_spec_rolloff85_std,audio_spec_flatness_mean,audio_spec_flatness_std,audio_spec_contrast_mean,audio_spec_contrast_std,audio_chroma_mean,audio_chroma_std,audio_delta_available,audio_delta_width,audio_mfcc_1_mean,audio_mfcc_1_std,audio_delta_mfcc_1_mean,audio_delta_mfcc_1_std,audio_delta2_mfcc_1_mean,audio_delta2_mfcc_1_std,audio_mfcc_2_mean,audio_mfcc_2_std,audio_delta_mfcc_2_mean,audio_delta_mfcc_2_std,audio_delta2_mfcc_2_mean,audio_delta2_mfcc_2_std,audio_mfcc_3_mean,audio_mfcc_3_std,audio_delta_mfcc_3_mean,audio_delta_mfcc_3_std,audio_delta2_mfcc_3_mean,audio_delta2_mfcc_3_std,audio_mfcc_4_mean,audio_mfcc_4_std,audio_delta_mfcc_4_mean,audio_delta_mfcc_4_std,audio_delta2_mfcc_4_mean,audio_delta2_mfcc_4_std,audio_mfcc_5_mean,audio_mfcc_5_std,audio_delta_mfcc_5_mean,audio_delta_mfcc_5_std,audio_delta2_mfcc_5_mean,audio_delta2_mfcc_5_std,audio_mfcc_6_mean,audio_mfcc_6_std,audio_delta_mfcc_6_mean,audio_delta_mfcc_6_std,audio_delta2_mfcc_6_mean,audio_delta2_mfcc_6_std,audio_mfcc_7_mean,audio_mfcc_7_std,audio_delta_mfcc_7_mean,audio_delta_mfcc_7_std,audio_delta2_mfcc_7_mean,audio_delta2_mfcc_7_std,audio_mfcc_8_mean,audio_mfcc_8_std,audio_delta_mfcc_8_mean,audio_delta_mfcc_8_std,audio_delta2_mfcc_8_mean,audio_delta2_mfcc_8_std,audio_mfcc_9_mean,audio_mfcc_9_std,audio_delta_mfcc_9_mean,audio_delta_mfcc_9_std,audio_delta2_mfcc_9_mean,audio_delta2_mfcc_9_std,audio_mfcc_10_mean,audio_mfcc_10_std,audio_delta_mfcc_10_mean,audio_delta_mfcc_10_std,audio_delta2_mfcc_10_mean,audio_delta2_mfcc_10_std,audio_mfcc_11_mean,audio_mfcc_11_std,audio_delta_mfcc_11_mean,audio_delta_mfcc_11_std,audio_delta2_mfcc_11_mean,audio_delta2_mfcc_11_std,audio_mfcc_12_mean,audio_mfcc_12_std,audio_delta_mfcc_12_mean,audio_delta_mfcc_12_std,audio_delta2_mfcc_12_mean,audio_delta2_mfcc_12_std,audio_mfcc_13_mean,audio_mfcc_13_std,audio_delta_mfcc_13_mean,audio_delta_mfcc_13_std,audio_delta2_mfcc_13_mean,audio_delta2_mfcc_13_std,video_filename,video_fps,video_reported_frames,video_decoded_frames,video_duration_sec,video_width_px,video_height_px,face_detected_frames,face_detection_rate,face_detection_quality_pass,face_geometry_coordinate_system,face_landmarker_running_mode,face__neutral_mean,face__neutral_std,face__neutral_max,face_browDownLeft_mean,face_browDownLeft_std,face_browDownLeft_max,face_browDownRight_mean,face_browDownRight_std,face_browDownRight_max,face_browInnerUp_mean,face_browInnerUp_std,face_browInnerUp_max,face_browOuterUpLeft_mean,face_browOuterUpLeft_std,face_browOuterUpLeft_max,face_browOuterUpRight_mean,face_browOuterUpRight_std,face_browOuterUpRight_max,face_cheekPuff_mean,face_cheekPuff_std,face_cheekPuff_max,face_cheekSquintLeft_mean,face_cheekSquintLeft_std,face_cheekSquintLeft_max,face_cheekSquintRight_mean,face_cheekSquintRight_std,face_cheekSquintRight_max,face_eyeBlinkLeft_mean,face_eyeBlinkLeft_std,face_eyeBlinkLeft_max,face_eyeBlinkRight_mean,face_eyeBlinkRight_std,face_eyeBlinkRight_max,face_eyeLookDownLeft_mean,face_eyeLookDownLeft_std,face_eyeLookDownLeft_max,face_eyeLookDownRight_mean,face_eyeLookDownRight_std,face_eyeLookDownRight_max,face_eyeLookInLeft_mean,face_eyeLookInLeft_std,face_eyeLookInLeft_max,face_eyeLookInRight_mean,face_eyeLookInRight_std,face_eyeLookInRight_max,face_eyeLookOutLeft_mean,face_eyeLookOutLeft_std,face_eyeLookOutLeft_max,face_eyeLookOutRight_mean,face_eyeLookOutRight_std,face_eyeLookOutRight_max,face_eyeLookUpLeft_mean,face_eyeLookUpLeft_std,face_eyeLookUpLeft_max,face_eyeLookUpRight_mean,face_eyeLookUpRight_std,face_eyeLookUpRight_max,face_eyeSquintLeft_mean,face_eyeSquintLeft_std,face_eyeSquintLeft_max,face_eyeSquintRight_mean,face_eyeSquintRight_std,face_eyeSquintRight_max,face_eyeWideLeft_mean,face_eyeWideLeft_std,face_eyeWideLeft_max,face_eyeWideRight_mean,face_eyeWideRight_std,face_eyeWideRight_max,face_jawForward_mean,face_jawForward_std,face_jawForward_max,face_jawLeft_mean,face_jawLeft_std,face_jawLeft_max,face_jawOpen_mean,face_jawOpen_std,face_jawOpen_max,face_jawRight_mean,face_jawRight_std,face_jawRight_max,face_mouthClose_mean,face_mouthClose_std,face_mouthClose_max,face_mouthDimpleLeft_mean,face_mouthDimpleLeft_std,face_mouthDimpleLeft_max,face_mouthDimpleRight_mean,face_mouthDimpleRight_std,face_mouthDimpleRight_max,face_mouthFrownLeft_mean,face_mouthFrownLeft_std,face_mouthFrownLeft_max,face_mouthFrownRight_mean,face_mouthFrownRight_std,face_mouthFrownRight_max,face_mouthFunnel_mean,face_mouthFunnel_std,face_mouthFunnel_max,face_mouthLeft_mean,face_mouthLeft_std,face_mouthLeft_max,face_mouthLowerDownLeft_mean,face_mouthLowerDownLeft_std,face_mouthLowerDownLeft_max,face_mouthLowerDownRight_mean,face_mouthLowerDownRight_std,face_mouthLowerDownRight_max,face_mouthPressLeft_mean,face_mouthPressLeft_std,face_mouthPressLeft_max,face_mouthPressRight_mean,face_mouthPressRight_std,face_mouthPressRight_max,face_mouthPucker_mean,face_mouthPucker_std,face_mouthPucker_max,face_mouthRight_mean,face_mouthRight_std,face_mouthRight_max,face_mouthRollLower_mean,face_mouthRollLower_std,face_mouthRollLower_max,face_mouthRollUpper_mean,face_mouthRollUpper_std,face_mouthRollUpper_max,face_mouthShrugLower_mean,face_mouthShrugLower_std,face_mouthShrugLower_max,face_mouthShrugUpper_mean,face_mouthShrugUpper_std,face_mouthShrugUpper_max,face_mouthSmileLeft_mean,face_mouthSmileLeft_std,face_mouthSmileLeft_max,face_mouthSmileRight_mean,face_mouthSmileRight_std,face_mouthSmileRight_max,face_mouthStretchLeft_mean,face_mouthStretchLeft_std,face_mouthStretchLeft_max,face_mouthStretchRight_mean,face_mouthStretchRight_std,face_mouthStretchRight_max,face_mouthUpperUpLeft_mean,face_mouthUpperUpLeft_std,face_mouthUpperUpLeft_max,face_mouthUpperUpRight_mean,face_mouthUpperUpRight_std,face_mouthUpperUpRight_max,face_noseSneerLeft_mean,face_noseSneerLeft_std,face_noseSneerLeft_max,face_noseSneerRight_mean,face_noseSneerRight_std,face_noseSneerRight_max,face_smile_mean,face_smile_std,face_smile_max,face_frown_mean,face_frown_std,face_frown_max,face_brow_lowerer_mean,face_brow_lowerer_std,face_brow_lowerer_max,face_brow_inner_raiser_mean,face_brow_inner_raiser_std,face_brow_inner_raiser_max,face_jaw_open_mean,face_jaw_open_std,face_jaw_open_max,face_eye_squint_mean,face_disgust_proxy_mean,face_expressiveness_proxy,face_ear_mean,face_ear_std,face_ear_min,face_mar_mean,face_mar_std,face_mar_max,face_pitch_mean_deg,face_pitch_std_deg,face_yaw_mean_deg,face_yaw_std_deg,face_roll_mean_deg,face_roll_std_deg
Y4-001,4th Year,Lecture / Review,Foreign Language - Japanese,Afternoon,Thrilled,False,Survey entry,4,Pleasant,Positive,3,Moderate,Moderate,Positive-Moderate,Positive/relief word,Excited / Thrilled,9/22/2026,True,Y4-001_Y4_PM_Thrilled.WAV,No,Not flagged,Not flagged,Y4,PM,Thrilled,True,Y4-001_Y4_PM_Thrilled.WAV,0.6734,0.6734,1.0,16000,0.1179,False,True,30,43,2048,141.99,21.34,104.13,163.39,148.54,59.27,0.6977,0.00896,0.03483,0.02764,0.0919,0.00746,0.12134,0.08385,0.02612,0.1748,1412.66,126.99,1566.45,161.27,3031.61,368.72,0.012888,0.007841,20.8054,13.2616,0.3723,0.2949,True,9,-314.1517,49.1372,0.9688,9.0171,-0.1253,3.6351,108.3489,8.7566,0.2778,1.6955,0.0803,1.0713,-7.62,14.9956,-0.4221,3.2814,-0.2906,1.6616,43.4642,17.6508,-0.0069,2.8333,0.0075,1.385,-8.1535,7.5151,-0.321,0.8475,0.0305,0.5868,-5.5899,11.8716,-0.3139,2.6909,-0.1428,1.3662,-20.6816,10.2182,-0.4927,2.325,-0.1171,1.4948,0.733,9.8028,-0.3483,2.2284,0.037,1.4274,-12.3763,7.8985,0.0487,1.721,0.1343,1.0409,1.9071,8.2118,-0.1656,1.6594,0.0022,0.7256,-12.9336,5.5147,-0.3027,1.0905,0.059,0.74,-2.3004,5.4553,0.122,1.118,0.0928,0.9255,-8.0813,7.7863,0.0742,1.6358,0.1303,1.4001,Y4-001_Y4_PM_Thrilled.mov,30.0,20,20,0.6667,1920,1080,20,1.0,True,2D pixel coordinates,VIDEO,0.0,0.0,0.0,0.1122,0.0511,0.1921,0.0854,0.0212,0.1297,0.0044,0.001,0.0064,0.0575,0.0221,0.1166,0.079,0.0217,0.1226,0.0003,0.0002,0.0006,0.0,0.0,0.0,0.0,0.0,0.0,0.4081,0.1404,0.5789,0.3343,0.1392,0.5564,0.5315,0.0567,0.6379,0.5199,0.0501,0.6141,0.3659,0.2362,0.6354,0.0293,0.0418,0.148,0.0296,0.0361,0.1383,0.3694,0.2442,0.6533,0.0131,0.0021,0.0167,0.0093,0.0013,0.0118,0.5589,0.0561,0.6434,0.4082,0.0826,0.5274,0.0023,0.0012,0.0045,0.002,0.0018,0.0064,0.0008,0.0007,0.0021,0.0003,0.0001,0.0004,0.0081,0.0062,0.0233,0.0003,0.0002,0.0007,0.0003,0.0002,0.0008,0.011,0.003,0.0195,0.0059,0.0014,0.0079,0.0036,0.0047,0.0167,0.0036,0.0047,0.017,0.0041,0.0029,0.0098,0.0009,0.0007,0.002,0.0473,0.0538,0.1781,0.108,0.1222,0.3799,0.1039,0.0438,0.2327,0.0919,0.0267,0.136,0.0049,0.0027,0.0114,0.0007,0.0005,0.002,0.0147,0.0063,0.0273,0.0141,0.0056,0.0244,0.0293,0.0414,0.1744,0.0328,0.021,0.0766,0.7361,0.0287,0.7836,0.7444,0.0588,0.8278,0.0174,0.0113,0.0486,0.0684,0.0202,0.1058,0.3409,0.1749,0.5923,0.3643,0.196,0.6379,0.0,0.0,0.0,0.0,0.0,0.0,0.7403,0.0416,0.8057,0.0036,0.0047,0.0169,0.0988,0.0356,0.1609,0.0044,0.001,0.0064,0.0081,0.0062,0.0233,0.4835,0.1763,0.0393,0.2685,0.0384,0.2164,0.1414,0.0466,0.2168,-1.96,3.72,-8.45,4.74,0.43,2.03
Y4-002,4th Year,Lecture / Review,Foreign Language - Japanese,Afternoon,Lutang,False,Survey entry,4,Pleasant,Positive,3,Moderate,Moderate,Positive-Moderate,Fatigue-related word,Spaced out / Floating,9/22/2026,True,Y4-002_Y4_PM_Lutang.WAV,No,Not flagged,Not flagged,Y4,PM,Lutang,True,Y4-002_Y4_PM_Lutang.WAV,0.7895,0.7895,1.0,16000,0.1274,False,True,38,50,2048,143.13,14.81,119.61,169.15,150.26,49.54,0.76,0.01709,0.02295,0.01438,0.06353,0.00543,0.1653,0.09605,0.03245,0.1709,1513.05,245.31,1665.81,227.71,3406.88,641.14,0.020499,0.014349,20.4963,13.7342,0.448,0.3024,True,9,-327.3002,49.1792,-1.4302,8.5942,-1.4922,6.4264,106.3857,15.4945,-0.004,3.3188,0.09,1.2669,-6.4743,21.2193,-0.2964,4.1975,0.2216,2.5621,28.2056,5.9976,-0.3166,1.1835,0.0511,0.7944,-13.0332,12.3148,-0.2557,2.2356,0.2165,1.1628,8.1874,5.0521,-0.2349,0.9377,0.1956,0.7127,-11.3507,9.36,0.0533,1.6028,-0.0647,1.1001,5.7436,12.3238,0.0527,2.3901,0.0293,1.6084,-7.1965,6.1824,0.0549,1.2627,-0.0041,0.8592,5.5388,7.1589,-0.1905,1.6817,-0.0676,0.927,-9.9951,5.485,0.0484,1.1009,-0.0556,0.602,1.534,4.7029,0.1813,0.7513,0.0226,0.4418,-10.003,7.5393,0.2678,1.4002,0.0285,0.823,Y4-002_Y4_PM_Lutang.mov,30.0,23,23,0.7667,1920,1080,23,1.0,True,2D pixel coordinates,VIDEO,0.0,0.0,0.0,0.0438,0.0215,0.0979,0.056,0.0209,0.1007,0.0325,0.0083,0.0572,0.05,0.0171,0.0837,0.0127,0.0048,0.0337,0.0004,0.0002,0.0007,0.0,0.0,0.0,0.0,0.0,0.0,0.1695,0.0162,0.2269,0.1072,0.0186,0.1471,0.2418,0.0453,0.3226,0.2351,0.0443,0.3087,0.2416,0.2245,0.8353,0.0274,0.0144,0.0512,0.0305,0.0154,0.0558,0.2377,0.224,0.8305,0.0523,0.0186,0.1209,0.0512,0.0191,0.1204,0.4185,0.0752,0.6579,0.4599,0.055,0.5912,0.0065,0.001,0.0081,0.0057,0.0018,0.0104,0.0032,0.0017,0.005,0.0206,0.0089,0.0367,0.0891,0.0535,0.2501,0.0,0.0,0.0001,0.0011,0.0007,0.0032,0.0203,0.0117,0.049,0.004,0.0011,0.0068,0.0004,0.0003,0.001,0.0006,0.0005,0.0018,0.0544,0.0448,0.1627,0.0037,0.0034,0.0124,0.3249,0.1715,0.4893,0.4106,0.2175,0.6054,0.0163,0.0079,0.0306,0.0299,0.0173,0.073,0.0402,0.0574,0.2085,0.0001,0.0001,0.0004,0.0041,0.0013,0.0062,0.0076,0.0064,0.0263,0.0011,0.0008,0.0027,0.0154,0.0061,0.0278,0.1679,0.1628,0.5341,0.1365,0.1297,0.4476,0.0067,0.0055,0.0156,0.0795,0.0627,0.2396,0.3522,0.2548,0.677,0.2827,0.2009,0.5592,0.0,0.0,0.0,0.0,0.0,0.0,0.1522,0.1457,0.4908,0.0005,0.0004,0.0014,0.0499,0.021,0.0993,0.0325,0.0083,0.0572,0.0891,0.0535,0.2501,0.4392,0.1587,0.0438,0.3263,0.0127,0.2883,0.3313,0.0551,0.4176,-3.4,1.24,6.12,1.21,-2.06,1.42
Y4-003,4th Year,Lecture / Review,Foreign Language - Japanese,Afternoon,Confused,False,Survey entry,3,Neutral,Neutral,4,High,High,Neutral-High,Stress-related word,Confused / Perplexed,9/22/2026,True,Y4-003_Y4_PM_Libog.WAV,No,Not flagged,Not flagged,Y4,PM,Libog,True,Y4-003_Y4_PM_Libog.WAV,0.6734,0.6734,1.0,16000,0.1464,False,True,37,43,2048,111.92,31.22,56.45,132.72,128.94,76.27,0.8605,0.00641,0.02859,0.01871,0.06563,0.00603,0.14486,0.07601,0.03474,0.19238,1368.23,313.92,1617.0,230.65,3073.4,871.9,0.015971,0.01436,20.2753,13.6424,0.4054,0.2991,True,9,-334.0291,27.4512,-0.2847,3.8769,-0.6586,1.9037,108.4596,19.3686,0.1467,4.2196,-0.1089,1.9874,5.7384,9.1974,-0.0592,1.7503,-0.2354,1.0384,43.0727,10.9018,0.1499,2.3401,-0.0265,1.0354,-9.0531,8.0047,-0.0558,1.5638,-0.0421,0.9176,1.8791,6.4901,0.0786,1.0747,-0.0124,0.7424,-11.3048,5.1833,-0.1725,1.144,0.1369,0.7195,6.692,7.211,0.2218,1.2496,-0.0531,0.921,-9.7718,4.8646,0.0547,0.8385,0.0475,0.6443,4.2601,6.086,-0.047,1.0542,-0.118,0.7534,-11.6155,7.4676,0.0324,1.3979,0.0426,0.9092,0.1336,8.024,0.1638,1.4612,0.0928,1.1424,-9.6362,5.5817,0.1255,1.1506,0.1075,0.7649,Y4-003_Y4_PM_Libog.mov,30.0,20,20,0.6667,1920,1080,20,1.0,True,2D pixel coordinates,VIDEO,0.0,0.0,0.0,0.028,0.0098,0.0567,0.0313,0.0078,0.0448,0.0024,0.0015,0.0064,0.0919,0.0181,0.1468,0.0593,0.01,0.0895,0.0,0.0,0.0001,0.0,0.0,0.0,0.0,0.0,0.0,0.2276,0.1053,0.5471,0.2543,0.0984,0.546,0.2495,0.1665,0.5771,0.2341,0.15,0.5689,0.3203,0.2966,0.7146,0.0995,0.147,0.4538,0.1035,0.151,0.4631,0.3027,0.2792,0.6839,0.0757,0.0659,0.211,0.0612,0.0592,0.1847,0.4949,0.078,0.6816,0.3249,0.0674,0.4774,0.0037,0.0012,0.0055,0.0015,0.0007,0.0026,0.0002,0.0002,0.0005,0.0005,0.0002,0.0009,0.0136,0.0179,0.0642,0.0002,0.0001,0.0007,0.0011,0.0004,0.0021,0.0187,0.0079,0.0369,0.021,0.0047,0.0318,0.0,0.0,0.0001,0.0,0.0,0.0001,0.0118,0.0135,0.0428,0.0002,0.0001,0.0003,0.0067,0.0111,0.0436,0.0086,0.0141,0.0516,0.0487,0.013,0.0767,0.0487,0.0197,0.0931,0.0322,0.024,0.1024,0.0153,0.0115,0.049,0.0036,0.0018,0.0064,0.0046,0.0013,0.0068,0.0035,0.0028,0.0112,0.0138,0.0087,0.0343,0.0071,0.0083,0.0255,0.0089,0.01,0.0313,0.0006,0.0005,0.0023,0.0015,0.0011,0.0049,0.0031,0.0062,0.026,0.004,0.0076,0.0316,0.0,0.0,0.0,0.0,0.0,0.0,0.008,0.0091,0.0273,0.0,0.0,0.0001,0.0296,0.0085,0.0508,0.0024,0.0015,0.0064,0.0136,0.0179,0.0642,0.4099,0.0018,0.0365,0.3226,0.0345,0.2215,0.0804,0.0547,0.1896,9.48,3.56,-3.27,1.8,1.71,0.32
Y4-004,4th Year,Lecture / Review,Foreign Language - Japanese,Afternoon,Okay,False,Survey entry,4,Pleasant,Positive,3,Moderate,Moderate,Positive-Moderate,Neutral/ambivalent word,Okay / Fine,9/22/2026,True,Y4-004_Y4_PM_Okay.WAV,No,Not flagged,Not flagged,Y4,PM,Okay,True,Y4-004_Y4_PM_Okay.WAV,0.6734,0.6734,1.0,16000,0.1042,False,True,32,43,2048,152.27,5.98,140.61,161.51,153.33,20.91,0.7442,0.00891,0.02796,0.02193,0.08499,0.00644,0.20629,0.08878,0.02905,0.16211,1453.22,256.82,1610.1,215.06,3129.72,757.47,0.018986,0.015413,20.621,13.3272,0.4412,0.3069,True,9,-333.9695,33.602,-0.6045,6.6694,-1.6231,4.0963,106.6663,16.1133,-0.3852,2.9823,-0.5701,2.4458,-2.1876,6.984,-0.0596,1.3554,0.0595,0.6856,34.8787,19.7355,-0.0357,3.1146,0.2011,1.2013,-13.1895,8.3266,-0.1348,1.735,0.5333,1.6026,-2.8182,9.2811,0.0697,1.7904,0.0984,0.8566,-17.9597,8.9118,0.3837,1.7198,0.0185,0.7911,6.3274,6.0905,0.4322,0.8932,0.1044,0.762,-15.6207,9.8425,0.3155,1.6598,0.0744,0.7848,0.4658,8.6813,0.1209,1.5764,0.1051,1.3188,-2.8097,5.7078,-0.2189,1.1111,-0.1711,0.728,3.1729,7.9601,-0.2111,1.158,-0.1674,0.794,-3.3507,6.0802,-0.4331,1.0138,-0.0322,0.8057,Y4-004_Y4_PM_Okay.mov,30.0,20,20,0.6667,1920,1080,20,1.0,True,2D pixel coordinates,VIDEO,0.0,0.0,0.0,0.3869,0.1019,0.5539,0.248,0.1201,0.437,0.009,0.008,0.0244,0.0021,0.0004,0.0034,0.01,0.005,0.0203,0.0005,0.0003,0.0009,0.0,0.0,0.0,0.0,0.0,0.0,0.1987,0.0285,0.2488,0.2005,0.0446,0.2791,0.0743,0.0237,0.1251,0.1031,0.0305,0.1707,0.38,0.2623,0.6419,0.0408,0.0572,0.1545,0.066,0.09,0.2395,0.4013,0.2528,0.6631,0.1877,0.0597,0.2833,0.1586,0.0535,0.2403,0.7822,0.0371,0.8344,0.5333,0.0501,0.5911,0.0038,0.0004,0.0045,0.0035,0.001,0.0053,0.004,0.0017,0.0062,0.0021,0.0006,0.0035,0.0891,0.0398,0.1305,0.0003,0.0001,0.0005,0.001,0.0003,0.0016,0.0026,0.0017,0.0087,0.0023,0.0007,0.0034,0.0018,0.0013,0.0038,0.0015,0.001,0.0033,0.0358,0.0067,0.0452,0.0004,0.0,0.0005,0.3133,0.161,0.5516,0.4421,0.2253,0.7073,0.0122,0.0046,0.0203,0.0126,0.0043,0.0206,0.0232,0.0165,0.0681,0.0004,0.0001,0.0006,0.0012,0.0005,0.0021,0.0052,0.0021,0.009,0.0004,0.0002,0.0007,0.0054,0.001,0.0069,0.6355,0.2145,0.9016,0.5941,0.2123,0.8627,0.1524,0.0803,0.289,0.2161,0.1015,0.3509,0.2803,0.1977,0.5717,0.2871,0.2002,0.5674,0.0,0.0,0.0,0.0,0.0,0.0,0.6148,0.2132,0.8821,0.0017,0.0011,0.0036,0.3174,0.1102,0.4939,0.009,0.008,0.0244,0.0891,0.0398,0.1305,0.6578,0.1418,0.052,0.3095,0.0099,0.2914,0.1889,0.0506,0.2596,8.48,3.96,-1.84,1.02,-0.6,0.25
Y4-005,4th Year,Lecture / Review,Foreign Language - Japanese,Afternoon,Great,False,Survey entry,4,Pleasant,Positive,4,High,High,Positive-High,Positive/relief word,Smooth / Orderly,9/22/2026,True,Y4-005_Y4_PM_Hapsay.WAV,No,Not flagged,Not flagged,Y4,PM,Hapsay,True,Y4-005_Y4_PM_Hapsay.WAV,0.7431,0.7431,1.0,16000,0.1937,False,False,0,47,2048,,,,,,,0.0,,0.02725,0.01329,0.05242,0.0059,0.08217,0.11837,0.0739,0.37109,1591.51,564.74,1601.02,332.61,3162.23,1133.46,0.025307,0.03005,21.2087,13.3488,0.3965,0.2904,True,9,-297.8811,26.7154,-0.9319,4.3526,-0.512,1.9489,108.8722,24.2862,1.0126,4.077,0.7544,3.4098,-12.863,20.3084,-0.8129,3.1513,-0.626,2.7196,18.7269,9.1956,0.2386,2.0359,0.0785,1.4198,-13.0287,9.4738,0.0803,2.2123,0.1204,1.2267,0.2532,7.248,0.0051,1.4058,0.1495,1.1136,-18.7342,10.3269,0.1156,1.5824,-0.0139,1.1941,1.7795,8.3523,-0.2091,1.9871,0.0175,1.1905,-12.1681,6.5107,0.1368,1.6046,0.1465,0.6518,11.2978,5.3572,-0.1704,0.9472,0.0566,0.8406,-6.0043,6.3114,-0.0367,1.3217,0.2239,1.1137,1.6674,4.4132,0.1126,0.7669,-0.1118,0.7902,-10.8354,3.6357,0.0258,0.5772,0.0276,0.3876,Y4-005_Y4_PM_Hapsay.mov,30.0,22,22,0.7333,1920,1080,22,1.0,True,2D pixel coordinates,VIDEO,0.0,0.0,0.0,0.23,0.0687,0.2999,0.1302,0.0452,0.2168,0.0448,0.0467,0.2262,0.012,0.0059,0.0353,0.0257,0.0082,0.0388,0.0001,0.0001,0.0003,0.0,0.0,0.0,0.0,0.0,0.0,0.2791,0.0405,0.3613,0.222,0.0236,0.2726,0.4335,0.0411,0.5133,0.4375,0.0474,0.524,0.4637,0.1165,0.5683,0.0093,0.0158,0.0783,0.0116,0.0121,0.0634,0.4649,0.1206,0.5722,0.0195,0.0049,0.0301,0.0156,0.0043,0.0252,0.4387,0.0516,0.5278,0.34,0.0559,0.4471,0.0028,0.0007,0.0042,0.0035,0.0008,0.0049,0.0006,0.0006,0.002,0.0002,0.0001,0.0003,0.0017,0.0021,0.0064,0.0001,0.0001,0.0004,0.0001,0.0001,0.0002,0.0071,0.0034,0.0151,0.0054,0.0031,0.0173,0.0013,0.0012,0.005,0.0009,0.0007,0.0031,0.0118,0.0106,0.035,0.003,0.0017,0.0068,0.0664,0.1107,0.311,0.0845,0.1382,0.3971,0.0269,0.0069,0.0413,0.0274,0.0112,0.0618,0.0413,0.0127,0.0697,0.0003,0.0004,0.0018,0.0029,0.0025,0.0094,0.001,0.0006,0.0025,0.0159,0.0114,0.0322,0.0544,0.0209,0.0858,0.7222,0.1466,0.8511,0.7234,0.1253,0.8346,0.0191,0.0157,0.0609,0.0146,0.0083,0.0316,0.3624,0.2496,0.7884,0.3864,0.2864,0.87,0.0,0.0,0.0,0.0,0.0,0.0,0.7228,0.135,0.8272,0.0011,0.001,0.004,0.1801,0.0542,0.2583,0.0448,0.0467,0.2262,0.0017,0.0021,0.0064,0.3893,0.1872,0.0362,0.3012,0.0103,0.283,0.147,0.0771,0.2846,-6.32,1.94,-12.81,4.97,7.17,1.0
Y4-006,4th Year,Lecture / Review,Foreign Language - Japanese,Afternoon,Kapuliki,False,Survey entry,3,Neutral,Neutral,3,Moderate,Moderate,Neutral-Moderate,Stress-related word,Overwhelmed / Frantic,9/23/2026,True,Y4-006_Y4_PM_Kapuliki.WAV,No,Not flagged,Not flagged,Y4,PM,Kapuliki,True,Y4-006_Y4_PM_Kapuliki.WAV,0.7199,0.7199,1.0,16000,0.1357,False,True,35,45,2048,170.54,5.8,161.51,182.34,172.11,20.83,0.7778,0.00842,0.02162,0.01304,0.05242,0.00534,0.17016,0.1077,0.0315,0.18652,1603.87,288.18,1663.13,198.29,3440.62,711.23,0.02708,0.019962,20.3537,13.3811,0.4572,0.3001,True,9,-330.4096,28.6307,-0.7861,4.2053,-1.4648,4.8842,99.6888,15.9453,-0.4277,2.4347,-0.4768,2.5795,-7.3707,8.9368,0.2459,1.6246,0.0633,1.3747,32.5187,18.7082,0.1999,3.2115,0.1138,2.0079,-16.8701,9.1674,0.3032,1.5468,0.1617,1.77,1.5448,7.8437,-0.0415,1.1818,-0.0923,0.8251,-10.0133,7.2918,-0.28,1.3712,-0.059,1.4426,2.4982,11.147,0.3894,2.2627,0.211,1.5383,-10.2682,8.9619,0.1873,1.661,0.2381,1.2978,9.0873,8.4537,-0.2645,1.9293,0.1468,1.1009,-8.3926,6.6941,-0.3046,1.2214,0.0164,0.8084,3.9619,6.9224,-0.1526,0.9633,-0.211,1.2269,-5.8561,6.6165,-0.118,1.3339,-0.1391,0.7852,Y4-006_Y4_PM_Kapuliki.mov,30.0,21,21,0.7,1920,1080,21,1.0,True,2D pixel coordinates,VIDEO,0.0,0.0,0.0,0.0013,0.0007,0.0026,0.0022,0.0019,0.0077,0.3111,0.0975,0.6199,0.4202,0.0649,0.5318,0.2023,0.07,0.4372,0.0002,0.0001,0.0004,0.0,0.0,0.0,0.0,0.0,0.0,0.2137,0.0781,0.4726,0.2403,0.0891,0.5198,0.263,0.064,0.4665,0.2626,0.0548,0.4419,0.0927,0.0308,0.1453,0.0598,0.0238,0.1229,0.055,0.0209,0.1144,0.0933,0.0256,0.1306,0.0451,0.0129,0.0705,0.0359,0.0088,0.0486,0.4279,0.0939,0.5895,0.3644,0.0589,0.5136,0.0045,0.0015,0.0062,0.0025,0.0013,0.0056,0.0019,0.0015,0.0042,0.006,0.0041,0.012,0.126,0.0948,0.3241,0.0001,0.0001,0.0002,0.0021,0.0012,0.0049,0.0012,0.0004,0.0023,0.0013,0.0006,0.0028,0.0037,0.0042,0.0209,0.0049,0.0074,0.0365,0.0684,0.0386,0.1305,0.0012,0.0012,0.0045,0.1367,0.122,0.3518,0.1809,0.1687,0.5089,0.0044,0.0019,0.0073,0.0075,0.0028,0.0131,0.146,0.1692,0.6876,0.0005,0.0005,0.0016,0.0023,0.0019,0.0092,0.0016,0.0008,0.0035,0.0028,0.0064,0.029,0.0122,0.005,0.0279,0.1393,0.2178,0.6231,0.1529,0.2396,0.6937,0.049,0.0437,0.1224,0.1535,0.1132,0.3192,0.3038,0.3346,0.8041,0.3156,0.3589,0.8783,0.0,0.0,0.0,0.0,0.0,0.0,0.1461,0.2286,0.6584,0.0043,0.0058,0.0287,0.0017,0.0013,0.0051,0.3111,0.0975,0.6199,0.126,0.0948,0.3241,0.3961,0.1549,0.0527,0.3309,0.0306,0.2394,0.224,0.0983,0.3101,0.78,2.3,3.71,2.12,4.27,0.78
Y4-007,4th Year,Prelim Exam,Graph Theory,Morning,Huwaasa,False,Survey entry,4,Pleasant,Positive,4,High,High,Positive-High,Positive/relief word,Relieved,9/29/2026,True,Y4-007_Y4_AM_Nahuwasan.WAV,No,Not flagged,Not flagged,Y4,AM,Nahuwasan,True,Y4-007_Y4_AM_Nahuwasan.WAV,1.2771,1.2771,1.0,16000,0.2346,False,False,0,80,2048,,,,,,,0.0,,0.05243,0.0213,0.11605,0.0229,0.07469,0.1316,0.04378,0.2832,1526.73,360.3,1396.75,234.07,2966.6,727.83,0.022371,0.027907,20.3969,13.3138,0.4725,0.2788,True,9,-213.2249,30.1038,-0.1988,4.0081,-0.1196,1.5114,116.2515,22.2209,0.0268,4.5006,-0.0109,2.1641,-42.1395,13.8973,0.0543,3.2926,-0.0321,1.9157,17.5325,10.1219,-0.0752,2.1415,-0.1838,1.0927,-26.5908,9.2542,-0.1895,1.7054,0.0115,0.8436,0.5494,8.3018,-0.0536,1.3197,-0.0462,0.6492,-15.779,9.3779,0.1126,1.5369,-0.0123,0.9386,0.042,7.1965,-0.0584,1.2691,0.0901,0.8519,-9.9518,8.1137,-0.0747,1.1168,0.0474,0.799,2.7532,9.1708,0.0022,1.67,0.0661,1.2676,-11.9928,6.5386,0.1206,1.2167,0.1461,0.9445,0.2545,5.4694,0.1837,0.9115,0.073,0.7583,-10.3855,6.453,-0.02,0.9463,-0.0102,0.59,Y4-007_Y4_AM_Nahuwasan.mov,30.0,38,38,1.2667,1920,1080,38,1.0,True,2D pixel coordinates,VIDEO,0.0,0.0,0.0,0.0239,0.0105,0.0403,0.0344,0.012,0.0554,0.0987,0.0355,0.191,0.0865,0.0344,0.154,0.0452,0.0137,0.0883,0.0,0.0,0.0001,0.0,0.0,0.0,0.0,0.0,0.0,0.2184,0.0407,0.3564,0.228,0.0546,0.3402,0.4515,0.0529,0.5726,0.4344,0.0551,0.5648,0.0297,0.005,0.0385,0.2166,0.0277,0.2616,0.2138,0.0356,0.2799,0.0092,0.0026,0.0166,0.0171,0.0043,0.0273,0.0132,0.0034,0.0213,0.2568,0.0255,0.3183,0.2406,0.0251,0.2879,0.0043,0.0011,0.0058,0.003,0.001,0.006,0.0009,0.0006,0.0022,0.0012,0.0007,0.0031,0.0028,0.0025,0.0096,0.0,0.0,0.0001,0.0001,0.0,0.0002,0.0054,0.0022,0.0119,0.0096,0.0069,0.0317,0.0002,0.0003,0.0007,0.0002,0.0002,0.0005,0.0393,0.0259,0.1273,0.0019,0.0009,0.0044,0.0651,0.0792,0.3041,0.0631,0.07,0.2555,0.0164,0.0075,0.0406,0.0208,0.0124,0.0447,0.125,0.1477,0.6579,0.0005,0.0002,0.001,0.0005,0.0002,0.0009,0.0012,0.0007,0.0032,0.0009,0.0008,0.0022,0.0213,0.01,0.0356,0.241,0.2218,0.5782,0.2194,0.2019,0.5128,0.0145,0.0144,0.038,0.0078,0.008,0.0222,0.1661,0.1445,0.4285,0.2144,0.1869,0.5122,0.0,0.0,0.0,0.0,0.0,0.0,0.2302,0.2118,0.5455,0.0002,0.0002,0.0006,0.0291,0.0111,0.0478,0.0987,0.0355,0.191,0.0028,0.0025,0.0096,0.2487,0.0951,0.0305,0.3384,0.0148,0.3039,0.1648,0.0426,0.2479,-5.95,2.0,-2.67,1.24,-1.16,1.23
Y4-008,4th Year,Prelim Exam,Graph Theory,Morning,Chuy,False,Survey entry,2,Unpleasant,Negative,3,Moderate,Moderate,Negative-Moderate,Positive/relief word,Cool / Chill,9/29/2026,True,Y4-008_Y4_AM_Chuy.WAV,No,Not flagged,Not flagged,Y4,AM,Chuy,True,Y4-008_Y4_AM_Chuy.WAV,1.0217,1.0217,1.0,16000,0.2407,False,False,0,64,2048,,,,,,,0.0,,0.04966,0.0204,0.11689,0.02392,0.07405,0.13925,0.02941,0.24023,1713.56,244.98,1623.68,150.28,3631.35,491.54,0.026407,0.01666,20.5417,13.2904,0.4637,0.2646,True,9,-210.4627,25.4241,-0.1166,4.0425,-0.6073,2.2932,99.3089,13.2845,0.2992,2.4474,0.1549,1.7084,-18.9705,11.0609,-0.3304,2.5069,0.1041,1.1908,32.3438,11.4346,-0.0809,1.9963,0.0058,0.9028,-32.6351,8.8748,-0.0137,1.2487,-0.0017,0.6826,7.7531,5.3588,-0.0675,1.1612,-0.0302,0.7002,-18.6862,5.9026,0.0076,1.0266,-0.0747,0.8322,-0.1473,6.0717,-0.0237,1.0936,-0.027,0.5905,-11.5204,8.6363,-0.0156,1.9621,-0.046,1.1044,2.6818,6.1393,-0.1564,1.1834,0.0189,0.7863,-11.8655,5.7348,-0.0406,1.0462,-0.1238,0.7205,4.196,5.995,-0.0721,0.8126,-0.0392,0.5844,-8.357,5.3236,0.0762,1.0335,0.0717,0.7085,Y4-008_Y4_AM_Chuy.mov,30.0,30,30,1.0,1920,1080,30,1.0,True,2D pixel coordinates,VIDEO,0.0,0.0,0.0,0.0146,0.0055,0.028,0.0171,0.0089,0.0358,0.028,0.04,0.1379,0.1662,0.0653,0.2968,0.1123,0.068,0.2725,0.0,0.0,0.0001,0.0,0.0,0.0,0.0,0.0,0.0,0.2523,0.0703,0.4193,0.1829,0.0881,0.4501,0.2537,0.1301,0.5256,0.2699,0.117,0.5165,0.2203,0.1473,0.4458,0.0422,0.0528,0.2084,0.0576,0.0571,0.2178,0.2147,0.1284,0.4139,0.0543,0.0251,0.0982,0.05,0.0245,0.0898,0.573,0.083,0.7453,0.5005,0.0437,0.6045,0.0037,0.0017,0.0084,0.0032,0.0014,0.0061,0.0002,0.0001,0.0004,0.0024,0.0013,0.0053,0.0385,0.0215,0.0925,0.0006,0.0006,0.003,0.0011,0.0007,0.0031,0.0115,0.0086,0.0318,0.0049,0.0028,0.0108,0.0,0.0001,0.0003,0.0,0.0001,0.0004,0.0258,0.0176,0.0754,0.0004,0.0005,0.002,0.0177,0.008,0.0333,0.0353,0.0249,0.0802,0.0123,0.0058,0.0257,0.0064,0.004,0.0187,0.1108,0.0785,0.2807,0.0057,0.0047,0.0174,0.0037,0.0011,0.0073,0.0169,0.0082,0.0313,0.0004,0.0004,0.002,0.0043,0.0027,0.0105,0.0002,0.0002,0.001,0.0002,0.0003,0.0015,0.0004,0.0004,0.0016,0.0008,0.0007,0.0026,0.0008,0.0006,0.0031,0.0009,0.0008,0.0041,0.0,0.0,0.0,0.0,0.0,0.0,0.0002,0.0003,0.0013,0.0,0.0001,0.0004,0.0159,0.0064,0.0312,0.028,0.04,0.1379,0.0385,0.0215,0.0925,0.5368,0.0004,0.026,0.3013,0.0288,0.2252,0.1649,0.0232,0.1957,-2.13,1.71,1.66,11.39,7.18,4.96
Y4-009,4th Year,Prelim Exam,Graph Theory,Morning,Kaguol,False,Survey entry,2,Unpleasant,Negative,3,Moderate,Moderate,Negative-Moderate,Stress-related word,Grieving / Gloomy,9/29/2026,True,Y4-009_Y4_AM_Gakaguol.WAV,No,Not flagged,Not flagged,Y4,AM,Gakaguol,True,Y4-009_Y4_AM_Gakaguol.WAV,1.2539,1.2539,1.0,16000,0.1203,False,True,38,79,2048,183.91,17.53,154.22,202.32,190.97,48.1,0.481,0.00671,0.05104,0.03236,0.12434,0.01149,0.13207,0.10642,0.03577,0.23438,1497.5,257.66,1529.07,162.18,3176.62,672.66,0.016615,0.011341,20.8077,13.4467,0.4139,0.2912,True,9,-248.83,34.1052,-0.1572,6.1587,-0.6727,3.4063,110.4667,15.1295,-0.0612,2.4517,-0.0359,1.1614,-18.0951,9.6791,-0.2484,2.2063,-0.1135,1.5156,25.0164,11.6969,-0.1011,1.8837,-0.0765,1.2619,-26.7382,8.8168,-0.1823,1.3683,0.1377,0.9284,3.5913,8.813,0.0112,1.616,0.0171,0.9574,-24.8107,12.2931,-0.0933,2.5272,-0.0213,1.4596,4.7098,5.2509,-0.0699,0.9871,0.0238,0.6103,-16.8504,8.7836,0.2268,1.8587,0.0007,1.0432,-0.7681,6.6238,0.1044,1.2557,-0.0392,0.8251,-4.3491,6.9374,-0.0533,1.1477,0.0377,0.6519,-0.2346,6.738,0.1245,1.2149,-0.0056,0.8641,-9.5906,6.2117,0.1598,1.4194,0.0249,0.8601,Y4-009_Y4_AM_Gakaguol.mov,30.0,37,37,1.2333,1920,1080,37,1.0,True,2D pixel coordinates,VIDEO,0.0,0.0,0.0,0.0527,0.0153,0.0871,0.0543,0.0165,0.0925,0.0117,0.0148,0.0909,0.0469,0.0107,0.0691,0.0287,0.0076,0.0512,0.0001,0.0001,0.0003,0.0,0.0,0.0,0.0,0.0,0.0,0.2722,0.0253,0.3213,0.2496,0.0274,0.3135,0.2531,0.0475,0.3333,0.2389,0.0449,0.3261,0.1388,0.0442,0.2326,0.0357,0.0169,0.0944,0.0471,0.015,0.0972,0.132,0.0334,0.1997,0.0463,0.0108,0.0731,0.0443,0.0093,0.0662,0.352,0.0423,0.4562,0.4647,0.0335,0.5315,0.0023,0.0003,0.003,0.0014,0.0003,0.0021,0.0005,0.0004,0.0013,0.0024,0.001,0.0056,0.0575,0.0877,0.3271,0.0,0.0001,0.0003,0.0026,0.002,0.0076,0.0153,0.0042,0.0269,0.0025,0.0018,0.0075,0.0006,0.0009,0.0055,0.001,0.0013,0.0083,0.0298,0.0298,0.1208,0.0017,0.0009,0.0033,0.0129,0.0188,0.0661,0.0272,0.0423,0.1541,0.0555,0.0188,0.076,0.025,0.0128,0.0532,0.0131,0.0067,0.0388,0.0003,0.0002,0.0008,0.0021,0.0005,0.0035,0.0022,0.0013,0.0071,0.0025,0.0016,0.0053,0.0343,0.0139,0.0526,0.0818,0.0495,0.1952,0.0624,0.0451,0.1746,0.0082,0.0044,0.0206,0.0275,0.0274,0.1076,0.0771,0.0615,0.2532,0.0731,0.0593,0.2716,0.0,0.0,0.0,0.0,0.0,0.0,0.0721,0.0471,0.1849,0.0008,0.0011,0.0069,0.0535,0.0154,0.0896,0.0117,0.0148,0.0909,0.0575,0.0877,0.3271,0.4083,0.0375,0.0175,0.3219,0.0107,0.3048,0.1637,0.0715,0.3519,-2.79,1.47,5.57,1.08,5.44,1.44
Y4-010,4th Year,Prelim Exam,Graph Theory,Morning,Hapsay,False,Survey entry,3,Neutral,Neutral,5,Very High,High,Neutral-High,Positive/relief word,Smooth / Orderly,9/29/2026,True,Y4-010_Y4_AM_Hapsay.WAV,No,Not flagged,Not flagged,Y4,AM,Hapsay,True,Y4-010_Y4_AM_Hapsay.WAV,0.8359,0.8359,1.0,16000,0.2361,False,False,0,53,2048,,,,,,,0.0,,0.05891,0.0434,0.18782,0.02656,0.11803,0.15037,0.11583,0.54688,1884.01,770.93,1702.91,216.45,3747.05,1010.21,0.035869,0.032828,20.0645,13.6017,0.489,0.2734,True,9,-208.4571,47.3133,0.7002,7.0639,0.1549,2.0017,92.865,28.9238,-1.0016,7.4547,0.0198,3.0568,-10.1707,22.95,0.4578,6.0872,0.1103,2.7531,13.6978,11.3664,-0.0014,2.6688,-0.1171,1.5166,-16.0499,5.7242,0.2772,1.0259,-0.0529,0.8183,-1.0133,8.698,0.0836,1.6082,0.0899,0.7571,-25.1345,12.8193,-0.2115,2.0604,0.0762,0.7617,2.0619,9.9743,0.1313,1.5526,0.1852,1.1462,-5.6226,5.7248,0.1095,1.1036,0.0345,0.8201,0.9137,5.4813,-0.1787,1.0668,-0.0477,0.7137,-4.1975,6.9652,-0.2351,0.9174,0.0514,0.6615,0.5734,6.3099,0.0616,1.1585,-0.0838,0.7507,-12.9467,6.7512,0.0725,0.8885,0.0151,0.9467,Y4-010_Y4_AM_Hapsay.mov,30.0,25,25,0.8333,1920,1080,25,1.0,True,2D pixel coordinates,VIDEO,0.0,0.0,0.0,0.0631,0.0406,0.1178,0.06,0.0299,0.1047,0.0447,0.0265,0.1246,0.0434,0.0454,0.2065,0.0183,0.0235,0.1174,0.0002,0.0002,0.0004,0.0,0.0,0.0,0.0,0.0,0.0,0.4089,0.1516,0.7256,0.3787,0.1497,0.6865,0.5386,0.1653,0.8207,0.5025,0.1657,0.8001,0.1444,0.0537,0.2343,0.0474,0.029,0.1054,0.0446,0.0229,0.0947,0.1221,0.0457,0.1974,0.0196,0.0102,0.0419,0.015,0.009,0.0347,0.4938,0.0879,0.666,0.5285,0.0976,0.7348,0.0021,0.0009,0.0041,0.0007,0.0004,0.0017,0.0006,0.0007,0.0019,0.0064,0.0054,0.0173,0.0854,0.0969,0.2407,0.0,0.0,0.0001,0.006,0.0047,0.0149,0.0312,0.0355,0.1404,0.0601,0.049,0.2053,0.0001,0.0001,0.0003,0.0001,0.0001,0.0002,0.0084,0.0098,0.0399,0.0008,0.0008,0.0029,0.0335,0.0437,0.1364,0.0461,0.0598,0.1772,0.0493,0.014,0.0727,0.0987,0.0258,0.1427,0.0185,0.0401,0.1679,0.0013,0.0007,0.0032,0.0045,0.0012,0.0089,0.0177,0.0135,0.0402,0.0081,0.0119,0.0351,0.002,0.0008,0.0039,0.0485,0.0577,0.1886,0.0642,0.0773,0.2466,0.0023,0.0019,0.0051,0.0022,0.0016,0.0057,0.0235,0.0319,0.0852,0.0355,0.0487,0.1329,0.0,0.0,0.0,0.0,0.0,0.0,0.0564,0.0675,0.2176,0.0001,0.0001,0.0003,0.0615,0.035,0.1077,0.0447,0.0265,0.1246,0.0854,0.0969,0.2407,0.5111,0.0148,0.0344,0.2685,0.0474,0.1875,0.1233,0.1148,0.2924,-3.29,1.66,5.56,0.45,-1.72,1.64
Y4-011,4th Year,Prelim Exam,Graph Theory,Morning,Kapoy,False,Survey entry,3,Neutral,Neutral,2,Low,Low,Neutral-Low,Fatigue-related word,Tired / Exhausted,9/29/2026,True,Y4-011_Y4_AM_Kapoy.WAV,No,Not flagged,Not flagged,Y4,AM,Kapoy,True,Y4-011_Y4_AM_Kapoy.WAV,1.0449,1.0449,1.0,16000,0.1767,False,True,53,66,2048,154.08,15.4,131.19,175.12,154.22,43.93,0.803,0.00743,0.07889,0.03762,0.16706,0.01951,0.13328,0.12602,0.03693,0.27051,1555.13,287.62,1465.14,194.06,3071.26,617.62,0.017767,0.017728,21.9884,13.1057,0.3865,0.2947,True,9,-199.6902,28.8209,-0.3981,6.1802,-0.7173,3.5068,107.9244,17.515,0.2564,4.2508,-0.1167,2.22,-30.7708,15.3673,-0.0896,3.5377,0.177,1.7205,23.8847,14.4672,-0.1199,2.8582,0.1038,1.5773,-25.6198,12.4423,-0.2737,2.9313,0.1824,1.3,-1.3843,8.1078,-0.151,1.6052,-0.1339,1.3569,-21.1757,8.6983,0.246,1.7125,0.052,1.0253,-8.7006,9.548,0.0833,1.9369,0.1241,1.2196,-16.2251,8.4978,0.1385,1.8397,0.0695,1.2083,8.4293,7.6494,-0.2615,1.4641,-0.227,0.9946,-4.8553,7.86,-0.1959,1.378,-0.0254,0.7404,2.7893,6.6964,0.2785,1.4585,0.0211,0.9428,-17.7401,8.1554,-0.0303,1.7558,0.0048,1.1027,Y4-011_Y4_AM_Kapoy.mov,30.0,31,31,1.0333,1920,1080,31,1.0,True,2D pixel coordinates,VIDEO,0.0,0.0,0.0,0.0962,0.0557,0.1758,0.0502,0.0281,0.0912,0.1257,0.0357,0.2246,0.0173,0.0149,0.0769,0.0131,0.0087,0.0434,0.0001,0.0001,0.0004,0.0,0.0,0.0,0.0,0.0,0.0,0.2289,0.0214,0.275,0.1557,0.0251,0.2124,0.1641,0.0676,0.3285,0.1619,0.0657,0.3061,0.0951,0.0671,0.2535,0.0948,0.042,0.156,0.0807,0.0387,0.1436,0.0873,0.0649,0.2391,0.0895,0.0279,0.1337,0.1122,0.0445,0.1825,0.5677,0.0453,0.6493,0.6278,0.0581,0.6906,0.0039,0.0006,0.0052,0.0036,0.001,0.0056,0.0024,0.0012,0.004,0.0084,0.0049,0.0238,0.0352,0.0563,0.2453,0.0,0.0,0.0001,0.0008,0.0007,0.0039,0.0025,0.0024,0.0114,0.0022,0.0013,0.0056,0.0003,0.0002,0.0009,0.0003,0.0002,0.0009,0.1673,0.0963,0.4164,0.0041,0.0036,0.0159,0.1511,0.1198,0.468,0.1698,0.1469,0.5694,0.0042,0.0033,0.0149,0.0075,0.0061,0.029,0.2197,0.076,0.3536,0.0001,0.0001,0.0005,0.0005,0.0002,0.0012,0.0011,0.0008,0.0035,0.0008,0.0018,0.0091,0.0081,0.0033,0.0205,0.4676,0.1775,0.6585,0.44,0.1758,0.6382,0.016,0.0063,0.0332,0.0311,0.0147,0.0535,0.4418,0.2596,0.6876,0.4166,0.239,0.6547,0.0,0.0,0.0,0.0,0.0,0.0,0.4538,0.1759,0.6333,0.0003,0.0002,0.0009,0.0732,0.0415,0.1314,0.1257,0.0357,0.2246,0.0352,0.0563,0.2453,0.5978,0.2146,0.0406,0.3186,0.0084,0.2983,0.2234,0.1014,0.4065,-0.31,1.57,4.97,0.44,-2.0,1.2
Y4-012,4th Year,Prelim Exam,Graph Theory,Morning,Okay,False,Survey entry,5,Very Pleasant,Positive,5,Very High,High,Positive-High,Neutral/ambivalent word,Okay / Fine,9/29/2026,True,Y4-012_Y4_AM_Okay.WAV,No,Not flagged,Not flagged,Y4,AM,Okay,True,Y4-012_Y4_AM_Okay.WAV,1.1378,1.1378,1.0,16000,0.3049,False,False,0,72,2048,,,,,,,0.0,,0.04334,0.01766,0.08557,0.01922,0.07372,0.12031,0.01676,0.15527,1535.38,124.23,1513.1,67.53,3305.99,229.24,0.017649,0.006807,20.6177,13.4204,0.4929,0.2537,True,9,-234.1384,27.3915,-0.7846,2.957,-0.4392,1.8037,110.2455,7.796,-0.1809,1.452,-0.2237,0.835,-23.3021,6.0464,-0.1096,0.8949,0.0473,0.6183,31.006,11.517,0.4153,1.8202,-0.0023,0.807,-35.9592,7.5357,0.2352,1.0858,0.1289,0.6692,0.4682,7.8681,0.0133,1.5902,-0.0537,0.7842,-14.5782,5.7326,-0.056,0.9537,-0.0099,0.6425,-7.1338,7.8714,0.106,1.3409,0.0603,0.8291,-4.8623,5.9787,-0.1884,0.9346,0.0217,0.6286,0.6509,5.2758,-0.1826,0.9986,-0.0801,0.6958,-10.1576,5.5505,-0.1498,1.2666,-0.095,0.725,-5.2335,5.127,0.074,0.5625,-0.0772,0.556,-18.4021,5.6238,0.0214,0.7368,0.1041,0.6605,Y4-012_Y4_AM_Okay.mov,30.0,34,34,1.1333,1920,1080,34,1.0,True,2D pixel coordinates,VIDEO,0.0,0.0,0.0,0.1329,0.0775,0.2252,0.1016,0.0632,0.1835,0.0459,0.1035,0.3389,0.0835,0.1457,0.4334,0.0559,0.0696,0.2268,0.0,0.0,0.0,0.0,0.0,0.0,0.0,0.0,0.0,0.2499,0.0257,0.2807,0.1818,0.0278,0.2188,0.3545,0.0493,0.4971,0.3382,0.0491,0.4799,0.1583,0.0465,0.2282,0.037,0.0183,0.0807,0.0336,0.0147,0.0665,0.1451,0.0478,0.2079,0.0279,0.0062,0.0396,0.0263,0.0058,0.0364,0.3422,0.0281,0.3786,0.3857,0.0246,0.4275,0.0039,0.0011,0.0065,0.0025,0.0014,0.0067,0.0002,0.0001,0.0006,0.0043,0.0036,0.0126,0.0095,0.009,0.0376,0.0,0.0,0.0002,0.0021,0.0014,0.0067,0.1476,0.0688,0.2864,0.0295,0.0187,0.0713,0.0,0.0,0.0,0.0,0.0,0.0,0.0857,0.0971,0.3079,0.0211,0.0112,0.0467,0.0016,0.0016,0.0049,0.002,0.0019,0.0072,0.0443,0.0407,0.1413,0.0295,0.0212,0.0673,0.2887,0.2856,0.9595,0.0002,0.0002,0.0009,0.0026,0.0017,0.0079,0.0164,0.0346,0.166,0.0024,0.0033,0.0115,0.0037,0.0016,0.0069,0.0372,0.0514,0.1551,0.025,0.035,0.1198,0.0004,0.0005,0.0015,0.0012,0.0014,0.0042,0.0027,0.0037,0.0131,0.0023,0.0033,0.0116,0.0,0.0,0.0,0.0,0.0,0.0,0.0311,0.043,0.1364,0.0,0.0,0.0,0.1173,0.0702,0.2027,0.0459,0.1035,0.3389,0.0095,0.009,0.0376,0.3639,0.0013,0.0289,0.33,0.0088,0.3223,0.0945,0.0585,0.1857,-3.37,0.3,3.11,0.68,1.4,0.33
Y4-013,4th Year,Prelim Exam,Graph Theory,Morning,Kapoy,False,Survey entry,3,Neutral,Neutral,2,Low,Low,Neutral-Low,Fatigue-related word,Tired / Exhausted,9/29/2026,True,Y4-013_Y4_AM_Kapoy.WAV,No,Not flagged,Not flagged,Y4,AM,Kapoy,True,Y4-013_Y4_AM_Kapoy.WAV,1.2771,1.2771,1.0,16000,0.0,False,True,10,80,2048,52.16,0.86,51.47,53.28,51.47,1.81,0.125,0.00383,0.05473,0.02756,0.13345,0.0,0.08675,0.12744,0.0388,0.30859,1611.17,284.31,1543.32,181.85,3435.74,546.31,0.043154,0.153478,20.317,13.733,0.5144,0.2785,True,9,-225.4328,88.8913,-5.1198,18.097,-2.6391,8.2589,105.5715,20.0103,-0.7664,3.2326,-0.6093,2.3072,-25.6759,16.1499,0.4096,2.6482,0.0543,1.2314,31.8671,11.1767,-0.2175,1.6344,-0.3524,1.3406,-32.908,12.3993,0.5706,2.0053,0.1348,0.8686,7.715,7.4785,0.286,1.1268,-0.0706,1.0185,-17.5095,8.2653,0.2969,1.5408,0.0276,0.9078,-2.2705,6.8193,0.1086,1.1948,-0.1192,0.7677,-8.6117,7.0362,0.0348,1.2269,-0.1417,0.9071,6.4506,6.3509,-0.061,0.9536,-0.0323,0.5265,-6.4349,6.1563,0.0983,1.0892,0.0836,0.7744,-1.3981,4.3153,0.0159,0.6666,-0.0244,0.5986,-14.9205,8.1293,0.2317,1.4443,-0.0636,0.9208,Y4-013_Y4_AM_Kapoy.mov,30.0,38,38,1.2667,1920,1080,38,1.0,True,2D pixel coordinates,VIDEO,0.0,0.0,0.0,0.0212,0.0162,0.0463,0.0157,0.0114,0.0357,0.1137,0.0582,0.2574,0.1291,0.0953,0.3697,0.0428,0.0155,0.0821,0.0001,0.0001,0.0005,0.0,0.0,0.0,0.0,0.0,0.0,0.2559,0.0532,0.3415,0.2576,0.0516,0.3411,0.4808,0.1097,0.6271,0.4499,0.1055,0.5912,0.0239,0.0079,0.0397,0.159,0.0314,0.2227,0.1552,0.033,0.225,0.0271,0.0054,0.04,0.0209,0.0104,0.053,0.0155,0.0097,0.0452,0.3529,0.0392,0.4428,0.3062,0.0386,0.3922,0.0034,0.0008,0.0053,0.002,0.0007,0.004,0.0003,0.0003,0.0011,0.002,0.0032,0.0153,0.0599,0.1288,0.5721,0.0001,0.0001,0.0004,0.0051,0.0082,0.0495,0.0349,0.0738,0.3081,0.0609,0.0832,0.3273,0.0063,0.0066,0.0218,0.0063,0.0067,0.0208,0.0074,0.0094,0.0423,0.0003,0.0003,0.0012,0.0155,0.0243,0.1065,0.0169,0.0277,0.1288,0.0858,0.0641,0.3592,0.153,0.1525,0.6434,0.0089,0.0167,0.086,0.0037,0.0026,0.0135,0.0427,0.075,0.3017,0.0186,0.0307,0.1293,0.1974,0.3197,0.9287,0.0715,0.0748,0.2738,0.3443,0.2958,0.7264,0.3702,0.284,0.733,0.0087,0.0075,0.0226,0.0145,0.0102,0.034,0.1862,0.1803,0.5251,0.2629,0.2412,0.6974,0.0,0.0,0.0,0.0,0.0,0.0,0.3573,0.2893,0.7281,0.0063,0.0066,0.0213,0.0184,0.0137,0.0409,0.1137,0.0582,0.2574,0.0599,0.1288,0.5721,0.3295,0.1123,0.0543,0.3131,0.0158,0.2953,0.1502,0.128,0.5385,-9.69,4.98,0.09,0.37,0.88,0.91
Y4-014,4th Year,Prelim Exam,Graph Theory,Morning,Relibo,False,Survey entry,5,Very Pleasant,Positive,5,Very High,High,Positive-High,Positive/relief word,Relieved,9/29/2026,True,Y4-014_Y4_AM_Relibo.WAV,No,Not flagged,Not flagged,Y4,AM,Relibo,True,Y4-014_Y4_AM_Relibo.WAV,0.6502,0.6502,1.0,16000,0.3422,False,True,34,41,2048,187.69,7.69,174.11,200.0,187.69,25.89,0.8293,0.00826,0.06782,0.0122,0.08868,0.02296,0.06654,0.12255,0.02822,0.19043,1687.3,150.91,1625.15,88.28,3545.35,272.99,0.02026,0.008407,20.6858,13.3704,0.3703,0.2939,True,9,-190.0789,22.8341,-1.3878,3.1867,-0.905,2.6696,92.4312,10.4908,-0.298,2.3419,0.0907,1.2839,-17.1155,8.2682,0.5213,1.6645,0.0775,1.2385,31.1675,13.6544,0.2186,3.0187,-0.0357,1.8535,-27.2728,6.739,-0.041,1.4985,0.0612,0.9841,-6.8476,10.938,0.136,2.499,-0.0924,1.4546,-22.2921,6.8376,0.1838,1.0624,-0.1398,0.7521,-3.6268,7.0939,0.1201,0.9691,-0.1793,0.9752,-13.2865,6.1938,-0.0079,0.9717,-0.1033,0.7747,0.0629,8.5089,-0.3233,1.5328,0.0608,0.8377,-7.6893,7.7221,-0.2068,1.5068,0.1533,0.7076,-9.4913,6.56,-0.0162,1.4415,0.1387,0.9105,-21.8033,6.5542,0.045,1.3901,0.268,1.2627,Y4-014_Y4_AM_Relibo.mov,30.0,19,19,0.6333,1920,1080,19,1.0,True,2D pixel coordinates,VIDEO,0.0,0.0,0.0,0.0276,0.0267,0.083,0.0765,0.0227,0.1244,0.0472,0.0369,0.1619,0.2006,0.1245,0.4392,0.0231,0.0102,0.0559,0.0001,0.0,0.0001,0.0,0.0,0.0,0.0,0.0,0.0,0.093,0.0237,0.1289,0.0926,0.0129,0.1108,0.1036,0.0186,0.1445,0.112,0.018,0.1396,0.0372,0.0115,0.0608,0.0897,0.0265,0.1619,0.1093,0.0298,0.1848,0.0484,0.0097,0.0689,0.0846,0.0238,0.1757,0.0819,0.0214,0.1617,0.3623,0.0442,0.4739,0.4685,0.0354,0.521,0.0071,0.0026,0.0141,0.0053,0.0016,0.0096,0.0002,0.0001,0.0004,0.0013,0.0006,0.0027,0.2662,0.1745,0.5028,0.0014,0.0012,0.0057,0.0264,0.0124,0.0557,0.0224,0.0178,0.063,0.0063,0.0041,0.0134,0.0,0.0001,0.0003,0.0001,0.0001,0.0004,0.0489,0.0339,0.1408,0.0008,0.0012,0.0048,0.0079,0.0074,0.0262,0.014,0.0136,0.0494,0.0226,0.0175,0.0507,0.0167,0.0111,0.0339,0.2421,0.3637,0.9501,0.0059,0.0038,0.0149,0.0041,0.0035,0.0142,0.0197,0.0186,0.0697,0.0016,0.0033,0.0146,0.0038,0.0027,0.012,0.0039,0.0052,0.0173,0.0055,0.0083,0.0289,0.0006,0.0006,0.0022,0.0023,0.0016,0.0058,0.0006,0.0006,0.0017,0.0006,0.0007,0.0022,0.0,0.0,0.0,0.0,0.0,0.0,0.0047,0.0067,0.0231,0.0,0.0001,0.0003,0.0521,0.0228,0.1037,0.0472,0.0369,0.1619,0.2662,0.1745,0.5028,0.4154,0.0003,0.0232,0.3839,0.0048,0.375,0.1996,0.1262,0.3604,5.26,0.69,-0.95,1.11,3.07,2.45
Y4-015,4th Year,Prelim Exam,Graph Theory,Morning,Kulba,False,Survey entry,5,Very Pleasant,Positive,5,Very High,High,Positive-High,Fatigue-related word,Tired / Exhausted,9/29/2026,True,Y4-015_Y4_AM_Kapoy.WAV,No,Not flagged,Not flagged,Y4,AM,Kapoy,True,Y4-015_Y4_AM_Kapoy.WAV,0.9056,0.9056,1.0,16000,0.2713,False,False,0,57,2048,,,,,,,0.0,,0.04569,0.0153,0.0822,0.01808,0.07155,0.14037,0.03288,0.23633,1713.26,197.34,1648.13,138.57,3582.79,373.04,0.027959,0.013972,20.5357,13.637,0.4365,0.2817,True,9,-216.0292,27.2267,-0.2433,4.332,-0.0331,2.0733,97.1945,11.6692,-0.4458,1.9348,-0.1117,1.2283,-20.7922,12.0672,0.1137,2.1237,-0.2151,1.2249,19.0308,7.4469,0.1619,1.4335,-0.1261,0.8329,-26.391,6.8502,0.0005,1.4367,0.117,1.034,-1.3796,6.1371,0.0716,1.0435,-0.0682,0.9687,-19.1354,7.0729,0.0757,1.2551,-0.0942,0.9695,-0.3882,7.9205,0.5388,1.2914,-0.014,0.7066,-8.6437,6.5689,0.2844,1.0491,-0.0695,0.6331,0.9303,5.1884,-0.2549,0.8855,-0.0996,0.5962,-12.6654,6.3943,0.0662,1.2332,0.0087,0.6572,0.1543,4.8932,0.0644,0.9748,0.019,0.8012,-17.495,5.4901,-0.1469,1.1726,0.0697,0.7146,Y4-015_Y4_AM_Kapoy.mov,30.0,27,27,0.9,1920,1080,27,1.0,True,2D pixel coordinates,VIDEO,0.0,0.0,0.0,0.0082,0.0102,0.0375,0.0063,0.0078,0.0316,0.1471,0.1362,0.4903,0.2681,0.1066,0.4625,0.2652,0.1349,0.5705,0.0001,0.0001,0.0003,0.0,0.0,0.0,0.0,0.0,0.0,0.2699,0.1906,0.7698,0.2494,0.1777,0.6957,0.3955,0.2257,0.8023,0.3919,0.2186,0.8036,0.1912,0.1889,0.498,0.1418,0.1413,0.4171,0.1463,0.144,0.4218,0.1831,0.1832,0.4748,0.0364,0.0374,0.1583,0.0311,0.0371,0.1646,0.4574,0.1469,0.7797,0.3918,0.1455,0.7106,0.0034,0.0022,0.0087,0.0038,0.0027,0.0102,0.0002,0.0002,0.0007,0.0018,0.0017,0.007,0.1268,0.1696,0.5945,0.0007,0.0007,0.0034,0.0085,0.0083,0.0372,0.0123,0.0193,0.0913,0.0058,0.0078,0.0351,0.0026,0.0081,0.0419,0.0025,0.0077,0.0397,0.0163,0.0216,0.0752,0.0011,0.001,0.0038,0.0101,0.0157,0.0547,0.0128,0.0184,0.0609,0.0711,0.0519,0.243,0.0248,0.0125,0.0606,0.0257,0.0298,0.1309,0.002,0.0016,0.0065,0.0202,0.046,0.2374,0.0121,0.0106,0.0385,0.0736,0.1301,0.443,0.027,0.0206,0.0742,0.1781,0.2532,0.7286,0.1436,0.1983,0.5525,0.0086,0.0108,0.0443,0.0053,0.0046,0.0228,0.0132,0.0182,0.0682,0.0157,0.0213,0.072,0.0,0.0,0.0,0.0,0.0,0.0,0.1608,0.2255,0.6406,0.0025,0.0079,0.0408,0.0073,0.009,0.0345,0.1471,0.1362,0.4903,0.1268,0.1696,0.5945,0.4246,0.0072,0.064,0.3248,0.0604,0.1804,0.1411,0.1258,0.4236,-2.34,4.84,-9.62,4.33,2.39,0.69
Y4-016,4th Year,Prelim Exam,Graph Theory,Morning,Kapoy,False,Survey entry,3,Neutral,Neutral,3,Moderate,Moderate,Neutral-Moderate,Stress-related word,Nervous / Anxious,9/29/2026,True,Y4-016_Y4_AM_Kulba.WAV,No,Not flagged,Not flagged,Y4,AM,Kulba,True,Y4-016_Y4_AM_Kulba.WAV,0.8824,0.8824,1.0,16000,0.3748,False,False,0,56,2048,,,,,,,0.0,,0.04626,0.01827,0.09047,0.02431,0.08862,0.12448,0.02321,0.20117,1705.43,181.48,1655.4,88.03,3587.05,272.33,0.026093,0.019454,20.9903,13.6899,0.402,0.2958,True,9,-226.9212,24.4748,-0.8782,4.0874,-0.6776,2.503,94.4783,10.1178,0.3373,1.8564,0.0275,1.2198,-16.2003,7.0251,0.2569,1.2611,0.1101,0.7041,26.5805,9.2683,0.4177,1.7049,0.0634,0.9589,-30.3477,9.8036,-0.045,1.8005,0.2719,0.8766,-0.2527,7.99,-0.0546,1.5895,0.0274,1.0869,-18.072,6.6064,-0.126,1.0883,0.0616,0.9119,-4.2926,6.5136,-0.0082,1.0927,0.0924,0.8543,-8.0835,7.956,0.0666,1.5639,0.2369,1.1075,4.3641,6.3013,-0.1613,1.0986,-0.0708,0.8471,-14.003,5.4126,-0.0292,1.0896,0.0495,0.8508,1.947,7.0191,0.0598,1.3822,0.0471,0.9523,-15.3385,8.3791,-0.1678,1.0548,0.0208,0.8718,Y4-016_Y4_AM_Kulba.mov,30.0,26,26,0.8667,1920,1080,26,1.0,True,2D pixel coordinates,VIDEO,0.0,0.0,0.0,0.0264,0.0162,0.0559,0.0115,0.0074,0.0253,0.1761,0.1255,0.5109,0.09,0.0402,0.2536,0.204,0.0876,0.5943,0.0,0.0,0.0001,0.0,0.0,0.0,0.0,0.0,0.0,0.1835,0.0375,0.2657,0.1265,0.0495,0.2207,0.0603,0.0431,0.1409,0.071,0.0505,0.1603,0.0555,0.0728,0.2473,0.2085,0.1423,0.436,0.2168,0.1398,0.4225,0.0648,0.0668,0.2452,0.2292,0.1374,0.5078,0.2067,0.135,0.4737,0.4915,0.055,0.6442,0.3926,0.0653,0.5048,0.0044,0.0008,0.0063,0.0052,0.0035,0.0207,0.0002,0.0001,0.0005,0.0017,0.0008,0.0036,0.089,0.0987,0.3016,0.0012,0.0026,0.0131,0.0124,0.0047,0.0261,0.0066,0.0041,0.0204,0.0004,0.0002,0.0008,0.0002,0.0002,0.0007,0.0002,0.0002,0.0008,0.035,0.0284,0.1083,0.0081,0.0059,0.025,0.0057,0.0111,0.054,0.01,0.0177,0.0823,0.0189,0.0117,0.0524,0.0014,0.0008,0.0032,0.4213,0.2882,0.9111,0.0004,0.0004,0.002,0.0048,0.0026,0.011,0.0032,0.002,0.0084,0.0005,0.0004,0.0011,0.0013,0.0007,0.0033,0.0013,0.002,0.0081,0.0004,0.0006,0.0027,0.0037,0.0035,0.0132,0.0032,0.002,0.0069,0.0001,0.0001,0.0004,0.0,0.0,0.0001,0.0,0.0,0.0,0.0,0.0,0.0,0.0008,0.0013,0.0054,0.0002,0.0002,0.0008,0.0189,0.0117,0.0397,0.1761,0.1255,0.5109,0.089,0.0987,0.3016,0.4421,0.0,0.034,0.3802,0.0127,0.3552,0.08,0.0921,0.2707,3.27,1.0,-14.89,2.98,-4.51,0.71
Y4-017,4th Year,Prelim Exam,Graph Theory,Morning,Gihigugma,False,Survey entry,5,Very Pleasant,Positive,5,Very High,High,Positive-High,Positive/relief word,Loved / Appreciated,9/29/2026,True,Y4-017_Y4_AM_Gihigugma.WAV,No,Not flagged,Not flagged,Y4,AM,Gihigugma,True,Y4-017_Y4_AM_Gihigugma.WAV,1.5557,1.5557,1.0,16000,0.0,False,True,61,98,2048,146.7,10.87,127.46,163.39,151.57,35.94,0.6224,0.00937,0.06065,0.02927,0.13904,0.0,0.0989,0.10182,0.03408,0.24707,1572.82,365.74,1570.91,230.24,3264.83,686.67,0.039941,0.140162,21.2621,13.4087,0.3793,0.2955,True,9,-227.42,81.2826,-4.463,15.4467,-1.8239,6.82,99.4902,21.9281,-0.7279,4.0053,-0.4754,2.3052,-20.5267,9.5115,0.0553,1.7146,0.2531,1.3744,23.5284,12.9176,-0.3688,1.9196,-0.1523,1.1589,-25.8414,11.4022,0.4305,2.1935,0.0864,1.1754,-3.5553,7.2859,0.2564,1.1189,0.053,0.7332,-19.8467,9.0863,0.0733,1.4772,0.1546,0.6445,-0.6567,7.3671,0.1107,1.3726,0.0637,0.9924,-12.5392,8.1627,0.2663,1.1663,-0.0497,0.7883,0.9982,9.2917,0.0356,1.2735,-0.013,0.8642,-10.0334,6.4652,0.1255,0.9575,0.1001,0.7911,-3.7637,5.523,0.0641,0.9168,0.0551,0.6668,-19.7148,7.3713,0.1664,1.2687,0.1041,0.7657,Y4-017_Y4_AM_Gihigugma.mov,30.0,46,46,1.5333,1920,1080,46,1.0,True,2D pixel coordinates,VIDEO,0.0,0.0,0.0,0.2133,0.1652,0.5556,0.18,0.1267,0.4609,0.0143,0.0085,0.03,0.0144,0.0093,0.0346,0.0099,0.0034,0.0187,0.0003,0.0002,0.0006,0.0,0.0,0.0,0.0,0.0,0.0,0.2706,0.0651,0.3823,0.2256,0.0462,0.2943,0.1692,0.0422,0.2743,0.1838,0.0515,0.2934,0.0698,0.0174,0.1118,0.0661,0.0113,0.0872,0.0766,0.01,0.1065,0.0889,0.0261,0.155,0.0901,0.0221,0.1295,0.086,0.0242,0.132,0.6457,0.0925,0.7961,0.634,0.0537,0.7487,0.0034,0.0008,0.0049,0.0026,0.0009,0.0042,0.0017,0.0013,0.0035,0.0006,0.0007,0.0022,0.0342,0.0307,0.0954,0.0002,0.0003,0.0014,0.0012,0.0007,0.0025,0.0056,0.0042,0.0131,0.0102,0.0088,0.0432,0.001,0.0029,0.0145,0.0009,0.0026,0.0129,0.0795,0.0455,0.1379,0.0011,0.0005,0.0027,0.0928,0.0733,0.2067,0.194,0.1547,0.3909,0.0181,0.0143,0.0419,0.0438,0.0512,0.2431,0.1314,0.1295,0.4359,0.0007,0.0004,0.0019,0.0012,0.0012,0.0068,0.0014,0.0009,0.0029,0.0763,0.2308,0.9243,0.0301,0.0584,0.265,0.6795,0.2791,0.9419,0.702,0.2403,0.9326,0.0209,0.0179,0.0677,0.055,0.0543,0.18,0.6264,0.3407,0.95,0.6517,0.2978,0.9241,0.0,0.0,0.0,0.0,0.0,0.0,0.6908,0.2591,0.9371,0.001,0.0027,0.0137,0.1967,0.1458,0.5083,0.0143,0.0085,0.03,0.0342,0.0307,0.0954,0.6399,0.3195,0.0542,0.2898,0.0197,0.2595,0.2047,0.087,0.3174,3.68,2.04,1.51,0.43,-0.43,0.62
Y4-018,4th Year,Prelim Exam,Graph Theory,Morning,Lingaw,False,Survey entry,4,Pleasant,Positive,3,Moderate,Moderate,Positive-Moderate,Positive/relief word,Fun / Enjoyable,9/29/2026,True,Y4-018_Y4_AM_Lingaw.WAV,No,Not flagged,Not flagged,Y4,AM,Lingaw,True,Y4-018_Y4_AM_Lingaw.WAV,0.8359,0.8359,1.0,16000,0.3529,False,False,0,53,2048,,,,,,,0.0,,0.05232,0.03025,0.13104,0.01963,0.08803,0.1046,0.01816,0.13965,1576.04,206.55,1606.85,188.5,3534.2,546.23,0.014722,0.006603,20.9067,13.1733,0.3915,0.2773,True,9,-239.1707,42.8237,0.1107,5.6459,-0.4834,2.2748,105.9919,13.289,0.1872,2.6051,0.1128,1.2182,-11.2968,17.0229,-0.1583,3.6173,-0.026,2.359,32.2893,9.3041,0.0342,1.7989,-0.2654,1.3324,-31.6165,14.4614,0.2469,3.0993,-0.0977,1.3589,5.0684,7.2433,-0.0916,1.6026,-0.0674,0.8682,-18.8459,8.0068,-0.0261,1.6105,-0.086,1.0576,0.4935,5.7858,-0.2635,1.0389,-0.1746,0.8535,-13.8062,7.8151,-0.3528,1.4988,0.0577,1.0996,2.9694,8.8154,-0.2208,1.4042,0.0644,0.9811,-0.5404,7.8305,-0.2855,1.5835,0.1228,0.863,-6.0769,7.8037,-0.1235,1.4091,0.1346,0.975,-22.969,10.4139,-0.0313,1.9109,0.1434,1.0878,Y4-018_Y4_AM_Lingaw.mov,30.0,25,25,0.8333,1920,1080,25,1.0,True,2D pixel coordinates,VIDEO,0.0,0.0,0.0,0.0209,0.0156,0.0608,0.032,0.0198,0.0764,0.0093,0.0046,0.0208,0.1422,0.0564,0.2574,0.0436,0.0215,0.1092,0.0001,0.0001,0.0004,0.0,0.0,0.0,0.0,0.0,0.0,0.2829,0.1102,0.6317,0.2623,0.1119,0.6045,0.3314,0.1357,0.702,0.3221,0.1236,0.6824,0.0829,0.1469,0.4568,0.1595,0.0993,0.3693,0.1535,0.0895,0.3116,0.0825,0.1224,0.3915,0.0364,0.0162,0.0629,0.0306,0.0123,0.0499,0.5185,0.0749,0.6627,0.5322,0.0754,0.7297,0.0022,0.0007,0.0031,0.0017,0.0006,0.0026,0.0004,0.0003,0.0012,0.0011,0.0006,0.0026,0.0125,0.0114,0.0396,0.0,0.0,0.0001,0.0019,0.0014,0.0046,0.0324,0.0136,0.0681,0.0093,0.0044,0.0205,0.0002,0.0001,0.0005,0.0002,0.0002,0.0006,0.0118,0.0051,0.0215,0.0028,0.0016,0.0063,0.008,0.0116,0.0399,0.0134,0.0193,0.0684,0.0504,0.0252,0.099,0.0327,0.0157,0.0723,0.0637,0.1153,0.5447,0.0004,0.0002,0.0013,0.0059,0.0038,0.0138,0.0021,0.0012,0.0059,0.0098,0.0035,0.0186,0.0475,0.0177,0.0859,0.1903,0.1822,0.546,0.1318,0.1284,0.4006,0.0027,0.0017,0.0059,0.0066,0.004,0.0134,0.1795,0.2056,0.5951,0.1808,0.2274,0.66,0.0,0.0,0.0,0.0,0.0,0.0,0.1611,0.155,0.4733,0.0002,0.0002,0.0006,0.0265,0.0176,0.0686,0.0093,0.0046,0.0208,0.0125,0.0114,0.0396,0.5253,0.0901,0.0431,0.2849,0.0314,0.199,0.1459,0.0563,0.2541,6.24,2.16,-2.33,0.71,10.61,2.88
Y4-019,4th Year,Prelim Exam,Graph Theory,Morning,Kaguol,False,Survey entry,3,Neutral,Neutral,3,Moderate,Moderate,Neutral-Moderate,Stress-related word,Sad / Sorrowful,9/29/2026,True,Y4-019_Y4_AM_Kaguol.WAV,No,Not flagged,Not flagged,Y4,AM,Kaguol,True,Y4-019_Y4_AM_Kaguol.WAV,0.7895,0.7895,1.0,16000,0.2366,False,True,41,50,2048,164.36,17.27,133.48,186.61,161.51,53.12,0.82,0.01251,0.0973,0.04203,0.18036,0.02482,0.13926,0.1098,0.02891,0.17871,1444.48,161.06,1374.17,121.38,3013.44,434.59,0.007824,0.005319,22.2766,12.8225,0.4051,0.2846,True,9,-195.1586,39.7445,-1.037,8.1258,-1.649,4.8382,122.0177,10.1398,-0.0254,2.4296,0.1536,1.581,-35.7338,22.7135,-0.0113,5.2923,0.1388,2.558,38.8007,13.8325,-0.695,2.829,0.0279,1.3671,-33.8404,23.3112,-0.044,4.3987,-0.0256,2.3888,5.276,8.1254,0.3496,1.5367,-0.0102,0.8574,-18.3059,14.8672,-0.0123,3.6454,0.25,1.5953,-3.1917,13.0714,-0.5143,2.6402,-0.0579,1.2508,-12.5137,7.3175,-0.0102,1.6213,-0.0428,1.1533,-9.9466,13.3201,0.4239,1.7511,-0.1848,1.1884,0.4449,11.5743,-0.224,1.7396,0.2088,1.0647,-3.2511,7.9394,-0.0146,2.0752,0.1484,0.7243,-11.37,9.5455,-0.2532,2.193,0.0075,1.0887,Y4-019_Y4_AM_Kaguol.mov,30.0,23,23,0.7667,1920,1080,23,1.0,True,2D pixel coordinates,VIDEO,0.0,0.0,0.0,0.0024,0.0021,0.0064,0.0025,0.0029,0.0108,0.3272,0.295,0.8048,0.4215,0.1771,0.7232,0.2781,0.1978,0.6361,0.0001,0.0002,0.0005,0.0,0.0,0.0,0.0,0.0,0.0,0.2655,0.0556,0.3365,0.2407,0.043,0.3059,0.5499,0.1616,0.7671,0.5256,0.1649,0.7571,0.2508,0.2131,0.7099,0.0494,0.0398,0.1152,0.0374,0.0331,0.0996,0.2335,0.216,0.7089,0.0162,0.0104,0.0429,0.0102,0.0075,0.0281,0.3493,0.0803,0.4811,0.2221,0.0761,0.3794,0.0051,0.0019,0.0105,0.002,0.0005,0.0029,0.0004,0.0005,0.0017,0.0017,0.001,0.0035,0.0112,0.0101,0.0392,0.0001,0.0001,0.0004,0.0009,0.0008,0.003,0.0771,0.0438,0.1796,0.0217,0.0093,0.0485,0.0009,0.0012,0.004,0.0016,0.0019,0.0069,0.0484,0.0648,0.2173,0.0069,0.008,0.0232,0.0178,0.0253,0.0811,0.0341,0.0541,0.168,0.0546,0.0502,0.1535,0.0743,0.0685,0.203,0.2827,0.3843,0.9318,0.0007,0.0006,0.0025,0.0181,0.0085,0.0393,0.0051,0.004,0.013,0.0558,0.0591,0.3018,0.0934,0.0472,0.1879,0.0498,0.0742,0.231,0.0383,0.0561,0.1676,0.0011,0.0018,0.0082,0.0037,0.0045,0.0141,0.3029,0.29,0.7644,0.2739,0.269,0.7246,0.0,0.0,0.0,0.0,0.0,0.0,0.0441,0.0651,0.1993,0.0013,0.0016,0.0053,0.0025,0.0024,0.0086,0.3272,0.295,0.8048,0.0112,0.0101,0.0392,0.2857,0.1442,0.0638,0.3293,0.0197,0.2995,0.207,0.0635,0.3057,-11.03,3.9,8.92,5.94,-5.61,0.38
Y4-020,4th Year,Prelim Exam,Graph Theory,Morning,Kulba,False,Survey entry,5,Very Pleasant,Positive,3,Moderate,Moderate,Positive-Moderate,Stress-related word,Nervous / Anxious,9/29/2026,True,Y4-020_Y4_AM_Kulba.WAV,No,Not flagged,Not flagged,Y4,AM,Kulba,True,Y4-020_Y4_AM_Kulba.WAV,0.4412,0.4412,1.0,16000,0.233,False,True,20,28,2048,178.66,4.89,172.11,184.46,180.77,12.35,0.7143,0.00395,0.08804,0.04472,0.15484,0.0274,0.18562,0.08297,0.0271,0.16504,1108.57,137.03,1177.51,146.31,1937.5,361.43,0.005043,0.004535,20.9372,12.6544,0.353,0.3113,True,9,-235.4372,29.942,-1.6099,6.9632,-1.194,5.1051,143.154,10.2949,0.206,2.122,-0.1005,0.9825,-32.5181,12.6969,0.0925,2.7026,0.196,2.1875,10.6008,12.9406,0.1515,2.9182,0.0922,1.8235,-13.1225,12.0487,0.2777,2.8861,0.2015,1.5307,-0.7755,5.6455,-0.1473,1.2225,-0.3321,1.0985,-17.3862,7.994,0.4249,1.4097,-0.1844,0.9977,-6.3875,6.7472,-0.017,1.504,0.0346,0.7682,-23.8139,8.7486,0.0778,2.0267,0.2559,0.9627,1.3093,8.1177,0.0494,1.6421,-0.2802,1.1701,-2.7037,7.8447,-0.4416,1.7821,-0.2209,1.0215,-1.2344,9.08,-0.1966,2.1782,-0.1565,1.3998,-12.3482,7.3897,0.1845,1.9596,-0.1597,1.2618,Y4-020_Y4_AM_Kulba.mov,30.0,13,13,0.4333,1920,1080,13,1.0,True,2D pixel coordinates,VIDEO,0.0,0.0,0.0,0.0101,0.0033,0.0196,0.0307,0.0157,0.0584,0.0849,0.0274,0.1663,0.1149,0.024,0.1533,0.0149,0.0056,0.0248,0.0001,0.0001,0.0002,0.0,0.0,0.0,0.0,0.0,0.0,0.2181,0.0201,0.2514,0.2875,0.0359,0.3789,0.3946,0.0623,0.502,0.3837,0.0493,0.4724,0.0644,0.013,0.0924,0.0805,0.0129,0.1022,0.0823,0.0142,0.1077,0.059,0.0121,0.088,0.0313,0.0086,0.0507,0.0245,0.0066,0.0407,0.4372,0.0455,0.5156,0.4742,0.0732,0.6418,0.0038,0.0005,0.0049,0.0015,0.0004,0.0024,0.0004,0.0003,0.0011,0.0058,0.005,0.0178,0.2183,0.0737,0.3014,0.0002,0.0001,0.0004,0.0462,0.0284,0.115,0.0451,0.0597,0.1504,0.0978,0.0875,0.2646,0.0001,0.0003,0.0011,0.0001,0.0003,0.0012,0.029,0.036,0.0992,0.0003,0.0002,0.0007,0.0212,0.0192,0.0735,0.0185,0.0204,0.0778,0.0472,0.0365,0.162,0.1172,0.0881,0.3849,0.0233,0.0303,0.0958,0.0067,0.0097,0.0353,0.0797,0.2012,0.7676,0.1135,0.1329,0.5599,0.0026,0.0048,0.0173,0.001,0.0007,0.0027,0.0053,0.0076,0.0242,0.0071,0.0084,0.0271,0.0004,0.0003,0.001,0.0005,0.0006,0.0022,0.0028,0.0042,0.0121,0.0039,0.0051,0.0166,0.0,0.0,0.0,0.0,0.0,0.0,0.0062,0.0079,0.0237,0.0001,0.0003,0.0012,0.0204,0.0091,0.039,0.0849,0.0274,0.1663,0.2183,0.0737,0.3014,0.4557,0.0017,0.0248,0.2967,0.0099,0.2765,0.1926,0.0858,0.2998,-8.61,1.36,3.48,0.47,7.11,1.26
Y4-021,4th Year,Quiz,Numerical Analysis,Morning,Ga duha2 sa answer,False,Survey entry,2,Unpleasant,Negative,2,Low,Low,Negative-Low,Stress-related word,Hesitant / In doubt,9/30/2026,True,Y4-021_Y4_AM_Gaduha-duha.WAV,No,Not flagged,Not flagged,Y4,AM,Duha-duha,True,Y4-021_Y4_AM_Gaduha-duha.WAV,0.9056,0.9056,1.0,16000,0.1791,False,True,42,57,2048,306.54,94.34,229.74,486.8,259.37,257.06,0.7368,0.00553,0.12897,0.05155,0.21623,0.02875,0.11952,0.10732,0.02729,0.18066,1503.19,229.23,1406.52,212.83,2976.97,438.7,0.00659,0.008725,23.6903,13.5924,0.319,0.3151,True,9,-185.118,38.3349,0.8113,8.0454,-0.5203,3.8511,103.5132,22.21,0.1421,4.2435,0.1684,2.5345,-33.3993,24.0026,-0.2237,4.5378,0.3485,1.4789,39.3051,22.9291,-0.0043,2.8681,-0.3336,1.6843,-29.5287,9.6132,-0.0273,2.021,-0.0202,1.0446,-18.5565,8.7107,-0.0304,1.9638,0.2915,1.1142,-17.3604,10.838,-0.0714,1.5775,0.0198,1.1076,-13.248,8.1699,0.4938,1.7058,-0.0012,0.9577,-15.2838,9.0385,-0.0762,1.6594,0.1342,0.7455,-11.2775,8.9856,-0.1782,1.6423,-0.0136,0.6828,-10.0555,6.9719,-0.0659,1.1863,-0.0008,0.8547,-10.9275,10.1067,0.2762,2.2675,0.1059,1.05,2.0882,8.631,-0.0222,1.4869,-0.2528,1.1072,Y4-021_Y4_AM_Gaduha-duha.mov,30.0,27,27,0.9,1920,1080,27,1.0,True,2D pixel coordinates,VIDEO,0.0,0.0,0.0,0.0043,0.0024,0.0106,0.0059,0.0033,0.0135,0.1038,0.0931,0.3481,0.3314,0.0962,0.5175,0.2315,0.1106,0.4762,0.0001,0.0001,0.0004,0.0,0.0,0.0,0.0,0.0,0.0,0.2356,0.0738,0.3679,0.173,0.0427,0.2605,0.2998,0.0722,0.4068,0.3004,0.0662,0.4014,0.0587,0.0426,0.1303,0.1114,0.0756,0.2287,0.1118,0.0676,0.2229,0.0593,0.041,0.133,0.0277,0.0079,0.0429,0.0252,0.0081,0.0429,0.3328,0.0556,0.411,0.3513,0.0416,0.412,0.0034,0.0011,0.0052,0.0032,0.0014,0.0064,0.0009,0.0006,0.0023,0.0062,0.007,0.0195,0.0079,0.0084,0.0292,0.0,0.0,0.0,0.0002,0.0002,0.0007,0.0098,0.0045,0.0195,0.0044,0.0022,0.0095,0.0009,0.0013,0.0051,0.001,0.0016,0.0065,0.011,0.0057,0.0243,0.0041,0.0026,0.0099,0.0566,0.0968,0.3274,0.0657,0.1055,0.3512,0.0715,0.0254,0.1465,0.068,0.0412,0.1547,0.0099,0.0042,0.0164,0.0001,0.0001,0.0005,0.0023,0.0019,0.0078,0.0015,0.0014,0.0058,0.0031,0.0043,0.0178,0.033,0.0105,0.053,0.1917,0.1135,0.442,0.1409,0.0966,0.3896,0.0238,0.0155,0.0571,0.0319,0.0264,0.0977,0.1588,0.1553,0.4596,0.1881,0.187,0.5894,0.0,0.0,0.0,0.0,0.0,0.0,0.1663,0.1041,0.4153,0.001,0.0015,0.0058,0.0051,0.0028,0.0121,0.1038,0.0931,0.3481,0.0079,0.0084,0.0292,0.3421,0.0867,0.035,0.3225,0.0187,0.2971,0.1452,0.0623,0.2768,-2.9,3.35,-0.21,3.95,3.29,2.88
Y4-022,4th Year,Quiz,Numerical Analysis,Morning,Ambot,False,Unverified word fill,3,Neutral,Neutral,2,Low,Low,Neutral-Low,Neutral/ambivalent word,I don't know / Ambivalent,9/30/2026,True,Y4-022_Y4_AM_Ambot.WAV,Yes,Unknown,Unknown,Y4,AM,Ambot,True,Y4-022_Y4_AM_Ambot.WAV,1.0217,1.0217,1.0,16000,0.8547,True,True,25,64,2048,269.6,29.25,235.11,324.9,260.87,89.79,0.3906,0.01788,0.05959,0.03605,0.11386,0.00637,0.07774,0.12381,0.04166,0.21289,1590.43,192.74,1474.53,129.94,2939.21,290.74,0.012101,0.011009,22.5139,13.7564,0.3644,0.3027,True,9,-249.0614,70.8548,2.7001,4.9015,-0.2866,2.372,101.4192,12.1249,-0.1477,2.7505,0.1499,2.2154,-37.6903,13.2742,-0.1622,2.2887,0.0555,1.6799,30.1379,10.5604,0.335,2.101,-0.1645,1.421,-19.456,10.8486,-0.28,1.7351,0.0744,0.9485,-25.589,15.7702,-0.3624,1.971,-0.0541,1.4383,-2.2125,8.8627,-0.0017,1.6566,-0.007,1.0389,-2.9094,12.2418,-0.3534,1.3846,0.0334,0.9491,-2.1317,9.6134,-0.375,2.0541,0.1279,1.2418,-6.3952,8.3932,-0.1959,1.4505,0.0431,1.0145,-8.035,8.9095,-0.179,1.8447,0.0115,1.18,-5.253,8.3714,0.422,1.8282,0.0522,1.1046,-8.603,8.3857,0.0001,1.6131,-0.1215,1.2256,Y4-022_Y4_AM_Ambot.mov,30.0,30,30,1.0,1920,1080,30,1.0,True,2D pixel coordinates,VIDEO,0.0,0.0,0.0,0.0024,0.0008,0.0036,0.0023,0.0007,0.0042,0.2241,0.052,0.3322,0.4701,0.0692,0.5992,0.1989,0.0322,0.2468,0.0001,0.0001,0.0002,0.0,0.0,0.0,0.0,0.0,0.0,0.2796,0.0386,0.3384,0.1888,0.0399,0.25,0.4577,0.0431,0.5112,0.4316,0.0409,0.4962,0.0306,0.0275,0.104,0.3444,0.2978,0.8731,0.3447,0.3025,0.8711,0.0321,0.0287,0.1009,0.0182,0.0026,0.0272,0.0163,0.0028,0.0238,0.2958,0.0389,0.3623,0.3213,0.0334,0.3729,0.0048,0.0017,0.0109,0.0035,0.0017,0.0071,0.0013,0.0011,0.0038,0.0008,0.0006,0.0023,0.0031,0.0032,0.0138,0.0,0.0,0.0001,0.0002,0.0001,0.0004,0.0057,0.0034,0.0118,0.0034,0.0011,0.0058,0.001,0.0018,0.0074,0.0014,0.0023,0.009,0.1145,0.0745,0.2259,0.0025,0.0023,0.0073,0.0638,0.0863,0.2639,0.0841,0.131,0.387,0.01,0.0078,0.0243,0.0201,0.0079,0.0379,0.1865,0.0689,0.355,0.0005,0.0002,0.0009,0.0011,0.001,0.0033,0.0009,0.0007,0.0027,0.0044,0.0053,0.0203,0.0214,0.0074,0.0333,0.2794,0.3224,0.7922,0.3042,0.311,0.7981,0.0093,0.0156,0.0737,0.0877,0.1151,0.382,0.4037,0.3055,0.8484,0.4876,0.3423,0.8905,0.0,0.0,0.0,0.0,0.0,0.0,0.2918,0.3164,0.7928,0.0012,0.0021,0.0082,0.0023,0.0006,0.0039,0.2241,0.052,0.3322,0.0031,0.0032,0.0138,0.3086,0.2228,0.0553,0.3196,0.006,0.3117,0.1788,0.1006,0.2936,-7.98,2.03,6.13,1.95,1.08,0.37
Y4-023,4th Year,Quiz,Numerical Analysis,Morning,Kapoy,False,Unverified word fill,3,Neutral,Neutral,2,Low,Low,Neutral-Low,Fatigue-related word,Tired / Exhausted,9/30/2026,True,Y4-023_Y4_AM_Kapoy.WAV,No,Not flagged,Not flagged,Y4,AM,Kapoy,True,Y4-023_Y4_AM_Kapoy.WAV,0.8359,0.8359,1.0,16000,0.3177,False,False,0,53,2048,,,,,,,0.0,,0.05488,0.0388,0.16015,0.0129,0.15696,0.15196,0.0284,0.2373,1798.18,348.21,1577.9,310.16,3312.79,869.71,0.030509,0.039679,21.0067,12.7509,0.421,0.2863,True,9,-229.8113,43.6005,0.9702,9.2009,-0.0015,3.8616,92.2365,22.4562,1.3606,4.4988,-0.0506,2.5754,-28.3306,26.5712,-1.3734,5.0733,0.3077,2.4881,29.6262,14.8771,0.4075,2.939,0.1033,1.5992,-17.4777,9.098,-0.2819,1.8333,-0.1445,1.2034,-20.785,9.2732,0.4877,1.837,-0.1156,1.129,-5.3459,9.3281,0.503,1.8844,0.0534,1.268,2.2932,7.0068,0.353,1.506,0.008,0.8835,-12.7819,8.3852,0.0806,1.2386,-0.0256,1.0403,1.7481,10.2381,-0.0567,2.0968,-0.0398,1.3943,-2.7217,7.1668,0.0587,1.4899,-0.0218,0.9847,-5.6725,8.0949,-0.3691,1.4441,-0.1108,0.9421,-10.5399,7.3846,0.0652,1.3734,-0.1535,0.9925,Y4-023_Y4_AM_Kapoy.mov,30.0,25,25,0.8333,1920,1080,25,1.0,True,2D pixel coordinates,VIDEO,0.0,0.0,0.0,0.0789,0.0408,0.1442,0.0584,0.0326,0.123,0.0264,0.0198,0.081,0.0576,0.0336,0.1602,0.0428,0.0213,0.1096,0.0001,0.0001,0.0003,0.0,0.0,0.0,0.0,0.0,0.0,0.3486,0.0425,0.4316,0.2121,0.0405,0.2872,0.5623,0.0509,0.6145,0.5598,0.064,0.6291,0.0369,0.0285,0.1149,0.1161,0.0628,0.2263,0.1311,0.0659,0.2413,0.0497,0.022,0.1068,0.0106,0.0035,0.0192,0.0087,0.0025,0.0145,0.2865,0.0396,0.3933,0.2629,0.0248,0.3044,0.0024,0.0006,0.0034,0.0032,0.0011,0.0052,0.0005,0.0007,0.0022,0.001,0.0007,0.0024,0.007,0.0095,0.0317,0.0,0.0,0.0001,0.0003,0.0003,0.0013,0.0731,0.07,0.1936,0.0197,0.0078,0.0327,0.0006,0.0008,0.003,0.0007,0.0009,0.0037,0.0107,0.009,0.03,0.0006,0.0003,0.0014,0.0622,0.1128,0.3673,0.0871,0.1583,0.5102,0.1287,0.0596,0.2678,0.0628,0.0314,0.1292,0.0164,0.0163,0.0594,0.003,0.0026,0.0091,0.0054,0.0069,0.0291,0.0031,0.002,0.0097,0.0376,0.0704,0.2589,0.0446,0.0286,0.1127,0.0878,0.1009,0.4572,0.0627,0.064,0.2957,0.0023,0.0022,0.0096,0.0029,0.002,0.0081,0.2368,0.2961,0.7751,0.2388,0.3012,0.7854,0.0,0.0,0.0,0.0,0.0,0.0,0.0752,0.0824,0.3765,0.0007,0.0008,0.0033,0.0686,0.0365,0.1278,0.0264,0.0198,0.081,0.007,0.0095,0.0317,0.2747,0.1189,0.0376,0.3101,0.0083,0.2963,0.1473,0.1159,0.3816,-9.48,2.55,-1.08,0.26,1.52,0.99
Y4-024,4th Year,Quiz,Numerical Analysis,Morning,Okay,False,Unverified word fill,4,Pleasant,Positive,3,Moderate,Moderate,Positive-Moderate,Neutral/ambivalent word,Okay / Fine,9/30/2026,True,Y4-024_Y4_AM_Okay.WAV,Yes,Unknown,Unknown,Y4,AM,Okay,True,Y4-024_Y4_AM_Okay.WAV,0.7199,0.7199,1.0,16000,0.5829,True,False,0,45,2048,,,,,,,0.0,,0.06393,0.03973,0.14261,0.00823,0.11277,0.16161,0.02212,0.20312,1797.82,254.07,1534.05,259.48,3198.26,650.21,0.029974,0.031347,20.4051,12.6403,0.4455,0.2714,True,9,-219.0697,56.0084,3.8414,5.2742,0.1424,3.4765,92.2877,18.6017,0.449,3.2909,-0.3164,1.8546,-27.0971,19.81,-0.5867,3.4217,0.1808,1.4776,46.7069,13.5451,0.3686,2.76,0.0474,1.4793,-14.2497,8.0959,0.1194,1.8584,0.1079,0.7919,-32.022,12.9007,-0.9131,2.1898,0.0688,1.4813,-9.8259,10.7691,-0.2483,1.9708,-0.095,1.2752,2.7181,6.8981,0.1866,1.353,-0.0635,0.8644,-6.7313,5.4196,-0.1089,1.0892,-0.0322,0.758,-3.8741,8.6141,-0.4409,1.8399,-0.2362,1.0611,-6.9819,6.8181,-0.4507,1.3377,0.1908,0.9703,-5.4217,7.1333,-0.331,1.4138,-0.0136,1.0095,-6.7819,4.842,-0.0495,0.9533,-0.1396,0.7696,Y4-024_Y4_AM_Okay.mov,30.0,21,21,0.7,1920,1080,21,1.0,True,2D pixel coordinates,VIDEO,0.0,0.0,0.0,0.0366,0.0212,0.0661,0.0207,0.0102,0.033,0.1197,0.0776,0.4234,0.1952,0.104,0.4807,0.1872,0.0695,0.427,0.0001,0.0001,0.0004,0.0,0.0,0.0,0.0,0.0,0.0,0.1146,0.0141,0.1404,0.0628,0.0192,0.0918,0.2684,0.0784,0.3532,0.287,0.0811,0.3596,0.013,0.0146,0.0435,0.2914,0.1436,0.4448,0.3004,0.1294,0.4342,0.0307,0.0229,0.0762,0.0374,0.0195,0.1109,0.0296,0.0215,0.1094,0.2528,0.0226,0.3083,0.1213,0.0202,0.1601,0.0098,0.0011,0.0126,0.0146,0.0034,0.0244,0.0008,0.0007,0.002,0.0002,0.0001,0.0007,0.0537,0.064,0.2149,0.0025,0.0023,0.008,0.0004,0.0002,0.0007,0.0012,0.0007,0.0026,0.0008,0.0003,0.0013,0.0194,0.0153,0.0653,0.0142,0.01,0.0431,0.0809,0.0476,0.1961,0.0002,0.0003,0.0013,0.0719,0.0817,0.277,0.0898,0.1073,0.3495,0.009,0.0035,0.0162,0.0028,0.0015,0.0053,0.1552,0.1049,0.3344,0.0029,0.0027,0.0097,0.0018,0.0011,0.004,0.0006,0.0005,0.0015,0.007,0.0127,0.0581,0.1017,0.0471,0.1956,0.0451,0.043,0.1246,0.0464,0.0443,0.1251,0.2726,0.215,0.5707,0.1002,0.089,0.2474,0.3462,0.2735,0.6853,0.4435,0.3294,0.787,0.0,0.0,0.0,0.0,0.0,0.0,0.0458,0.0436,0.1248,0.0168,0.0126,0.0542,0.0287,0.0156,0.0496,0.1197,0.0776,0.4234,0.0537,0.064,0.2149,0.1871,0.1974,0.0456,0.3976,0.0165,0.3785,0.2553,0.1103,0.4041,-9.52,1.0,-11.98,0.85,4.04,0.65
Y4-025,4th Year,Quiz,Numerical Analysis,Morning,Kapoy,False,Unverified word fill,2,Unpleasant,Negative,2,Low,Low,Negative-Low,Fatigue-related word,Tired / Exhausted,9/30/2026,True,Y4-025_Y4_AM_Kapoy.WAV,Yes,Unknown,Unknown,Y4,AM,Kapoy,True,Y4-025_Y4_AM_Kapoy.WAV,0.8127,0.8127,1.0,16000,0.7181,True,False,0,51,2048,,,,,,,0.0,,0.06956,0.01712,0.10899,0.04163,0.08894,0.11317,0.02759,0.22168,1657.15,152.86,1655.64,126.41,3329.96,302.94,0.016255,0.00686,21.5137,13.1629,0.3647,0.2919,True,9,-197.8058,25.9299,1.6694,4.9909,-0.4901,3.1608,91.7221,11.3121,0.1092,2.4603,0.0154,1.5236,-15.1043,14.5932,-0.8415,3.327,0.2501,1.9468,25.8121,15.1666,0.2981,2.1641,0.0498,0.9525,-25.43,8.6494,-0.4692,1.7906,0.0267,0.732,-19.5112,8.9393,-0.0041,1.4698,-0.1382,1.1718,-11.6337,6.0212,0.167,1.4064,0.1437,0.7068,-14.8567,9.9798,0.024,1.9426,0.0486,0.9109,-13.4572,7.6116,0.5057,1.1686,-0.0237,0.9156,-4.6262,8.496,0.0992,1.5522,0.2634,1.0277,-3.6337,5.1572,-0.0294,0.9281,0.0317,0.4556,-5.9307,7.0873,-0.0903,1.2838,-0.0855,1.0889,-9.0464,7.3807,-0.5094,1.4111,0.0782,0.7601,Y4-025_Y4_AM_Kapoy.mov,30.0,24,24,0.8,1920,1080,24,1.0,True,2D pixel coordinates,VIDEO,0.0,0.0,0.0,0.0276,0.0085,0.0453,0.0155,0.0048,0.0272,0.0469,0.0251,0.091,0.0815,0.0131,0.1135,0.072,0.0178,0.1237,0.0001,0.0001,0.0003,0.0,0.0,0.0,0.0,0.0,0.0,0.2689,0.0368,0.3768,0.2519,0.0526,0.3932,0.4641,0.0763,0.5813,0.4457,0.0704,0.5615,0.097,0.1384,0.462,0.1152,0.061,0.2491,0.112,0.0647,0.2744,0.0911,0.1338,0.4404,0.0223,0.0062,0.0355,0.0156,0.0048,0.0245,0.3125,0.0278,0.3685,0.2954,0.0443,0.3589,0.0045,0.0011,0.0067,0.0024,0.0008,0.0035,0.001,0.0009,0.0024,0.0025,0.0015,0.0065,0.038,0.06,0.2327,0.0,0.0,0.0002,0.0024,0.0028,0.0125,0.0164,0.0091,0.0453,0.005,0.0036,0.0118,0.0002,0.0002,0.0008,0.0004,0.0003,0.0012,0.1859,0.1755,0.4857,0.0031,0.0042,0.017,0.0326,0.0463,0.1803,0.0491,0.0734,0.2792,0.0143,0.0122,0.0453,0.0091,0.0054,0.023,0.2573,0.2497,0.9582,0.0004,0.0002,0.0009,0.0024,0.0025,0.0108,0.0032,0.006,0.0272,0.0023,0.0037,0.012,0.0093,0.0073,0.035,0.083,0.0944,0.3262,0.0755,0.0859,0.3142,0.0037,0.0033,0.0104,0.0287,0.031,0.1107,0.137,0.1376,0.403,0.1184,0.1202,0.3494,0.0,0.0,0.0,0.0,0.0,0.0,0.0793,0.0899,0.3202,0.0003,0.0003,0.001,0.0216,0.0064,0.0353,0.0469,0.0251,0.091,0.038,0.06,0.2327,0.3039,0.0639,0.037,0.314,0.0112,0.284,0.1885,0.115,0.3593,-8.28,1.42,2.91,0.56,-3.43,0.86
Y4-026,4th Year,Quiz,Numerical Analysis,Morning,Lisod 100%,False,Survey entry,5,Very Pleasant,Positive,5,Very High,High,Positive-High,Stress-related word,Difficult / Challenging,9/30/2026,True,Y4-026_Y4_AM_Lisod.WAV,No,Not flagged,Not flagged,Y4,AM,Lisod,True,Y4-026_Y4_AM_Lisod.WAV,0.9056,0.9056,1.0,16000,0.1393,False,True,43,57,2048,131.13,2.64,125.99,135.82,131.95,9.83,0.7544,0.00707,0.06419,0.03344,0.13669,0.01584,0.12328,0.11842,0.03561,0.21191,1743.91,370.37,1734.2,306.12,3792.49,961.25,0.024102,0.022034,21.9869,13.1951,0.3759,0.2903,True,9,-223.6669,28.8918,-1.4183,4.3148,-0.0475,2.4432,91.8456,19.2913,-0.9894,3.1113,-0.3024,1.7389,-7.6886,16.1706,0.4949,2.3137,0.0589,1.0643,32.4517,12.6266,0.3142,2.7952,-0.0883,1.8513,-22.7965,15.8834,-0.0405,3.2853,0.3201,1.6603,-2.5851,7.557,-0.08,1.5288,-0.0952,0.9918,-22.5031,12.6722,0.6306,2.0187,0.0373,1.0319,-10.532,7.5287,0.2712,1.6676,-0.0347,0.8373,-12.553,8.7302,-0.4063,1.48,-0.0542,1.1775,-0.9065,9.1675,0.1734,1.5714,-0.1089,1.2225,-7.311,4.7637,0.0248,0.7482,-0.0247,0.7343,1.5658,6.3088,0.1053,1.3806,-0.0409,0.7068,-15.2522,5.632,-0.0619,1.1025,-0.0326,0.7374,Y4-026_Y4_AM_Lisod.mov,30.0,27,27,0.9,1920,1080,27,1.0,True,2D pixel coordinates,VIDEO,0.0,0.0,0.0,0.0011,0.0004,0.0019,0.0011,0.0006,0.0024,0.4068,0.0557,0.5445,0.538,0.0596,0.6544,0.4323,0.0956,0.7211,0.0001,0.0001,0.0004,0.0,0.0,0.0,0.0,0.0,0.0,0.4191,0.0721,0.6408,0.363,0.074,0.5719,0.6247,0.0458,0.7368,0.6286,0.0437,0.737,0.0321,0.0113,0.0538,0.1012,0.0425,0.1873,0.1529,0.031,0.2162,0.0732,0.0304,0.1548,0.0085,0.0013,0.0103,0.0064,0.0013,0.008,0.2047,0.0347,0.2747,0.2847,0.0308,0.3302,0.0021,0.0003,0.0026,0.0023,0.0008,0.0034,0.0008,0.0008,0.003,0.0019,0.0037,0.0153,0.0066,0.0085,0.0249,0.0,0.0,0.0002,0.0003,0.0003,0.0009,0.0021,0.0018,0.0076,0.0085,0.0063,0.0268,0.0007,0.0013,0.0064,0.0005,0.0007,0.0034,0.0673,0.0455,0.1389,0.003,0.002,0.0076,0.0659,0.0924,0.3639,0.0657,0.1041,0.4506,0.0106,0.006,0.0206,0.0192,0.0043,0.0307,0.1976,0.1146,0.4319,0.0007,0.0006,0.0023,0.0013,0.0014,0.0043,0.0008,0.0006,0.0017,0.0066,0.0126,0.0678,0.0508,0.0317,0.1501,0.2504,0.2029,0.5513,0.2625,0.1903,0.5301,0.0239,0.0151,0.0597,0.0078,0.005,0.0138,0.2983,0.21,0.6277,0.4786,0.2517,0.8082,0.0,0.0,0.0,0.0,0.0,0.0,0.2564,0.196,0.5384,0.0006,0.001,0.0049,0.0011,0.0005,0.0021,0.4068,0.0557,0.5445,0.0066,0.0085,0.0249,0.2447,0.1942,0.0374,0.2907,0.0209,0.2313,0.1707,0.0993,0.3282,-12.18,1.34,-5.0,1.26,0.02,2.02
Y4-027,4th Year,Quiz,Numerical Analysis,Morning,Kapoy,False,Unverified word fill,2,Unpleasant,Negative,3,Moderate,Moderate,Negative-Moderate,Fatigue-related word,Tired / Exhausted,9/30/2026,True,Y4-027_Y4_AM_Kapoy.WAV,No,Not flagged,Not flagged,Y4,AM,Kapoy,True,Y4-027_Y4_AM_Kapoy.WAV,0.6734,0.6734,1.0,16000,0.3704,False,True,11,43,2048,296.69,1.29,294.51,299.66,296.22,5.15,0.2558,0.00231,0.12357,0.05335,0.26815,0.06046,0.14091,0.12316,0.03169,0.17871,1542.37,349.33,1445.99,312.39,2872.09,897.1,0.013869,0.015381,22.6974,13.3646,0.3582,0.2989,True,9,-173.0998,27.1508,-0.2294,5.7439,-1.2945,3.7965,101.0995,28.314,-0.9952,5.2018,0.6139,2.0552,-37.3485,22.6278,0.2249,4.2278,0.5442,2.8163,10.4749,13.7098,0.2524,2.6034,0.3898,1.7817,-28.5547,11.2733,-0.0696,2.0681,0.0777,1.1248,-14.3478,16.0292,-0.0207,3.9287,0.1513,2.3626,-39.2574,11.6965,0.2893,2.3026,0.4059,1.3445,-26.3342,8.6467,-0.1463,1.8244,0.2502,1.0023,-15.5302,10.5114,-0.2731,2.5526,-0.0278,1.6363,-5.8137,9.882,-0.7806,1.9343,-0.1025,1.1801,-14.0712,10.0208,-0.7756,2.0626,-0.1174,1.0712,-2.5716,8.9272,0.007,1.6718,0.2022,1.2038,-22.7686,5.1485,0.0835,0.989,0.0759,0.8019,Y4-027_Y4_AM_Kapoy.mov,30.0,20,20,0.6667,1920,1080,20,1.0,True,2D pixel coordinates,VIDEO,0.0,0.0,0.0,0.0235,0.012,0.0625,0.0138,0.0064,0.0289,0.0821,0.0348,0.1747,0.1675,0.0472,0.2736,0.2309,0.0541,0.3558,0.0003,0.0003,0.001,0.0,0.0,0.0,0.0,0.0,0.0,0.0704,0.0409,0.1638,0.0199,0.0106,0.0402,0.3037,0.137,0.5462,0.2923,0.1126,0.4907,0.8216,0.187,0.9412,0.0013,0.002,0.0074,0.0021,0.0033,0.0111,0.8203,0.1896,0.9408,0.0308,0.0185,0.0659,0.028,0.017,0.0631,0.1608,0.0339,0.2427,0.0882,0.0348,0.1477,0.0139,0.0047,0.0211,0.0523,0.0279,0.1193,0.0006,0.0004,0.0013,0.0015,0.0012,0.005,0.0311,0.0305,0.0865,0.0005,0.0005,0.0018,0.0008,0.0007,0.0021,0.0779,0.0716,0.2906,0.0651,0.0542,0.1822,0.001,0.002,0.0076,0.0005,0.0011,0.0039,0.0401,0.0444,0.1655,0.0109,0.0111,0.0365,0.11,0.1532,0.4259,0.1037,0.149,0.4372,0.0426,0.0281,0.1204,0.0589,0.0269,0.1199,0.0852,0.073,0.2567,0.0011,0.0016,0.0055,0.0054,0.0072,0.0305,0.005,0.0044,0.0134,0.0241,0.0513,0.1985,0.0354,0.0288,0.111,0.293,0.2368,0.7609,0.3124,0.256,0.8303,0.0132,0.0236,0.0676,0.0026,0.0041,0.0133,0.2166,0.3305,0.9041,0.2208,0.3426,0.9067,0.0,0.0,0.0,0.0,0.0,0.0,0.3027,0.2454,0.7956,0.0008,0.0015,0.0057,0.0187,0.009,0.0457,0.0821,0.0348,0.1747,0.0311,0.0305,0.0865,0.1245,0.1094,0.0559,0.393,0.0154,0.3645,0.1953,0.1286,0.4231,-4.03,2.0,-3.2,2.48,-1.5,2.43
Y4-028,4th Year,Quiz,Numerical Analysis,Morning,Kapoy,False,Unverified word fill,1,Very Unpleasant,Negative,2,Low,Low,Negative-Low,Fatigue-related word,Tired / Exhausted,9/30/2026,True,Y4-028_Y4_AM_Kapoy.WAV,No,Not flagged,Not flagged,Y4,AM,Kapoy,True,Y4-028_Y4_AM_Kapoy.WAV,0.8127,0.8127,1.0,16000,0.3624,False,True,37,51,2048,156.66,25.41,125.27,211.89,156.01,86.63,0.7255,0.01155,0.11739,0.0413,0.21084,0.0593,0.10115,0.09461,0.02809,0.19531,1346.32,173.07,1442.87,165.13,2461.09,589.42,0.007432,0.004141,22.0113,12.964,0.3334,0.3028,True,9,-181.2122,31.7925,0.9032,7.5765,-0.8732,3.6316,114.749,15.7609,-0.5141,2.5474,0.2828,1.5806,-23.0268,16.7072,-0.0804,3.3894,0.1839,1.7885,5.4328,18.9143,0.4266,2.8897,0.1005,1.783,-18.5176,14.8511,0.2847,2.6113,-0.0125,1.2523,-6.4183,9.7432,-0.0251,1.7215,0.0109,0.9869,-37.4016,8.2734,0.2635,1.7159,0.0541,0.9297,-4.5614,8.5083,0.2943,1.5145,-0.034,0.8963,-16.6161,10.857,-0.1085,2.5067,-0.1187,1.4489,0.7562,9.352,0.2403,1.7024,-0.2748,1.3226,-8.3518,8.7186,0.2219,1.566,-0.0463,0.7671,0.6661,5.5059,0.2054,1.0195,0.0452,0.5996,-16.1134,8.6086,0.0202,1.7466,0.2013,1.0625,Y4-028_Y4_AM_Kapoy.mov,30.0,24,24,0.8,1920,1080,24,1.0,True,2D pixel coordinates,VIDEO,0.0,0.0,0.0,0.0343,0.009,0.0494,0.0418,0.0154,0.0744,0.0214,0.0206,0.1125,0.0644,0.0199,0.1311,0.0306,0.0075,0.0497,0.0002,0.0002,0.0007,0.0,0.0,0.0,0.0,0.0,0.0,0.2253,0.0267,0.2715,0.1588,0.0306,0.2227,0.2454,0.0617,0.35,0.2328,0.0493,0.3183,0.1478,0.0288,0.1919,0.0333,0.0062,0.0479,0.0402,0.0085,0.0556,0.138,0.0273,0.1912,0.0513,0.0133,0.0846,0.0478,0.0141,0.0819,0.4987,0.0377,0.5799,0.4945,0.04,0.5586,0.0044,0.0012,0.0072,0.0029,0.001,0.0051,0.0008,0.0005,0.0017,0.0054,0.0028,0.0126,0.1969,0.1469,0.4619,0.0003,0.0003,0.0012,0.0256,0.0267,0.0927,0.1128,0.1176,0.4367,0.0368,0.053,0.2297,0.0,0.0,0.0,0.0,0.0,0.0001,0.0625,0.0895,0.3287,0.0029,0.0021,0.0084,0.0332,0.0371,0.115,0.0626,0.0734,0.2297,0.0598,0.0534,0.2054,0.0412,0.032,0.1618,0.1487,0.2744,0.8412,0.001,0.0008,0.0035,0.0083,0.0149,0.0677,0.0709,0.0746,0.2892,0.0017,0.004,0.0174,0.0023,0.0018,0.0074,0.2976,0.2565,0.7329,0.2597,0.2437,0.7748,0.0009,0.001,0.0034,0.0054,0.0069,0.0197,0.0365,0.0494,0.1321,0.0302,0.0437,0.1385,0.0,0.0,0.0,0.0,0.0,0.0,0.2787,0.2482,0.7539,0.0,0.0,0.0001,0.0381,0.0111,0.0592,0.0214,0.0206,0.1125,0.1969,0.1469,0.4619,0.4966,0.0167,0.039,0.3362,0.0092,0.3207,0.1908,0.1192,0.3924,2.55,2.27,4.07,1.06,-1.19,0.94
Y4-029,4th Year,Quiz,Numerical Analysis,Morning,Pildi,False,Unverified word fill,5,Very Pleasant,Positive,2,Low,Low,Positive-Low,Stress-related word,Defeated / Lost,9/30/2026,True,Y4-029_Y4_AM_Pildi.WAV,No,Not flagged,Not flagged,Y4,AM,Pildi,True,Y4-029_Y4_AM_Pildi.WAV,0.9752,0.9752,1.0,16000,0.1762,False,True,61,61,2048,160.42,24.28,128.19,194.31,156.01,66.11,1.0,0.01003,0.14088,0.04905,0.24118,0.03659,0.11438,0.11684,0.04289,0.2168,1649.89,257.2,1524.98,123.42,3198.0,436.48,0.011154,0.006262,23.1762,13.0766,0.3563,0.3041,True,9,-154.2504,47.145,-0.4621,7.2042,0.1497,5.1215,88.7732,17.5439,-0.5222,3.5198,-0.0788,1.658,-35.0502,21.9243,0.1241,2.7174,-0.4988,2.5453,26.7877,16.8075,0.7189,3.0593,0.2075,1.7925,-24.0332,9.8,-0.0089,1.7959,-0.137,1.2652,-14.8315,9.9089,-0.2678,1.7534,0.0397,1.0039,-32.6069,8.0399,-0.0865,1.6755,0.1396,1.1381,-19.8298,16.0301,0.5125,1.8742,-0.024,1.1658,-20.2581,10.8247,-0.1054,2.0784,0.122,1.3105,-3.6221,7.798,-0.3175,1.6765,0.0881,1.0664,-12.6217,5.906,-0.2344,1.146,0.2221,0.986,-5.0936,5.893,-0.0859,1.3082,0.0122,0.9254,-18.3922,5.4125,-0.1442,1.084,0.015,0.8643,Y4-029_Y4_AM_Pildi.mov,30.0,29,29,0.9667,1920,1080,29,1.0,True,2D pixel coordinates,VIDEO,0.0,0.0,0.0,0.002,0.0007,0.0042,0.0022,0.001,0.0056,0.3575,0.0479,0.4939,0.4003,0.0459,0.5006,0.2942,0.0637,0.4175,0.0005,0.0003,0.0009,0.0,0.0,0.0,0.0,0.0,0.0,0.2836,0.0281,0.3282,0.1848,0.0344,0.2477,0.3767,0.047,0.4579,0.3492,0.0408,0.4071,0.0299,0.0118,0.0625,0.1071,0.0406,0.1743,0.1353,0.0379,0.1947,0.0572,0.0182,0.1049,0.0272,0.0048,0.039,0.0218,0.0057,0.0404,0.3292,0.0506,0.437,0.24,0.0538,0.3151,0.0042,0.0008,0.0056,0.004,0.0016,0.0073,0.002,0.0011,0.0036,0.0014,0.0008,0.0029,0.03,0.0216,0.069,0.0001,0.0001,0.0003,0.0012,0.0005,0.0021,0.0098,0.006,0.0266,0.0062,0.0042,0.0198,0.002,0.0015,0.0063,0.0022,0.0017,0.0076,0.0105,0.0053,0.0194,0.0009,0.0005,0.0021,0.1726,0.1362,0.4138,0.2955,0.2158,0.6285,0.0646,0.0353,0.1573,0.0651,0.0413,0.2069,0.0183,0.0087,0.0283,0.0006,0.0005,0.0025,0.0139,0.0053,0.0247,0.0058,0.0023,0.0091,0.0521,0.1511,0.6258,0.0198,0.0199,0.0864,0.539,0.2469,0.772,0.4974,0.2311,0.6941,0.0191,0.0122,0.0451,0.0476,0.0256,0.1176,0.5934,0.2355,0.7503,0.6154,0.2427,0.7953,0.0,0.0,0.0,0.0,0.0,0.0,0.5182,0.2386,0.7331,0.0021,0.0016,0.007,0.0021,0.0008,0.0049,0.3575,0.0479,0.4939,0.03,0.0216,0.069,0.2846,0.3022,0.0421,0.3341,0.0073,0.3193,0.2216,0.0913,0.3348,-7.12,2.07,-1.7,1.21,-4.53,7.47
Y4-030,4th Year,Quiz,Numerical Analysis,Morning,Kapoy,False,Unverified word fill,2,Unpleasant,Negative,2,Low,Low,Negative-Low,Fatigue-related word,Tired / Exhausted,9/30/2026,True,Y4-030_Y4_AM_Kapoy.WAV,No,Not flagged,Not flagged,Y4,AM,Kapoy,True,Y4-030_Y4_AM_Kapoy.WAV,0.8824,0.8824,1.0,16000,0.2026,False,True,39,56,2048,176.77,43.31,128.19,246.23,146.41,118.03,0.6964,0.0074,0.04083,0.02706,0.12753,0.01332,0.15213,0.10746,0.01952,0.16895,1515.74,170.33,1552.73,195.31,2993.3,607.84,0.015718,0.010767,21.5551,13.4061,0.3818,0.2895,True,9,-269.8028,47.1903,-0.9024,9.0248,-0.5444,4.9121,105.4633,10.6557,0.5248,2.0899,-0.1765,1.4755,-26.4006,19.6384,-0.3092,4.4692,0.0757,2.0634,7.488,17.593,-0.1067,3.0057,-0.0745,1.2365,-21.6958,8.5571,0.2714,1.5271,0.071,1.2014,-12.1268,8.1775,-0.2788,1.3754,0.2217,0.9307,-28.2625,5.7788,0.2645,1.2111,0.0165,0.7156,-0.9693,10.2426,-0.2638,1.8978,0.022,1.1207,-16.976,7.6054,-0.03,1.4757,0.0579,1.0801,-7.169,10.5001,0.2327,1.7655,0.0628,0.7805,-16.1858,4.6229,0.005,0.8876,0.0634,0.5673,0.4369,5.5944,-0.0279,1.1417,-0.0397,0.7924,-19.0665,7.2098,-0.1395,1.4732,-0.0238,0.8173,Y4-030_Y4_AM_Kapoy.mov,30.0,26,26,0.8667,1920,1080,26,1.0,True,2D pixel coordinates,VIDEO,0.0,0.0,0.0,0.0191,0.0052,0.0257,0.0211,0.0059,0.0322,0.0138,0.0175,0.0952,0.1115,0.0479,0.3112,0.1026,0.038,0.2571,0.0002,0.0002,0.0005,0.0,0.0,0.0,0.0,0.0,0.0,0.1741,0.0196,0.22,0.1219,0.0251,0.1969,0.2602,0.0677,0.4953,0.2503,0.0543,0.4515,0.0731,0.0504,0.2902,0.059,0.0165,0.0854,0.0692,0.0171,0.097,0.0769,0.0453,0.2765,0.04,0.0066,0.0503,0.0326,0.0076,0.0455,0.3526,0.0401,0.4195,0.33,0.0269,0.3672,0.0057,0.0007,0.0079,0.0035,0.0009,0.0048,0.0006,0.0004,0.0013,0.0047,0.0024,0.0117,0.0837,0.1103,0.4405,0.0001,0.0001,0.0004,0.009,0.0104,0.0502,0.1514,0.1079,0.3629,0.0148,0.0158,0.0751,0.0,0.0,0.0,0.0,0.0,0.0001,0.0194,0.0158,0.0635,0.0077,0.0043,0.0181,0.022,0.0282,0.1094,0.0386,0.0486,0.1848,0.0923,0.039,0.1812,0.0567,0.0369,0.1511,0.0675,0.1197,0.4923,0.0003,0.0002,0.0006,0.0181,0.0319,0.1469,0.0634,0.0274,0.1171,0.0045,0.0096,0.0404,0.0086,0.0059,0.0182,0.2057,0.2317,0.5991,0.1425,0.157,0.4246,0.0002,0.0002,0.0007,0.0015,0.001,0.0033,0.0894,0.0917,0.2375,0.0652,0.0671,0.1797,0.0,0.0,0.0,0.0,0.0,0.0,0.1741,0.1943,0.5118,0.0,0.0,0.0,0.0201,0.0055,0.0289,0.0138,0.0175,0.0952,0.0837,0.1103,0.4405,0.3413,0.0386,0.0319,0.3551,0.0057,0.336,0.1612,0.1009,0.3938,0.73,0.72,4.81,0.27,2.41,0.44
Y4-031,4th Year,Quiz,Numerical Analysis,Morning,Lisod,False,Unverified word fill,2,Unpleasant,Negative,3,Moderate,Moderate,Negative-Moderate,Stress-related word,Difficult / Challenging,9/30/2026,True,Y4-031_Y4_AM_Lisod.WAV,No,Not flagged,Not flagged,Y4,AM,Lisod,True,Y4-031_Y4_AM_Lisod.WAV,0.7199,0.7199,1.0,16000,0.4619,False,True,14,45,2048,186.08,1.79,181.29,187.69,186.61,6.39,0.3111,0.00402,0.05401,0.013,0.07893,0.03139,0.09269,0.11736,0.08464,0.38281,1520.23,602.13,1553.33,315.83,3059.38,1122.75,0.01987,0.029907,21.485,12.9979,0.3852,0.2888,True,9,-237.6593,30.6199,-0.5566,4.4455,0.3167,2.2012,110.4548,29.177,-1.0022,6.6215,-0.3899,2.531,-10.6088,14.1151,0.4619,3.342,0.2816,1.7414,26.0813,12.5936,0.4202,3.0854,-0.2749,1.6907,-18.175,10.3325,0.6441,1.8849,0.2655,0.9541,-3.8295,8.6088,-0.3149,1.076,0.1802,0.7474,-26.3834,7.7939,0.2328,1.6453,-0.0584,1.0359,-4.3285,10.7637,0.8453,2.3726,-0.0248,1.0549,-17.4688,6.9582,0.2285,1.6553,0.2534,1.1642,4.4485,6.4024,-0.1797,1.0882,0.2168,0.9783,-8.0485,7.0068,-0.3625,0.8991,0.1704,0.66,1.6118,7.4392,0.0181,1.6005,0.0584,0.9225,-16.2923,7.1728,-0.1294,1.1618,0.2909,0.8365,Y4-031_Y4_AM_Lisod.mov,30.0,21,21,0.7,1920,1080,21,1.0,True,2D pixel coordinates,VIDEO,0.0,0.0,0.0,0.1351,0.044,0.264,0.0802,0.0239,0.1677,0.0173,0.0088,0.0356,0.0519,0.0149,0.0861,0.0785,0.0165,0.1067,0.0001,0.0001,0.0002,0.0,0.0,0.0,0.0,0.0,0.0,0.3048,0.1161,0.58,0.1452,0.0645,0.2874,0.4778,0.0854,0.6785,0.4855,0.1117,0.7247,0.0114,0.0124,0.0466,0.2688,0.0936,0.3914,0.2894,0.0934,0.476,0.0296,0.0196,0.0817,0.0113,0.0046,0.0258,0.0149,0.0054,0.0233,0.3,0.0651,0.4423,0.3992,0.0449,0.4879,0.0023,0.0009,0.0047,0.0064,0.0028,0.0118,0.0003,0.0002,0.0007,0.0001,0.0001,0.0002,0.0196,0.0244,0.0595,0.0012,0.0015,0.0041,0.0022,0.0021,0.0057,0.0025,0.0007,0.0039,0.0005,0.0003,0.001,0.0007,0.0005,0.002,0.001,0.0007,0.0029,0.0122,0.0101,0.0328,0.0023,0.0028,0.0095,0.0035,0.0049,0.0144,0.0052,0.0074,0.0228,0.0193,0.0047,0.0321,0.005,0.002,0.009,0.1443,0.0811,0.2865,0.0053,0.0077,0.0242,0.0019,0.0013,0.0049,0.0019,0.002,0.0061,0.0108,0.0148,0.0523,0.0275,0.0073,0.0444,0.454,0.1402,0.7082,0.3779,0.1382,0.6201,0.0298,0.0222,0.0838,0.128,0.0401,0.1888,0.0475,0.0698,0.2137,0.0682,0.1001,0.2897,0.0,0.0,0.0,0.0,0.0,0.0,0.4159,0.132,0.6641,0.0009,0.0006,0.0025,0.1076,0.0315,0.2158,0.0173,0.0088,0.0356,0.0196,0.0244,0.0595,0.3496,0.0289,0.0292,0.3469,0.0243,0.2869,0.0723,0.0692,0.1753,2.34,4.03,-8.34,1.14,1.68,0.6
Y4-032,4th Year,Quiz,Numerical Analysis,Morning,Libog,False,Unverified word fill,3,Neutral,Neutral,4,High,High,Neutral-High,Stress-related word,Confused / Perplexed,9/30/2026,True,Y4-032_Y4_AM_Libog.WAV,Yes,Unknown,Unknown,Y4,AM,Libog,True,Y4-032_Y4_AM_Libog.WAV,0.6502,0.6502,1.0,16000,0.7515,True,True,34,41,2048,183.47,55.27,124.54,247.66,133.1,123.11,0.8293,0.00506,0.0843,0.01555,0.12412,0.05788,0.11177,0.08308,0.03186,0.16113,1249.19,225.81,1290.33,79.76,2476.37,413.65,0.004014,0.003165,23.113,12.7586,0.3372,0.3133,True,9,-230.0093,19.5989,-0.2119,4.0483,0.2154,3.09,125.2707,13.5525,0.2566,2.3346,-0.0464,1.079,-33.6754,11.0131,0.0698,2.2323,0.2813,1.1218,34.1729,25.8267,-1.2824,2.5488,-0.5795,1.6365,-22.3051,9.3541,0.2311,1.9596,0.2776,1.2237,-14.1775,8.2556,0.4534,1.4236,-0.0697,0.9684,-15.8122,9.2441,-0.3337,1.6971,0.0045,0.8413,-7.8004,8.1926,0.4617,1.3313,0.0627,0.6149,-8.5553,8.2932,0.1745,1.8234,-0.0783,0.9208,-2.8858,5.7884,0.1668,1.229,-0.1358,1.0185,-15.022,7.7161,0.4491,1.496,0.0375,1.1479,4.8608,5.6358,-0.101,0.7701,-0.0337,0.6135,-20.3951,6.2667,-0.357,1.4735,0.1043,0.9903,Y4-032_Y4_AM_Libog.mov,30.0,19,19,0.6333,1920,1080,19,1.0,True,2D pixel coordinates,VIDEO,0.0,0.0,0.0,0.0203,0.0072,0.029,0.0125,0.005,0.0186,0.1225,0.0766,0.428,0.1353,0.0777,0.4406,0.1297,0.0802,0.449,0.0,0.0,0.0001,0.0,0.0,0.0,0.0,0.0,0.0,0.2534,0.0471,0.2956,0.2089,0.0549,0.2561,0.2423,0.052,0.2959,0.2685,0.0541,0.3108,0.0758,0.0059,0.0915,0.0386,0.0022,0.0438,0.0632,0.0045,0.0722,0.0958,0.0043,0.1069,0.0376,0.0187,0.1126,0.0319,0.0227,0.1235,0.3721,0.0384,0.4433,0.2924,0.0395,0.4019,0.0032,0.0009,0.0067,0.0022,0.0027,0.0129,0.0001,0.0002,0.0008,0.0017,0.001,0.0033,0.009,0.0088,0.0295,0.0003,0.0008,0.0036,0.0031,0.0023,0.0075,0.0092,0.0115,0.0408,0.0042,0.0019,0.0086,0.0,0.0,0.0,0.0,0.0,0.0,0.0088,0.0096,0.0319,0.0022,0.001,0.004,0.0039,0.0106,0.0447,0.0104,0.0324,0.1415,0.0166,0.015,0.0563,0.0119,0.0036,0.0181,0.3336,0.2328,0.6981,0.0033,0.0016,0.0055,0.0021,0.0007,0.0034,0.0037,0.0017,0.0068,0.0054,0.0042,0.0113,0.0063,0.0041,0.0154,0.0027,0.006,0.024,0.0019,0.0035,0.013,0.0003,0.0002,0.0012,0.001,0.0018,0.0083,0.004,0.0099,0.0336,0.0019,0.0044,0.0159,0.0,0.0,0.0,0.0,0.0,0.0,0.0023,0.0048,0.0185,0.0,0.0,0.0,0.0164,0.0061,0.0227,0.1225,0.0766,0.428,0.009,0.0088,0.0295,0.3323,0.0015,0.0185,0.342,0.0094,0.3351,0.0347,0.0564,0.1723,2.4,0.34,-0.03,0.7,-0.15,0.78
Y4-033,4th Year,Quiz,Numerical Analysis,Morning,Hilom,False,Unverified word fill,3,Neutral,Neutral,5,Very High,High,Neutral-High,Neutral/ambivalent word,Quiet / Silent,9/30/2026,True,Y4-033_Y4_AM_Hilom.WAV,No,Not flagged,Not flagged,Y4,AM,Hilom,True,Y4-033_Y4_AM_Hilom.WAV,0.8127,0.8127,1.0,16000,0.4271,False,True,42,51,2048,191.5,26.24,143.06,227.1,177.15,84.04,0.8235,0.01047,0.10102,0.03931,0.17219,0.04381,0.09945,0.10409,0.04398,0.21094,1515.82,315.15,1413.57,129.96,2910.54,384.52,0.007448,0.007594,23.1617,12.7282,0.2994,0.3209,True,9,-211.9443,25.4417,-0.5695,5.1013,0.2803,2.6145,100.6055,18.29,0.8135,3.1141,-0.0282,1.6391,-31.9155,13.1684,-0.0046,3.0225,-0.002,1.1826,40.987,33.5051,-0.2583,5.2849,0.2055,2.5774,-22.2231,13.2753,-0.8518,1.817,0.0686,1.1265,-14.4659,9.4425,-0.0652,1.774,0.073,1.4244,-12.4803,15.4011,0.3671,2.7809,0.35,1.843,-10.2552,12.8928,-0.3931,2.8368,-0.048,1.2541,-18.4797,6.8151,0.0266,1.4588,0.2475,0.656,4.0552,11.4007,0.1288,2.5083,0.2357,1.6384,-18.1536,10.9538,-0.2065,1.8384,-0.0397,0.8065,0.87,8.1382,0.0079,1.6197,0.129,1.1,-14.8378,7.6703,-0.0443,1.4137,0.074,1.0493,Y4-033_Y4_AM_Hilom.mov,30.0,24,24,0.8,1920,1080,24,1.0,True,2D pixel coordinates,VIDEO,0.0,0.0,0.0,0.0024,0.0021,0.0055,0.0025,0.0031,0.0098,0.4313,0.2525,0.7509,0.381,0.0925,0.5144,0.44,0.1651,0.6522,0.0001,0.0001,0.0004,0.0,0.0,0.0,0.0,0.0,0.0,0.3233,0.1641,0.7533,0.3332,0.1715,0.7534,0.6594,0.0762,0.8292,0.6351,0.0909,0.8379,0.0704,0.0321,0.1394,0.0888,0.0411,0.1742,0.0814,0.0366,0.1584,0.0741,0.033,0.1569,0.011,0.0035,0.021,0.0056,0.0024,0.0121,0.3964,0.1291,0.7443,0.2278,0.1169,0.5286,0.004,0.0015,0.0069,0.003,0.0016,0.0067,0.0005,0.0008,0.0024,0.0002,0.0001,0.0005,0.0022,0.0038,0.0139,0.0004,0.0008,0.0032,0.0001,0.0001,0.0004,0.0234,0.012,0.0725,0.0089,0.0045,0.0193,0.004,0.0034,0.0141,0.0051,0.0042,0.0164,0.0031,0.0047,0.0137,0.0003,0.0002,0.001,0.0199,0.0422,0.1329,0.0456,0.0985,0.3595,0.1992,0.0919,0.351,0.0845,0.0475,0.1873,0.0062,0.0036,0.0161,0.006,0.0056,0.0238,0.0053,0.0028,0.0124,0.0012,0.0012,0.0045,0.3122,0.2402,0.6222,0.0911,0.0437,0.2153,0.2271,0.1631,0.5454,0.2292,0.1667,0.56,0.0115,0.0119,0.0592,0.0546,0.0542,0.229,0.1411,0.2434,0.7194,0.1422,0.2417,0.7198,0.0,0.0,0.0,0.0,0.0,0.0,0.2282,0.1645,0.5527,0.0046,0.0038,0.0152,0.0025,0.0025,0.0075,0.4313,0.2525,0.7509,0.0022,0.0038,0.0139,0.3121,0.0708,0.0559,0.3054,0.0501,0.1839,0.0825,0.0986,0.2729,-13.27,3.15,-10.5,4.93,3.41,2.01
Y4-034,4th Year,Quiz,Numerical Analysis,Morning,Kapoy,False,Unverified word fill,3,Neutral,Neutral,3,Moderate,Moderate,Neutral-Moderate,Fatigue-related word,Tired / Exhausted,9/30/2026,True,Y4-034_Y4_AM_Kapoy.WAV,No,Not flagged,Not flagged,Y4,AM,Kapoy,True,Y4-034_Y4_AM_Kapoy.WAV,0.8359,0.8359,1.0,16000,0.2204,False,True,40,53,2048,180.02,11.19,165.29,202.32,183.4,37.03,0.7547,0.00801,0.08475,0.06033,0.2023,0.02035,0.15713,0.1292,0.07739,0.3418,1652.39,475.27,1440.56,275.9,3056.01,887.39,0.025589,0.036059,22.1512,12.852,0.3999,0.3255,True,9,-221.2713,36.5409,0.2784,9.9725,-1.0172,3.4542,95.4971,28.5019,0.3661,5.0458,0.2067,2.1879,-38.8486,27.7807,0.1959,4.7676,0.37,1.8833,16.2716,22.1225,0.0721,3.8244,-0.1586,2.1192,-32.0249,9.1308,0.0174,1.8192,-0.0908,1.353,-4.8098,9.494,0.4768,1.7112,0.2053,1.3282,-18.271,6.8102,-0.0418,1.4104,0.1619,0.8457,-7.7228,7.3573,-0.1398,1.339,-0.2175,0.9413,-17.0721,9.6458,0.1535,1.8758,0.0293,1.1575,-1.94,12.1173,0.3564,2.1006,0.1041,0.8609,-9.3449,5.7525,-0.2179,1.4286,-0.0693,0.8645,-10.9483,6.5913,-0.0617,1.1609,-0.0898,0.6007,-14.7123,9.5669,0.2696,1.7492,-0.0338,0.9299,Y4-034_Y4_AM_Kapoy.mov,30.0,25,25,0.8333,1920,1080,25,1.0,True,2D pixel coordinates,VIDEO,0.0,0.0,0.0,0.0635,0.0177,0.1076,0.069,0.0199,0.1171,0.0111,0.0062,0.0236,0.0419,0.0119,0.0638,0.0301,0.0115,0.0454,0.0006,0.0006,0.002,0.0,0.0,0.0,0.0,0.0,0.0,0.1748,0.0276,0.2544,0.1837,0.0286,0.2275,0.2591,0.0498,0.3446,0.2633,0.0487,0.3302,0.0398,0.0327,0.1019,0.1544,0.1106,0.3337,0.1713,0.1016,0.3321,0.0611,0.0398,0.1311,0.0516,0.0154,0.0767,0.0375,0.0131,0.0651,0.4816,0.0497,0.5553,0.4407,0.0668,0.5571,0.0059,0.0015,0.0084,0.0036,0.0012,0.006,0.0007,0.0005,0.0017,0.0068,0.0115,0.0506,0.1494,0.1068,0.3353,0.0001,0.0001,0.0002,0.0098,0.0045,0.0163,0.0065,0.0047,0.0228,0.0443,0.0296,0.1241,0.0281,0.071,0.3362,0.0176,0.043,0.1971,0.0162,0.0139,0.0395,0.001,0.0006,0.0025,0.0695,0.0698,0.2243,0.066,0.0674,0.2255,0.0397,0.0562,0.253,0.1273,0.0984,0.3446,0.027,0.0278,0.0995,0.0009,0.0007,0.0024,0.0338,0.0447,0.1403,0.0223,0.0222,0.073,0.0393,0.0986,0.4387,0.0115,0.0097,0.0546,0.3479,0.2865,0.7511,0.4542,0.3433,0.8752,0.0338,0.0663,0.2559,0.0204,0.0337,0.1192,0.2039,0.1983,0.6491,0.3421,0.29,0.7618,0.0,0.0,0.0,0.0,0.0,0.0,0.4011,0.3138,0.8132,0.0228,0.057,0.2666,0.0663,0.0182,0.1069,0.0111,0.0062,0.0236,0.1494,0.1068,0.3353,0.4612,0.1365,0.0511,0.3347,0.0119,0.3168,0.2009,0.1069,0.3152,-2.11,2.32,-3.51,0.63,5.63,0.77
Y4-035,4th Year,Quiz,Numerical Analysis,Morning,Wanna go erk and forget,False,Survey entry,1,Very Unpleasant,Negative,3,Moderate,Moderate,Negative-Moderate,Fatigue-related word,Dying / Drained,9/30/2026,True,Y4-035_Y4_AM_Mamatay.WAV,No,Not flagged,Not flagged,Y4,AM,Mamatay,True,Y4-035_Y4_AM_Mamatay.WAV,0.7431,0.7431,1.0,16000,0.1846,False,True,45,47,2048,182.42,31.23,138.99,213.12,204.67,74.13,0.9574,0.00488,0.0689,0.03081,0.13052,0.01901,0.13632,0.11312,0.03235,0.21191,1507.64,210.02,1416.9,98.82,2992.02,382.95,0.010577,0.006666,22.0674,13.1265,0.4177,0.2884,True,9,-217.155,37.9391,-2.0161,7.3064,-0.6339,5.2685,106.2254,16.6117,-0.7693,3.7519,0.0587,2.1106,-36.0516,15.6604,0.3184,2.8734,0.3831,2.1875,27.4013,12.8884,0.2441,2.3985,0.3731,2.0015,-28.0496,11.9279,0.5893,1.9891,0.2558,1.5108,-9.712,12.7506,-0.257,2.1445,-0.1279,1.4531,-31.012,11.4637,-0.3793,2.273,0.1843,1.3894,-9.1598,8.9974,0.4237,1.5033,0.1836,1.6129,-14.2524,9.5859,0.2105,2.0355,0.226,1.4406,-1.5569,6.5123,-0.0413,1.0945,0.234,0.8132,-12.3734,7.1102,-0.0819,1.1993,-0.0329,1.0855,-0.0784,6.0,0.2529,0.8748,0.0834,0.7533,-15.7385,9.9695,0.7375,1.5135,0.3074,1.2336,Y4-035_Y4_AM_Mamatay.mov,30.0,22,22,0.7333,1920,1080,22,1.0,True,2D pixel coordinates,VIDEO,0.0,0.0,0.0,0.2896,0.0694,0.3524,0.2705,0.0611,0.3191,0.0012,0.0019,0.01,0.0109,0.0092,0.0526,0.0193,0.01,0.063,0.0003,0.0002,0.0006,0.0,0.0,0.0,0.0,0.0,0.0,0.1797,0.015,0.2069,0.1082,0.0135,0.1323,0.2989,0.0629,0.3468,0.271,0.056,0.3136,0.0659,0.0142,0.095,0.073,0.0187,0.1097,0.0683,0.0162,0.0983,0.0664,0.0159,0.0959,0.037,0.02,0.1222,0.0334,0.0243,0.1379,0.4408,0.0205,0.4804,0.4263,0.0137,0.4472,0.0064,0.0006,0.0079,0.0056,0.0011,0.0076,0.0009,0.0004,0.0018,0.0009,0.0003,0.0018,0.0396,0.0255,0.0809,0.0007,0.0004,0.0014,0.0009,0.0004,0.0015,0.0138,0.0081,0.0436,0.0101,0.0045,0.0179,0.0,0.0,0.0001,0.0,0.0,0.0002,0.0259,0.0114,0.052,0.0013,0.0007,0.0039,0.1397,0.1256,0.3702,0.1874,0.1639,0.4805,0.0606,0.0124,0.0955,0.0571,0.017,0.0875,0.0194,0.0101,0.0565,0.0004,0.0002,0.0008,0.0054,0.0026,0.0093,0.0246,0.0139,0.0428,0.0008,0.0004,0.0015,0.0097,0.0042,0.018,0.6481,0.1399,0.7686,0.6037,0.1526,0.7092,0.0055,0.0015,0.0093,0.0077,0.0054,0.0251,0.2008,0.156,0.3768,0.1838,0.148,0.3573,0.0,0.0,0.0,0.0,0.0,0.0,0.6259,0.1458,0.7389,0.0,0.0,0.0001,0.28,0.065,0.3353,0.0012,0.0019,0.01,0.0396,0.0255,0.0809,0.4336,0.0961,0.0279,0.3435,0.0026,0.3383,0.1857,0.0738,0.2797,-3.03,0.58,-11.74,0.27,-11.39,0.46
Y4-036,4th Year,Quiz,Numerical Analysis,Morning,Kapoy,False,Unverified word fill,1,Very Unpleasant,Negative,1,Very Low,Low,Negative-Low,Fatigue-related word,Tired / Exhausted,9/30/2026,True,Y4-036_Y4_AM_Kapoy.WAV,No,Not flagged,Not flagged,Y4,AM,Kapoy,True,Y4-036_Y4_AM_Kapoy.WAV,0.8824,0.8824,1.0,16000,0.473,False,False,0,56,2048,,,,,,,0.0,,0.11504,0.0392,0.18888,0.0321,0.10399,0.15515,0.04796,0.26465,1777.4,236.12,1514.7,66.63,3474.33,364.52,0.013926,0.008072,22.7936,13.2096,0.3554,0.2914,True,9,-158.0947,33.2054,1.3236,7.6445,-1.0311,3.9526,88.1206,13.5241,0.0998,2.4638,0.0082,1.4144,-39.888,9.5587,0.037,1.9084,0.2328,0.7733,31.7204,20.1855,-0.1684,4.2868,-0.2892,2.0892,-43.6772,12.8007,-0.3152,2.7855,0.1094,1.0721,-9.7441,10.5841,0.3112,2.0718,0.2107,1.3391,-30.2459,10.0003,0.0077,2.1612,0.3835,1.385,-9.4316,7.4675,-0.4341,1.3019,0.2071,0.8263,-12.6641,8.9451,0.15,1.6424,-0.049,1.203,-6.0597,10.4445,0.2088,2.0268,0.1343,1.1342,-10.1308,11.7892,0.2934,1.9579,-0.0873,0.9879,-3.7288,8.0682,-0.0223,1.525,-0.0605,0.8535,-16.1006,8.1535,-0.2615,1.8345,0.0796,0.7974,Y4-036_Y4_AM_Kapoy.mov,30.0,26,26,0.8667,1920,1080,26,1.0,True,2D pixel coordinates,VIDEO,0.0,0.0,0.0,0.2005,0.0349,0.2828,0.0735,0.0277,0.1279,0.0204,0.009,0.0432,0.0186,0.0059,0.0296,0.0609,0.0232,0.1132,0.0002,0.0001,0.0004,0.0,0.0,0.0,0.0,0.0,0.0,0.2964,0.0666,0.5085,0.1798,0.064,0.3138,0.4247,0.0885,0.551,0.4165,0.0909,0.5735,0.0839,0.0817,0.2909,0.2465,0.2719,0.7339,0.2539,0.2688,0.7325,0.0929,0.0793,0.2831,0.0231,0.0123,0.0633,0.0207,0.0115,0.0593,0.406,0.0552,0.484,0.4431,0.0479,0.5452,0.0035,0.0009,0.0048,0.0044,0.0024,0.0093,0.0009,0.0006,0.0017,0.0001,0.0,0.0001,0.0083,0.0134,0.0634,0.0017,0.0035,0.016,0.0003,0.0001,0.0008,0.0946,0.133,0.4324,0.0079,0.0069,0.0242,0.0021,0.0025,0.0065,0.0019,0.0024,0.0067,0.0066,0.0055,0.0245,0.0037,0.0018,0.008,0.1039,0.1356,0.5916,0.1575,0.1646,0.6626,0.1165,0.0858,0.3155,0.0358,0.0165,0.0626,0.0336,0.054,0.2395,0.0006,0.0011,0.0044,0.0148,0.0131,0.0397,0.0072,0.0047,0.0142,0.0317,0.0521,0.2104,0.0208,0.0074,0.0364,0.4952,0.315,0.8138,0.4297,0.2976,0.7447,0.0222,0.019,0.0547,0.0259,0.0214,0.0856,0.448,0.3598,0.8898,0.4128,0.3467,0.84,0.0,0.0,0.0,0.0,0.0,0.0,0.4625,0.3056,0.7732,0.002,0.0024,0.0066,0.137,0.0284,0.195,0.0204,0.009,0.0432,0.0083,0.0134,0.0634,0.4246,0.2152,0.0636,0.3236,0.0208,0.2719,0.1775,0.1119,0.3948,-8.59,3.11,-12.86,4.04,2.98,1.61
Y4-037,4th Year,Quiz,Numerical Analysis,Morning,Tired,False,Survey entry,1,Very Unpleasant,Negative,1,Very Low,Low,Negative-Low,Fatigue-related word,Tired / Exhausted,9/30/2026,True,Y4-037_Y4_AM_Kapoy.WAV,No,Not flagged,Not flagged,Y4,AM,Kapoy,True,Y4-037_Y4_AM_Kapoy.WAV,1.0217,1.0217,1.0,16000,0.4961,False,True,49,64,2048,178.11,32.42,143.89,224.49,152.45,80.6,0.7656,0.00468,0.10202,0.03215,0.1631,0.04896,0.09763,0.0979,0.02629,0.17188,1374.81,167.71,1390.35,157.79,2693.12,428.61,0.008248,0.005654,21.7501,12.8273,0.327,0.2949,True,9,-186.5968,29.5598,-0.1966,6.0356,-0.5464,3.1283,113.0431,15.8394,-0.3086,2.6118,0.0966,1.5256,-35.1584,13.0979,0.0414,2.6255,0.1787,1.6009,15.5644,11.9774,-0.3979,2.0463,0.1256,1.2654,-30.6878,7.6567,0.0332,1.4297,0.1496,0.991,-10.5653,10.4735,0.077,2.1035,0.0281,1.1795,-29.8286,7.7035,-0.0384,1.3411,-0.0,0.6942,-8.1654,7.3502,-0.2698,1.4393,0.0746,0.8614,-17.0399,6.15,0.0091,1.2374,0.1558,1.0528,-4.1995,8.5785,0.4153,1.6772,-0.1311,0.8087,-8.1775,8.6148,0.2618,1.7516,-0.0039,0.9664,-2.915,5.7493,0.0211,1.1062,-0.1072,0.9761,-14.6275,5.6268,-0.0641,1.0554,0.1155,0.7563,Y4-037_Y4_AM_Kapoy.mov,30.0,30,30,1.0,1920,1080,30,1.0,True,2D pixel coordinates,VIDEO,0.0,0.0,0.0,0.0552,0.0487,0.2005,0.0468,0.0359,0.1032,0.1736,0.2121,0.6803,0.1087,0.1249,0.4301,0.1323,0.1553,0.5313,0.0,0.0,0.0001,0.0,0.0,0.0,0.0,0.0,0.0,0.3569,0.1841,0.8651,0.3099,0.1579,0.7126,0.5592,0.1339,0.8976,0.5361,0.1395,0.8938,0.0444,0.0712,0.284,0.2806,0.1611,0.5771,0.2735,0.1575,0.5598,0.0445,0.0711,0.2855,0.0131,0.0067,0.0323,0.0096,0.0054,0.0268,0.2603,0.0853,0.5037,0.2469,0.1145,0.5583,0.0028,0.0011,0.0046,0.0026,0.0018,0.0064,0.0001,0.0001,0.0007,0.0008,0.0004,0.0019,0.0211,0.0566,0.2416,0.0003,0.0009,0.0038,0.0008,0.0011,0.0047,0.0065,0.003,0.0156,0.0021,0.0009,0.0039,0.0042,0.0116,0.0637,0.0062,0.0169,0.0926,0.0081,0.0116,0.0541,0.0017,0.0009,0.0036,0.0071,0.0198,0.0827,0.0128,0.0372,0.154,0.0363,0.0333,0.1577,0.0206,0.0244,0.0999,0.0607,0.0609,0.2569,0.0012,0.001,0.0048,0.0115,0.0195,0.0923,0.0034,0.0056,0.0257,0.0398,0.0805,0.4167,0.0428,0.0156,0.0749,0.0049,0.0042,0.0126,0.0048,0.0043,0.0145,0.0023,0.0027,0.0156,0.0098,0.0084,0.0379,0.0113,0.0165,0.0672,0.0075,0.01,0.0412,0.0,0.0,0.0,0.0,0.0,0.0,0.0048,0.0042,0.0134,0.0052,0.0142,0.0782,0.051,0.0404,0.1492,0.1736,0.2121,0.6803,0.0211,0.0566,0.2416,0.2536,0.0047,0.0445,0.3155,0.0535,0.1811,0.0787,0.0823,0.3398,-9.95,3.14,-6.49,1.74,-1.12,1.92
Y4-038,4th Year,Quiz,Numerical Analysis,Morning,Labad,False,Unverified word fill,1,Very Unpleasant,Negative,3,Moderate,Moderate,Negative-Moderate,Fatigue-related word,Headache / Stressed,9/30/2026,True,Y4-038_Y4_AM_Labad.WAV,No,Not flagged,Not flagged,Y4,AM,Labad,True,Y4-038_Y4_AM_Labad.WAV,0.8824,0.8824,1.0,16000,0.1584,False,True,30,56,2048,146.89,6.46,134.26,154.22,149.4,19.96,0.5357,0.00708,0.08419,0.05234,0.24955,0.021,0.13955,0.10716,0.03278,0.22559,1569.67,296.25,1538.62,231.74,3059.15,668.38,0.020366,0.020253,21.4373,13.5165,0.3234,0.2921,True,9,-200.0936,38.2287,1.4382,7.0842,-1.0756,4.4341,101.16,19.0362,-0.4631,2.2677,0.2644,1.6099,-27.3665,17.2102,-0.2071,3.1529,0.3093,2.0822,19.4779,7.3386,0.0157,1.5296,0.1833,0.9762,-17.8811,7.0502,-0.3662,1.1861,0.0854,0.8479,-14.5707,5.8879,0.0076,1.1284,-0.0184,0.8456,-29.0719,6.7949,0.0678,1.2004,-0.0472,0.6439,-9.6635,12.6715,-0.0668,2.2566,-0.0216,1.4258,-9.956,7.5668,-0.0362,1.5838,-0.0419,0.967,3.7028,4.558,-0.0375,0.7848,-0.0897,0.5837,-10.297,6.4935,0.2334,1.3027,0.1137,1.1624,-1.0555,7.2631,0.2837,1.2717,0.1682,0.7761,-9.6805,5.926,-0.0915,1.0034,0.0488,0.7621,Y4-038_Y4_AM_Labad.mov,30.0,26,26,0.8667,1920,1080,26,1.0,True,2D pixel coordinates,VIDEO,0.0,0.0,0.0,0.1183,0.0889,0.2608,0.0623,0.0484,0.1497,0.1186,0.2336,0.7622,0.0667,0.0956,0.364,0.0601,0.0629,0.2451,0.0,0.0,0.0,0.0,0.0,0.0,0.0,0.0,0.0,0.1868,0.0416,0.2496,0.1774,0.062,0.279,0.3653,0.0659,0.4368,0.3473,0.0543,0.4045,0.1706,0.1661,0.4639,0.1084,0.0954,0.2761,0.117,0.1069,0.316,0.1578,0.1672,0.4611,0.0228,0.0072,0.0407,0.0182,0.0076,0.0362,0.3451,0.057,0.4448,0.2552,0.0699,0.4098,0.0041,0.0024,0.0098,0.0038,0.0028,0.0129,0.0001,0.0,0.0001,0.0024,0.0023,0.0089,0.0489,0.0757,0.2422,0.0001,0.0002,0.0008,0.0058,0.0069,0.0203,0.0058,0.0032,0.0124,0.0118,0.0069,0.0282,0.0007,0.0013,0.0049,0.0006,0.0011,0.004,0.0124,0.0206,0.0788,0.0005,0.0007,0.004,0.0015,0.0024,0.0092,0.0023,0.0047,0.0208,0.106,0.1218,0.3552,0.0525,0.0495,0.1697,0.1555,0.1968,0.5847,0.0088,0.0063,0.0256,0.027,0.0458,0.251,0.0208,0.0322,0.1269,0.069,0.0837,0.2981,0.0103,0.0072,0.0341,0.0016,0.0025,0.0094,0.0015,0.0022,0.0084,0.0016,0.0024,0.0088,0.0009,0.001,0.0039,0.0003,0.0004,0.0012,0.0005,0.0006,0.0017,0.0,0.0,0.0,0.0,0.0,0.0,0.0016,0.0023,0.0089,0.0007,0.0012,0.0045,0.0903,0.0685,0.2053,0.1186,0.2336,0.7622,0.0489,0.0757,0.2422,0.3001,0.0002,0.0407,0.3503,0.0194,0.3264,0.0616,0.0753,0.2345,-1.3,1.31,-4.44,4.4,-2.84,2.48
Y4-039,4th Year,Quiz,Numerical Analysis,Morning,Kamatuoran,False,Unverified word fill,3,Neutral,Neutral,2,Low,Low,Neutral-Low,Neutral/ambivalent word,Truth / Acceptance,9/30/2026,True,Y4-039_Y4_AM_Kamatuoran.WAV,No,Not flagged,Not flagged,Y4,AM,Kamatuoran,True,Y4-039_Y4_AM_Kamatuoran.WAV,0.8359,0.8359,1.0,16000,0.1705,False,True,42,53,2048,163.62,6.71,152.45,174.11,162.45,21.66,0.7925,0.00547,0.10713,0.06352,0.23477,0.0224,0.13748,0.11824,0.03936,0.2334,1670.88,312.49,1482.51,207.49,3205.19,701.55,0.025248,0.034176,22.6281,13.3275,0.3323,0.3069,True,9,-181.7827,35.5126,0.0758,6.5575,0.0279,4.211,92.0593,17.7517,0.8762,3.8788,-0.139,1.8373,-45.645,17.7125,0.0463,3.659,-0.2973,2.1151,13.9358,11.4405,0.5681,1.6842,-0.1496,0.8889,-29.1075,11.6158,-0.081,2.2043,0.1283,1.6572,-5.2926,8.7715,-0.5162,0.8647,0.1588,0.8691,-25.9306,8.8864,-0.008,1.8382,0.0362,0.9412,-12.8111,10.307,-0.1786,1.5729,-0.0931,1.7028,-16.2127,9.1552,-0.0049,1.6441,0.1373,0.9004,0.3649,8.1513,0.3153,1.751,0.0686,1.1368,-5.0595,7.2548,0.2207,1.4047,0.0084,0.928,-1.5417,8.3587,-0.1608,1.5398,-0.0484,1.0581,-13.7304,6.7149,0.0141,1.3889,-0.0255,0.9258,Y4-039_Y4_AM_Kamatuoran.mov,30.0,25,25,0.8333,1920,1080,25,1.0,True,2D pixel coordinates,VIDEO,0.0,0.0,0.0,0.0239,0.0233,0.0915,0.0417,0.0236,0.0881,0.0835,0.1046,0.4991,0.1372,0.105,0.4792,0.0372,0.0272,0.1531,0.0001,0.0001,0.0002,0.0,0.0,0.0,0.0,0.0,0.0,0.2033,0.0328,0.2629,0.2117,0.0351,0.2743,0.5269,0.0653,0.5926,0.4879,0.0717,0.5607,0.036,0.0042,0.0505,0.1042,0.0062,0.119,0.099,0.0078,0.1146,0.0314,0.0034,0.0386,0.0123,0.0039,0.0211,0.009,0.0034,0.0175,0.184,0.0278,0.2469,0.1886,0.0215,0.2184,0.005,0.0012,0.008,0.0022,0.0008,0.0048,0.0008,0.0008,0.0025,0.0038,0.0043,0.0161,0.0155,0.0181,0.0678,0.0,0.0,0.0001,0.0002,0.0002,0.0005,0.005,0.0024,0.0092,0.012,0.0101,0.0354,0.0005,0.0006,0.0022,0.0005,0.0006,0.0021,0.022,0.0254,0.0928,0.0019,0.0013,0.0045,0.105,0.1474,0.4591,0.102,0.1441,0.4586,0.037,0.0301,0.1039,0.0681,0.0491,0.1609,0.0491,0.0837,0.2888,0.0005,0.0003,0.0012,0.0025,0.0015,0.0052,0.0042,0.0028,0.0112,0.0036,0.0059,0.0238,0.0292,0.0145,0.0562,0.0228,0.0375,0.1462,0.0244,0.036,0.1388,0.0043,0.0057,0.0227,0.0046,0.0061,0.0238,0.0898,0.1029,0.2608,0.1133,0.1295,0.3115,0.0,0.0,0.0,0.0,0.0,0.0,0.0236,0.0366,0.1425,0.0005,0.0006,0.0022,0.0328,0.023,0.0896,0.0835,0.1046,0.4991,0.0155,0.0181,0.0678,0.1863,0.0508,0.0275,0.3461,0.0067,0.3392,0.1519,0.0866,0.2949,-1.55,1.13,-1.02,0.39,-5.22,0.22
Y4-040,4th Year,Quiz,Numerical Analysis,Morning,Hangak,False,Unverified word fill,2,Unpleasant,Negative,1,Very Low,Low,Negative-Low,Fatigue-related word,Breathless / Gasping,9/30/2026,True,Y4-040_Y4_AM_Hangak.WAV,No,Not flagged,Not flagged,Y4,AM,Hangak,True,Y4-040_Y4_AM_Hangak.WAV,1.0217,1.0217,1.0,16000,0.1208,False,True,50,64,2048,163.38,31.62,142.24,236.47,150.7,94.23,0.7812,0.00635,0.04223,0.02841,0.11312,0.01057,0.11306,0.14528,0.04429,0.2959,1825.41,374.77,1660.99,279.23,3735.84,900.2,0.041854,0.039022,21.0936,13.2988,0.463,0.2845,True,9,-248.8618,41.2207,-0.4572,7.2712,-0.3924,3.9622,90.1303,22.6826,-0.2215,3.7983,-0.0955,1.3729,-26.4483,23.0881,0.7093,4.2563,0.0728,2.4015,11.4632,8.0159,-0.1557,1.7035,0.0782,0.8984,-23.3606,8.2164,0.1164,1.6146,0.0003,0.8076,-1.054,8.5807,0.0546,1.8191,-0.024,1.1237,-23.1409,8.6107,0.2466,1.5807,0.1399,0.9027,1.8308,8.7826,-0.02,1.1222,0.0496,0.7688,-10.3856,7.3823,0.2144,1.1966,0.0772,1.0221,7.3745,6.8602,0.038,0.8858,0.1515,0.8175,-11.6039,6.6631,-0.0431,1.2488,0.1126,0.8008,-4.4158,5.0846,-0.038,0.7836,0.125,0.7254,-14.6659,6.5103,0.1021,1.0834,0.0289,0.5443,Y4-040_Y4_AM_Hangak.mov,30.0,30,30,1.0,1920,1080,30,1.0,True,2D pixel coordinates,VIDEO,0.0,0.0,0.0,0.0782,0.0438,0.1572,0.0425,0.018,0.0728,0.038,0.0557,0.2403,0.0819,0.0616,0.2927,0.1305,0.0605,0.3062,0.0007,0.0001,0.0009,0.0,0.0,0.0,0.0,0.0,0.0,0.1417,0.0324,0.2094,0.0919,0.0262,0.1534,0.138,0.0466,0.2435,0.1444,0.0471,0.2469,0.0423,0.0404,0.1562,0.1286,0.0851,0.3096,0.1742,0.0837,0.3324,0.0932,0.0683,0.2557,0.0908,0.0369,0.2315,0.0729,0.0307,0.2014,0.4603,0.0507,0.5562,0.3858,0.0695,0.5464,0.0062,0.0018,0.0114,0.0096,0.0038,0.0217,0.0007,0.0003,0.0012,0.0001,0.0001,0.0003,0.2611,0.1807,0.6101,0.0174,0.0182,0.0558,0.0038,0.0019,0.0086,0.0088,0.0032,0.018,0.0064,0.0065,0.0303,0.0012,0.0012,0.0049,0.001,0.0011,0.0044,0.0144,0.0114,0.0485,0.0034,0.0031,0.016,0.1205,0.0472,0.2296,0.1656,0.0414,0.2698,0.0273,0.0137,0.0555,0.0211,0.0104,0.0419,0.0105,0.0082,0.0325,0.0002,0.0003,0.0014,0.0061,0.0044,0.0162,0.0133,0.0062,0.0236,0.0032,0.0019,0.0074,0.0125,0.0049,0.0261,0.7942,0.1071,0.8869,0.7536,0.1157,0.8578,0.0774,0.0652,0.1947,0.0275,0.0259,0.0871,0.6067,0.2366,0.8971,0.6064,0.2001,0.8657,0.0,0.0,0.0,0.0,0.0,0.0,0.7739,0.1096,0.8724,0.0011,0.0012,0.0047,0.0604,0.03,0.1146,0.038,0.0557,0.2403,0.2611,0.1807,0.6101,0.4231,0.3033,0.0381,0.3835,0.02,0.3486,0.3375,0.1182,0.5846,-0.09,2.99,-9.86,1.62,-2.71,2.37
