participant_code,column,stored,recomputed,absolute_difference
Y4-001,audio_zcr_mean,-1.5858,-1.5853,0.000500000000000167
Y4-002,audio_zcr_mean,-0.9876,-0.9871,0.000500000000000056
Y4-003,audio_zcr_mean,-1.9703,-1.9698,0.0004999999999999449
Y4-004,audio_zcr_mean,-1.3441,-1.3392,0.0049000000000001265
Y4-005,audio_zcr_mean,0.1068,0.1073,0.0005000000000000004
Y4-006,audio_zcr_mean,-0.4164,-0.4159,0.0005000000000000004
Y4-007,audio_zcr_mean,0.7555,0.7561,0.0006000000000000449
Y4-008,audio_zcr_mean,1.1306,1.1371,0.00649999999999995
Y4-009,audio_zcr_mean,-0.4792,-0.4713,0.007900000000000018
Y4-010,audio_zcr_mean,1.6758,1.6764,0.0005999999999999339
Y4-011,audio_zcr_mean,0.4819,0.4869,0.0050000000000000044
Y4-012,audio_zcr_mean,0.2019,0.2025,0.0006000000000000172
Y4-013,audio_zcr_mean,0.5515,0.5271,0.024399999999999977
Y4-014,audio_zcr_mean,0.3117,0.3123,0.0006000000000000449
Y4-015,audio_zcr_mean,1.1855,1.1861,0.0005999999999999339
Y4-016,audio_zcr_mean,0.4064,0.4015,0.00489999999999996
Y4-017,audio_zcr_mean,-0.7047,-0.716,0.011299999999999977
Y4-018,audio_zcr_mean,-0.5684,-0.5679,0.000500000000000056
Y4-019,audio_zcr_mean,-0.3134,-0.3011,0.012300000000000033
Y4-020,audio_zcr_mean,-1.629,-1.6353,0.006299999999999972
Y4-021,audio_zcr_mean,-0.435,-0.4345,0.0005000000000000004
Y4-022,audio_zcr_mean,0.3735,0.3741,0.0005999999999999894
Y4-023,audio_zcr_mean,1.7538,1.7544,0.0005999999999999339
Y4-024,audio_zcr_mean,2.2269,2.2276,0.0006999999999997009
Y4-025,audio_zcr_mean,-0.1482,-0.1476,0.0005999999999999894
Y4-026,audio_zcr_mean,0.1092,0.1098,0.0005999999999999894
Y4-027,audio_zcr_mean,0.3416,0.3422,0.0005999999999999894
Y4-028,audio_zcr_mean,-1.0582,-1.0612,0.0029999999999998916
Y4-029,audio_zcr_mean,0.0317,0.0323,0.0006000000000000033
Y4-030,audio_zcr_mean,-0.4282,-0.433,0.004799999999999971
Y4-031,audio_zcr_mean,0.0572,0.0622,0.0049999999999999975
Y4-032,audio_zcr_mean,-1.6236,-1.6231,0.0004999999999999449
Y4-033,audio_zcr_mean,-0.5934,-0.5929,0.000500000000000056
Y4-034,audio_zcr_mean,0.6378,0.6384,0.0005999999999999339
Y4-035,audio_zcr_mean,-0.1507,-0.1545,0.003799999999999998
Y4-036,audio_zcr_mean,1.9102,1.9108,0.000600000000000156
Y4-037,audio_zcr_mean,-0.8969,-0.892,0.0049000000000000155
Y4-038,audio_zcr_mean,-0.4429,-0.4423,0.0005999999999999894
Y4-039,audio_zcr_mean,0.1004,0.101,0.0006000000000000033
Y4-040,audio_zcr_mean,1.4262,1.4239,0.0022999999999999687
Y4-001,audio_zcr_std,-0.6045,-0.6017,0.0028000000000000247
Y4-002,audio_zcr_std,-0.2707,-0.2681,0.002599999999999991
Y4-003,audio_zcr_std,-0.15,-0.1475,0.0025000000000000022
Y4-004,audio_zcr_std,-0.45,-0.4384,0.0116
Y4-005,audio_zcr_std,1.9148,1.9161,0.0012999999999998568
Y4-006,audio_zcr_std,-0.3208,-0.3182,0.002599999999999991
Y4-007,audio_zcr_std,0.3267,0.3289,0.0022000000000000353
Y4-008,audio_zcr_std,-0.431,-0.4183,0.012699999999999989
Y4-009,audio_zcr_std,-0.0956,-0.0711,0.024500000000000008
Y4-011,audio_zcr_std,-0.0345,-0.0236,0.010900000000000003
Y4-012,audio_zcr_std,-1.098,-1.095,0.0030000000000001137
Y4-013,audio_zcr_std,0.0641,-0.0004,0.0645
Y4-014,audio_zcr_std,-0.4937,-0.4911,0.0026000000000000467
Y4-015,audio_zcr_std,-0.248,-0.2455,0.0025000000000000022
Y4-016,audio_zcr_std,-0.7579,-0.7667,0.00880000000000003
Y4-017,audio_zcr_std,-0.1848,-0.2202,0.035400000000000015
Y4-018,audio_zcr_std,-1.0242,-1.0212,0.0029999999999998916
Y4-019,audio_zcr_std,-0.4574,-0.4384,0.01899999999999996
Y4-020,audio_zcr_std,-0.5528,-0.5696,0.016800000000000037
Y4-021,audio_zcr_std,-0.5428,-0.5401,0.0026999999999999247
Y4-022,audio_zcr_std,0.2149,0.2172,0.0022999999999999965
Y4-023,audio_zcr_std,-0.4842,-0.4816,0.0026000000000000467
Y4-024,audio_zcr_std,-0.8154,-0.8125,0.0029000000000000137
Y4-025,audio_zcr_std,-0.527,-0.5243,0.0027000000000000357
Y4-026,audio_zcr_std,-0.1041,-0.1016,0.0025000000000000022
Y4-027,audio_zcr_std,-0.3108,-0.3082,0.0026000000000000467
Y4-028,audio_zcr_std,-0.5006,-0.51,0.009399999999999964
Y4-029,audio_zcr_std,0.2798,0.282,0.0021999999999999797
Y4-030,audio_zcr_std,-0.9525,-0.9601,0.00759999999999994
Y4-031,audio_zcr_std,2.4811,2.4842,0.0030999999999998806
Y4-032,audio_zcr_std,-0.3018,-0.2992,0.002599999999999991
Y4-033,audio_zcr_std,0.3372,0.3394,0.0021999999999999797
Y4-034,audio_zcr_std,2.0989,2.1001,0.0011999999999998678
Y4-035,audio_zcr_std,-0.276,-0.2845,0.008499999999999952
Y4-036,audio_zcr_std,0.5471,0.5492,0.0020999999999999908
Y4-037,audio_zcr_std,-0.5955,-0.5806,0.014900000000000024
Y4-038,audio_zcr_std,-0.2533,-0.2508,0.0025000000000000022
Y4-039,audio_zcr_std,0.0936,0.096,0.0023999999999999994
Y4-040,audio_zcr_std,0.3536,0.3495,0.004100000000000048
Y4-001,audio_zcr_max,-0.7211,-0.7159,0.005199999999999982
Y4-002,audio_zcr_max,-0.7724,-0.7674,0.0050000000000000044
Y4-003,audio_zcr_max,-0.4896,-0.4838,0.005799999999999972
Y4-004,audio_zcr_max,-0.8882,-0.8835,0.0047000000000000375
Y4-005,audio_zcr_max,1.8634,1.8755,0.0121
Y4-006,audio_zcr_max,-0.5668,-0.5612,0.005599999999999938
Y4-007,audio_zcr_max,0.7062,0.7152,0.008999999999999897
Y4-008,audio_zcr_max,0.1404,0.1479,0.007500000000000007
Y4-009,audio_zcr_max,0.0634,0.1221,0.0587
Y4-010,audio_zcr_max,4.178,4.1963,0.018299999999999983
Y4-011,audio_zcr_max,0.5391,0.5477,0.008599999999999941
Y4-012,audio_zcr_max,-0.9782,-0.9738,0.0043999999999999595
Y4-013,audio_zcr_max,1.0405,0.8958,0.14469999999999994
Y4-014,audio_zcr_max,-0.5153,-0.5096,0.005699999999999927
Y4-015,audio_zcr_max,0.0891,0.0964,0.007300000000000001
Y4-016,audio_zcr_max,-0.3739,-0.3935,0.019600000000000006
Y4-017,audio_zcr_max,0.2305,0.1608,0.06970000000000001
Y4-018,audio_zcr_max,-1.1839,-1.18,0.0039000000000000146
Y4-019,audio_zcr_max,-0.6696,-0.6643,0.005299999999999971
Y4-020,audio_zcr_max,-0.8496,-0.8705,0.02090000000000003
Y4-021,audio_zcr_max,-0.6439,-0.6386,0.005300000000000082
Y4-022,audio_zcr_max,-0.2196,-0.2131,0.006499999999999978
Y4-023,audio_zcr_max,0.1018,0.1092,0.007400000000000004
Y4-024,audio_zcr_max,-0.3482,-0.342,0.006199999999999983
Y4-025,audio_zcr_max,-0.1038,-0.097,0.0068000000000000005
Y4-026,audio_zcr_max,-0.2325,-0.226,0.006500000000000006
Y4-027,audio_zcr_max,-0.6696,-0.6643,0.005299999999999971
Y4-028,audio_zcr_max,-0.451,-0.4709,0.019899999999999973
Y4-029,audio_zcr_max,-0.1681,-0.1614,0.0067000000000000115
Y4-030,audio_zcr_max,-0.7981,-0.819,0.02089999999999992
Y4-031,audio_zcr_max,2.0177,2.0303,0.012599999999999945
Y4-032,audio_zcr_max,-0.9011,-0.8964,0.0047000000000000375
Y4-033,audio_zcr_max,-0.2452,-0.2388,0.006399999999999989
Y4-034,audio_zcr_max,1.4778,1.4888,0.010999999999999899
Y4-035,audio_zcr_max,-0.2325,-0.2517,0.019199999999999967
Y4-036,audio_zcr_max,0.4619,0.4703,0.008400000000000019
Y4-037,audio_zcr_max,-0.7595,-0.7287,0.03079999999999994
Y4-038,audio_zcr_max,-0.0523,-0.0454,0.006899999999999996
Y4-039,audio_zcr_max,0.0505,0.0577,0.007199999999999998
Y4-040,audio_zcr_max,0.8734,0.8829,0.009500000000000064
Y4-006,audio_spec_centroid_mean,0.2036,0.2035,0.00010000000000001674
Y4-013,audio_spec_centroid_mean,0.2503,0.2521,0.0017999999999999683
Y4-017,audio_spec_centroid_mean,0.0049,0.0033,0.0015999999999999999
Y4-020,audio_spec_centroid_mean,-2.9658,-2.9657,0.00010000000000021103
Y4-022,audio_spec_centroid_mean,0.1176,0.1175,0.00010000000000000286
Y4-028,audio_spec_centroid_mean,-1.4445,-1.4444,9.999999999998899e-05
Y4-037,audio_spec_centroid_mean,-1.2622,-1.2621,9.999999999998899e-05
Y4-001,audio_spec_centroid_std,-1.1592,-1.1594,0.00019999999999997797
Y4-002,audio_spec_centroid_std,-0.2685,-0.2686,9.999999999998899e-05
Y4-003,audio_spec_centroid_std,0.248,0.2479,9.999999999998899e-05
Y4-004,audio_spec_centroid_std,-0.1819,-0.182,9.999999999998899e-05
Y4-005,audio_spec_centroid_std,2.136,2.1362,0.00019999999999997797
Y4-006,audio_spec_centroid_std,0.0542,0.0541,9.999999999999593e-05
Y4-008,audio_spec_centroid_std,-0.271,-0.2711,9.999999999998899e-05
Y4-009,audio_spec_centroid_std,-0.1755,-0.1757,0.00020000000000000573
Y4-010,audio_spec_centroid_std,3.6881,3.6885,0.00039999999999995595
Y4-011,audio_spec_centroid_std,0.05,0.0499,0.00010000000000000286
Y4-012,audio_spec_centroid_std,-1.18,-1.1802,0.00019999999999997797
Y4-013,audio_spec_centroid_std,0.0251,0.0366,0.0115
Y4-014,audio_spec_centroid_std,-0.9791,-0.9793,0.00019999999999997797
Y4-015,audio_spec_centroid_std,-0.6296,-0.6298,0.00019999999999997797
Y4-016,audio_spec_centroid_std,-0.749,-0.7492,0.00019999999999997797
Y4-017,audio_spec_centroid_std,0.638,0.63,0.008000000000000007
Y4-018,audio_spec_centroid_std,-0.5603,-0.5604,9.999999999998899e-05
Y4-019,audio_spec_centroid_std,-0.9027,-0.9029,0.000200000000000089
Y4-020,audio_spec_centroid_std,-1.0836,-1.0838,0.00020000000000020002
Y4-021,audio_spec_centroid_std,-0.3896,-0.3897,9.999999999998899e-05
Y4-022,audio_spec_centroid_std,-0.6642,-0.6644,0.00019999999999997797
Y4-023,audio_spec_centroid_std,0.5061,0.506,9.999999999998899e-05
Y4-024,audio_spec_centroid_std,-0.2026,-0.2027,9.999999999998899e-05
Y4-025,audio_spec_centroid_std,-0.9644,-0.9646,0.00019999999999997797
Y4-028,audio_spec_centroid_std,-0.8123,-0.8125,0.00019999999999997797
Y4-029,audio_spec_centroid_std,-0.179,-0.1791,0.00010000000000001674
Y4-030,audio_spec_centroid_std,-0.8329,-0.8331,0.00019999999999997797
Y4-031,audio_spec_centroid_std,2.4175,2.4177,0.00019999999999997797
Y4-032,audio_spec_centroid_std,-0.4153,-0.4154,9.999999999998899e-05
Y4-033,audio_spec_centroid_std,0.2572,0.2571,9.999999999998899e-05
Y4-034,audio_spec_centroid_std,1.4625,1.4626,9.999999999998899e-05
Y4-035,audio_spec_centroid_std,-0.5342,-0.5343,9.999999999998899e-05
Y4-036,audio_spec_centroid_std,-0.3377,-0.3378,9.999999999998899e-05
Y4-037,audio_spec_centroid_std,-0.8527,-0.8528,9.999999999998899e-05
Y4-039,audio_spec_centroid_std,0.2372,0.2371,9.999999999998899e-05
Y4-003,audio_spec_bandwidth_mean,0.7491,0.7492,9.999999999998899e-05
Y4-004,audio_spec_bandwidth_mean,0.6896,0.6897,9.999999999998899e-05
Y4-007,audio_spec_bandwidth_mean,-1.1512,-1.1511,9.999999999998899e-05
Y4-011,audio_spec_bandwidth_mean,-0.5611,-0.561,9.999999999998899e-05
Y4-013,audio_spec_bandwidth_mean,0.1134,0.1112,0.0022000000000000075
Y4-015,audio_spec_bandwidth_mean,1.0177,1.0178,9.999999999998899e-05
Y4-017,audio_spec_bandwidth_mean,0.3515,0.3522,0.0007000000000000339
Y4-019,audio_spec_bandwidth_mean,-1.346,-1.3459,9.999999999998899e-05
Y4-021,audio_spec_bandwidth_mean,-1.0669,-1.0668,9.999999999998899e-05
Y4-022,audio_spec_bandwidth_mean,-0.4801,-0.48,0.0001000000000000445
Y4-025,audio_spec_bandwidth_mean,1.0825,1.0826,9.999999999998899e-05
Y4-026,audio_spec_bandwidth_mean,1.7603,1.7604,9.999999999998899e-05
Y4-030,audio_spec_bandwidth_mean,0.1946,0.1947,0.00010000000000001674
Y4-034,audio_spec_bandwidth_mean,-0.7732,-0.7731,9.999999999998899e-05
Y4-036,audio_spec_bandwidth_mean,-0.1335,-0.1334,0.00010000000000001674
Y4-037,audio_spec_bandwidth_mean,-1.2064,-1.2063,9.999999999998899e-05
Y4-001,audio_spec_bandwidth_std,-0.3809,-0.3805,0.00040000000000001146
Y4-002,audio_spec_bandwidth_std,0.5336,0.5339,0.000300000000000078
Y4-003,audio_spec_bandwidth_std,0.5741,0.5744,0.00029999999999996696
Y4-004,audio_spec_bandwidth_std,0.3595,0.3598,0.00030000000000002247
Y4-005,audio_spec_bandwidth_std,1.9775,1.9777,0.00019999999999997797
Y4-006,audio_spec_bandwidth_std,0.1287,0.129,0.0002999999999999947
Y4-007,audio_spec_bandwidth_std,0.6212,0.6215,0.000300000000000078
Y4-008,audio_spec_bandwidth_std,-0.5322,-0.5317,0.000500000000000056
Y4-009,audio_spec_bandwidth_std,-0.3684,-0.368,0.00040000000000001146
Y4-010,audio_spec_bandwidth_std,0.3786,0.379,0.00040000000000001146
Y4-011,audio_spec_bandwidth_std,0.0705,0.0708,0.0003000000000000086
Y4-012,audio_spec_bandwidth_std,-1.6712,-1.6706,0.0005999999999999339
Y4-013,audio_spec_bandwidth_std,-0.0976,-0.115,0.0174
Y4-014,audio_spec_bandwidth_std,-1.3856,-1.3851,0.0004999999999999449
Y4-015,audio_spec_bandwidth_std,-0.6933,-0.6929,0.00040000000000006697
Y4-016,audio_spec_bandwidth_std,-1.389,-1.3885,0.0004999999999999449
Y4-017,audio_spec_bandwidth_std,0.5685,0.5722,0.0037000000000000366
Y4-018,audio_spec_bandwidth_std,-0.0061,-0.0057,0.0004000000000000002
Y4-019,audio_spec_bandwidth_std,-0.9299,-0.9295,0.00039999999999995595
Y4-020,audio_spec_bandwidth_std,-0.5868,-0.5864,0.00039999999999995595
Y4-021,audio_spec_bandwidth_std,0.3288,0.3291,0.00030000000000002247
Y4-022,audio_spec_bandwidth_std,-0.8121,-0.8117,0.00040000000000006697
Y4-023,audio_spec_bandwidth_std,1.6685,1.6687,0.00019999999999997797
Y4-024,audio_spec_bandwidth_std,0.9709,0.9712,0.00029999999999996696
Y4-025,audio_spec_bandwidth_std,-0.8607,-0.8603,0.00040000000000006697
Y4-026,audio_spec_bandwidth_std,1.6129,1.6131,0.00019999999999997797
Y4-027,audio_spec_bandwidth_std,1.6992,1.6994,0.00019999999999997797
Y4-028,audio_spec_bandwidth_std,-0.3278,-0.3274,0.00039999999999995595
Y4-029,audio_spec_bandwidth_std,-0.9019,-0.9014,0.000500000000000056
Y4-030,audio_spec_bandwidth_std,0.0877,0.088,0.0002999999999999947
Y4-031,audio_spec_bandwidth_std,1.7466,1.7467,9.999999999998899e-05
Y4-032,audio_spec_bandwidth_std,-1.5028,-1.5023,0.0004999999999999449
Y4-033,audio_spec_bandwidth_std,-0.8118,-0.8114,0.00039999999999995595
Y4-034,audio_spec_bandwidth_std,1.1969,1.1972,0.00029999999999996696
Y4-035,audio_spec_bandwidth_std,-1.2405,-1.24,0.0004999999999999449
Y4-036,audio_spec_bandwidth_std,-1.6836,-1.683,0.0005999999999999339
Y4-037,audio_spec_bandwidth_std,-0.4288,-0.4284,0.00040000000000001146
Y4-038,audio_spec_bandwidth_std,0.5891,0.5894,0.000300000000000078
Y4-039,audio_spec_bandwidth_std,0.2553,0.2556,0.00029999999999996696
Y4-040,audio_spec_bandwidth_std,1.2428,1.243,0.00020000000000020002
Y4-004,audio_spec_rolloff85_mean,-0.1081,-0.108,0.00010000000000000286
Y4-013,audio_spec_rolloff85_mean,0.723,0.7231,9.999999999998899e-05
Y4-017,audio_spec_rolloff85_mean,0.2589,0.2585,0.00040000000000001146
Y4-018,audio_spec_rolloff85_mean,0.9904,0.9905,0.00010000000000010001
Y4-019,audio_spec_rolloff85_mean,-0.4239,-0.4238,9.999999999998899e-05
Y4-022,audio_spec_rolloff85_mean,-0.6255,-0.6254,9.999999999998899e-05
Y4-030,audio_spec_rolloff85_mean,-0.4786,-0.4785,0.0001000000000000445
Y4-036,audio_spec_rolloff85_mean,0.8278,0.8279,9.999999999998899e-05
Y4-001,audio_spec_rolloff85_std,-0.9551,-0.955,9.999999999998899e-05
Y4-002,audio_spec_rolloff85_std,0.1668,0.1669,9.999999999998899e-05
Y4-003,audio_spec_rolloff85_std,1.1171,1.1172,9.999999999998899e-05
Y4-005,audio_spec_rolloff85_std,2.1943,2.1944,9.999999999976694e-05
Y4-006,audio_spec_rolloff85_std,0.4554,0.4555,9.999999999998899e-05
Y4-007,audio_spec_rolloff85_std,0.5238,0.5239,9.999999999998899e-05
Y4-008,audio_spec_rolloff85_std,-0.4493,-0.4492,9.999999999998899e-05
Y4-009,audio_spec_rolloff85_std,0.2966,0.2967,0.0001000000000000445
Y4-010,audio_spec_rolloff85_std,1.6867,1.6868,9.999999999998899e-05
Y4-011,audio_spec_rolloff85_std,0.0699,0.07,0.00010000000000000286
Y4-013,audio_spec_rolloff85_std,-0.2237,-0.2233,0.00040000000000001146
Y4-017,audio_spec_rolloff85_std,0.3543,0.3515,0.0028000000000000247
Y4-018,audio_spec_rolloff85_std,-0.2241,-0.224,9.999999999998899e-05
Y4-021,audio_spec_rolloff85_std,-0.6669,-0.6668,0.00010000000000010001
Y4-023,audio_spec_rolloff85_std,1.1081,1.1082,9.999999999998899e-05
Y4-024,audio_spec_rolloff85_std,0.2041,0.2042,9.999999999998899e-05
Y4-025,audio_spec_rolloff85_std,-1.226,-1.2259,9.999999999998899e-05
Y4-026,audio_spec_rolloff85_std,1.4851,1.4852,9.999999999998899e-05
Y4-027,audio_spec_rolloff85_std,1.2209,1.221,9.999999999998899e-05
Y4-028,audio_spec_rolloff85_std,-0.0462,-0.0461,9.999999999999593e-05
Y4-031,audio_spec_rolloff85_std,2.1502,2.1503,0.00010000000000021103
Y4-032,audio_spec_rolloff85_std,-0.7701,-0.77,9.999999999998899e-05
Y4-034,audio_spec_rolloff85_std,1.1809,1.181,9.999999999998899e-05
Y4-035,audio_spec_rolloff85_std,-0.8965,-0.8964,9.999999999998899e-05
Y4-036,audio_spec_rolloff85_std,-0.9724,-0.9723,9.999999999998899e-05
Y4-003,audio_spec_flatness_mean,-0.3765,-0.3764,9.999999999998899e-05
Y4-010,audio_spec_flatness_mean,1.6425,1.6426,9.999999999998899e-05
Y4-018,audio_spec_flatness_mean,-0.5032,-0.5033,9.999999999998899e-05
Y4-037,audio_spec_flatness_mean,-1.1601,-1.16,9.999999999998899e-05
Y4-001,audio_spec_contrast_mean,-0.6818,-0.671,0.01079999999999992
Y4-002,audio_spec_contrast_mean,-1.0047,-1.0055,0.0008000000000001339
Y4-003,audio_spec_contrast_mean,-1.2355,-1.239,0.0035000000000000586
Y4-004,audio_spec_contrast_mean,-0.8744,-0.8709,0.0034999999999999476
Y4-005,audio_spec_contrast_mean,-0.2606,-0.2608,0.00019999999999997797
Y4-006,audio_spec_contrast_mean,-1.1536,-1.1561,0.0024999999999999467
Y4-007,audio_spec_contrast_mean,-1.1085,-1.1134,0.004899999999999904
Y4-008,audio_spec_contrast_mean,-0.9573,-0.9581,0.0007999999999999119
Y4-009,audio_spec_contrast_mean,-0.6794,-0.6811,0.0017000000000000348
Y4-010,audio_spec_contrast_mean,-1.4557,-1.4526,0.0031000000000001027
Y4-011,audio_spec_contrast_mean,0.5538,0.5544,0.0006000000000000449
Y4-012,audio_spec_contrast_mean,-0.8779,-0.8728,0.005099999999999993
Y4-013,audio_spec_contrast_mean,-1.192,-1.1856,0.006399999999999961
Y4-014,audio_spec_contrast_mean,-0.8067,-0.8056,0.0010999999999999899
Y4-015,audio_spec_contrast_mean,-0.9635,-0.9629,0.0006000000000000449
Y4-016,audio_spec_contrast_mean,-0.4887,-0.4901,0.0013999999999999568
Y4-017,audio_spec_contrast_mean,-0.2048,-0.2043,0.0005000000000000004
Y4-018,audio_spec_contrast_mean,-0.576,-0.5896,0.013600000000000056
Y4-019,audio_spec_contrast_mean,0.8549,0.8505,0.0043999999999999595
Y4-020,audio_spec_contrast_mean,-0.5441,-0.5508,0.006699999999999928
Y4-021,audio_spec_contrast_mean,2.3315,2.3303,0.001200000000000312
Y4-022,audio_spec_contrast_mean,1.1027,1.1011,0.0016000000000000458
Y4-023,audio_spec_contrast_mean,-0.4716,-0.4703,0.0013000000000000234
Y4-024,audio_spec_contrast_mean,-1.0999,-1.0968,0.0031000000000001027
Y4-025,audio_spec_contrast_mean,0.058,0.0587,0.0006999999999999992
Y4-026,audio_spec_contrast_mean,0.5523,0.5551,0.0028000000000000247
Y4-027,audio_spec_contrast_mean,1.2944,1.3117,0.017300000000000093
Y4-028,audio_spec_contrast_mean,0.5778,0.5779,9.999999999998899e-05
Y4-029,audio_spec_contrast_mean,1.7945,1.7913,0.0032000000000000917
Y4-030,audio_spec_contrast_mean,0.1013,0.0957,0.005600000000000008
Y4-031,audio_spec_contrast_mean,0.028,0.0257,0.0023
Y4-032,audio_spec_contrast_mean,1.7285,1.7404,0.011900000000000022
Y4-033,audio_spec_contrast_mean,1.7794,1.7693,0.010099999999999998
Y4-034,audio_spec_contrast_mean,0.7239,0.7283,0.0043999999999999595
Y4-035,audio_spec_contrast_mean,0.6364,0.6338,0.0025999999999999357
Y4-036,audio_spec_contrast_mean,1.3949,1.3922,0.0026999999999999247
Y4-037,audio_spec_contrast_mean,0.3049,0.306,0.0010999999999999899
Y4-039,audio_spec_contrast_mean,1.222,1.2173,0.0046999999999999265
Y4-040,audio_spec_contrast_mean,-0.3808,-0.3806,0.00020000000000003348
Y4-001,audio_spec_contrast_std,0.0436,0.1321,0.0885
Y4-002,audio_spec_contrast_std,1.5448,1.5313,0.013499999999999845
Y4-003,audio_spec_contrast_std,1.2532,1.221,0.032200000000000006
Y4-004,audio_spec_contrast_std,0.252,0.2778,0.02579999999999999
Y4-005,audio_spec_contrast_std,0.3206,0.3177,0.0029000000000000137
Y4-006,audio_spec_contrast_std,0.4232,0.4005,0.022699999999999998
Y4-007,audio_spec_contrast_std,0.2094,0.1738,0.03559999999999999
Y4-008,audio_spec_contrast_std,0.1351,0.128,0.007099999999999995
Y4-009,audio_spec_contrast_std,0.6316,0.6217,0.00990000000000002
Y4-010,audio_spec_contrast_std,1.1239,1.1419,0.018000000000000016
Y4-011,audio_spec_contrast_std,-0.4517,-0.4463,0.005400000000000016
Y4-012,audio_spec_contrast_std,0.548,0.5863,0.0383
Y4-013,audio_spec_contrast_std,1.541,1.5832,0.042200000000000015
Y4-014,audio_spec_contrast_std,0.3892,0.3983,0.009099999999999997
Y4-015,audio_spec_contrast_std,1.2361,1.2352,0.0008999999999999009
Y4-016,audio_spec_contrast_std,1.4041,1.3853,0.018799999999999928
Y4-017,audio_spec_contrast_std,0.5108,0.5073,0.0035000000000000586
Y4-018,audio_spec_contrast_std,-0.2369,-0.3483,0.1114
Y4-019,audio_spec_contrast_std,-1.3513,-1.3739,0.022599999999999953
Y4-020,audio_spec_contrast_std,-1.8853,-1.9378,0.05249999999999999
Y4-021,audio_spec_contrast_std,1.0944,1.0832,0.011200000000000099
Y4-022,audio_spec_contrast_std,1.6153,1.5958,0.01949999999999985
Y4-023,audio_spec_contrast_std,-1.5787,-1.561,0.01770000000000005
Y4-024,audio_spec_contrast_std,-1.9301,-1.8945,0.035599999999999854
Y4-025,audio_spec_contrast_std,-0.27,-0.2633,0.006700000000000039
Y4-026,audio_spec_contrast_std,-0.1677,-0.1438,0.023899999999999977
Y4-027,audio_spec_contrast_std,0.3708,0.5146,0.14379999999999993
Y4-028,audio_spec_contrast_std,-0.9018,-0.8957,0.006099999999999994
Y4-029,audio_spec_contrast_std,-0.5441,-0.5689,0.024799999999999933
Y4-030,audio_spec_contrast_std,0.5026,0.452,0.050600000000000034
Y4-031,audio_spec_contrast_std,-0.7941,-0.8047,0.010599999999999943
Y4-032,audio_spec_contrast_std,-1.5543,-1.4529,0.10139999999999993
Y4-033,audio_spec_contrast_std,-1.6508,-1.7418,0.09099999999999997
Y4-034,audio_spec_contrast_std,-1.2576,-1.2121,0.045500000000000096
Y4-035,audio_spec_contrast_std,-0.3856,-0.403,0.017400000000000027
Y4-036,audio_spec_contrast_std,-0.1216,-0.1397,0.01809999999999999
Y4-037,audio_spec_contrast_std,-1.336,-1.3192,0.016800000000000148
Y4-038,audio_spec_contrast_std,0.8533,0.8433,0.009999999999999898
Y4-039,audio_spec_contrast_std,0.2529,0.2134,0.03950000000000001
Y4-040,audio_spec_contrast_std,0.1617,0.1631,0.0013999999999999846
Y4-001,audio_chroma_mean,-0.4603,-0.4604,9.999999999998899e-05
Y4-002,audio_chroma_mean,0.9916,0.9912,0.00040000000000006697
Y4-003,audio_chroma_mean,0.1746,0.1744,0.00020000000000000573
Y4-004,audio_chroma_mean,0.8612,0.8608,0.00039999999999995595
Y4-005,audio_chroma_mean,0.0039,0.0037,0.00019999999999999966
Y4-006,audio_chroma_mean,1.1681,1.1677,0.00039999999999995595
Y4-007,audio_chroma_mean,1.4615,1.4611,0.00039999999999995595
Y4-008,audio_chroma_mean,1.2927,1.2923,0.00039999999999995595
Y4-009,audio_chroma_mean,0.3376,0.3373,0.00030000000000002247
Y4-010,audio_chroma_mean,1.778,1.7775,0.0004999999999999449
Y4-011,audio_chroma_mean,-0.1879,-0.1881,0.00019999999999997797
Y4-012,audio_chroma_mean,1.8528,1.8522,0.0005999999999999339
Y4-013,audio_chroma_mean,2.2651,2.2684,0.0033000000000003027
Y4-014,audio_chroma_mean,-0.4986,-0.4987,9.999999999998899e-05
Y4-015,audio_chroma_mean,0.7711,0.7707,0.00039999999999995595
Y4-016,audio_chroma_mean,0.1094,0.1092,0.00019999999999999185
Y4-017,audio_chroma_mean,-0.326,-0.3223,0.0037000000000000366
Y4-018,audio_chroma_mean,-0.092,-0.0922,0.00020000000000000573
Y4-019,audio_chroma_mean,0.1688,0.1686,0.00020000000000000573
Y4-020,audio_chroma_mean,-0.8304,-0.8305,9.999999999998899e-05
Y4-021,audio_chroma_mean,-1.4825,-1.4824,9.999999999998899e-05
Y4-022,audio_chroma_mean,-0.6118,-0.6119,9.999999999998899e-05
Y4-023,audio_chroma_mean,0.4738,0.4735,0.00030000000000002247
Y4-024,audio_chroma_mean,0.9437,0.9433,0.00039999999999995595
Y4-025,audio_chroma_mean,-0.606,-0.6061,9.999999999998899e-05
Y4-026,audio_chroma_mean,-0.3912,-0.3913,9.999999999998899e-05
Y4-029,audio_chroma_mean,-0.7671,-0.7672,9.999999999998899e-05
Y4-030,audio_chroma_mean,-0.2781,-0.2782,9.999999999998899e-05
Y4-031,audio_chroma_mean,-0.2128,-0.213,0.00020000000000000573
Y4-032,audio_chroma_mean,-1.1335,-1.1334,9.999999999998899e-05
Y4-033,audio_chroma_mean,-1.8584,-1.8583,9.999999999998899e-05
Y4-034,audio_chroma_mean,0.0691,0.0689,0.00019999999999999185
Y4-035,audio_chroma_mean,0.4105,0.4102,0.00029999999999996696
Y4-037,audio_chroma_mean,-1.3291,-1.329,9.999999999998899e-05
Y4-040,audio_chroma_mean,1.2793,1.2789,0.000400000000000178
Y4-001,audio_chroma_std,0.1175,0.1171,0.0003999999999999976
Y4-002,audio_chroma_std,0.6396,0.6393,0.00029999999999996696
Y4-003,audio_chroma_std,0.4099,0.4095,0.00040000000000001146
Y4-004,audio_chroma_std,0.9529,0.9525,0.00039999999999995595
Y4-005,audio_chroma_std,-0.1958,-0.1961,0.0002999999999999947
Y4-006,audio_chroma_std,0.4795,0.4791,0.00039999999999995595
Y4-007,audio_chroma_std,-1.0034,-1.0037,0.00029999999999996696
Y4-008,audio_chroma_std,-1.992,-1.9923,0.00029999999999996696
Y4-009,audio_chroma_std,-0.1401,-0.1405,0.00040000000000001146
Y4-010,audio_chroma_std,-1.3794,-1.3796,0.00019999999999997797
Y4-011,audio_chroma_std,0.1036,0.1032,0.0003999999999999976
Y4-012,audio_chroma_std,-2.7509,-2.7511,0.00019999999999997797
Y4-013,audio_chroma_std,-1.0243,-1.0246,0.00029999999999996696
Y4-014,audio_chroma_std,0.0479,0.0475,0.0003999999999999976
Y4-015,audio_chroma_std,-0.8015,-0.8018,0.00029999999999996696
Y4-016,audio_chroma_std,0.1801,0.1798,0.00030000000000002247
Y4-017,audio_chroma_std,0.1593,0.1728,0.013500000000000012
Y4-018,audio_chroma_std,-1.1079,-1.1081,0.00019999999999997797
Y4-019,audio_chroma_std,-0.5996,-0.5999,0.00029999999999996696
Y4-020,audio_chroma_std,1.2593,1.2589,0.000400000000000178
Y4-021,audio_chroma_std,1.5238,1.5234,0.00039999999999995595
Y4-022,audio_chroma_std,0.6605,0.6601,0.00039999999999995595
Y4-023,audio_chroma_std,-0.4813,-0.4816,0.00029999999999996696
Y4-024,audio_chroma_std,-1.5186,-1.5189,0.00029999999999996696
Y4-025,audio_chroma_std,-0.0914,-0.0917,0.0003000000000000086
Y4-026,audio_chroma_std,-0.2028,-0.2031,0.0002999999999999947
Y4-027,audio_chroma_std,0.396,0.3956,0.00040000000000001146
Y4-028,audio_chroma_std,0.6675,0.6671,0.00039999999999995595
Y4-029,audio_chroma_std,0.758,0.7576,0.00039999999999995595
Y4-030,audio_chroma_std,-0.2585,-0.2588,0.00029999999999996696
Y4-031,audio_chroma_std,-0.3072,-0.3075,0.00030000000000002247
Y4-032,audio_chroma_std,1.3985,1.3981,0.000400000000000178
Y4-033,audio_chroma_std,1.9276,1.9272,0.00039999999999995595
Y4-034,audio_chroma_std,2.2479,2.2474,0.000500000000000167
Y4-035,audio_chroma_std,-0.3351,-0.3354,0.00029999999999996696
Y4-036,audio_chroma_std,-0.1262,-0.1265,0.0002999999999999947
Y4-037,audio_chroma_std,0.1175,0.1171,0.0003999999999999976
Y4-038,audio_chroma_std,-0.0775,-0.0778,0.0002999999999999947
Y4-039,audio_chroma_std,0.9529,0.9525,0.00039999999999995595
Y4-040,audio_chroma_std,-0.6066,-0.6069,0.00029999999999996696
Y4-023,audio_mfcc_1_mean,-0.0042,-0.0043,0.00010000000000000026
Y4-010,audio_delta_mfcc_1_mean,0.6447,0.6446,0.00010000000000010001
Y4-032,audio_delta_mfcc_1_mean,0.0518,0.0517,9.999999999999593e-05
Y4-002,audio_delta2_mfcc_1_std,1.9325,1.9326,9.999999999998899e-05
Y4-006,audio_delta2_mfcc_1_std,0.8696,0.8695,9.999999999998899e-05
Y4-018,audio_delta2_mfcc_1_std,-0.929,-0.9291,9.999999999998899e-05
Y4-002,audio_delta_mfcc_3_mean,-0.6585,-0.6584,9.999999999998899e-05
Y4-005,audio_delta_mfcc_3_mean,-1.9665,-1.9664,9.999999999998899e-05
Y4-008,audio_delta_mfcc_3_mean,-0.7446,-0.7445,9.999999999998899e-05
Y4-021,audio_delta_mfcc_3_mean,-0.4744,-0.4743,9.999999999998899e-05
Y4-023,audio_delta_mfcc_3_mean,-3.3859,-3.3861,0.00019999999999997797
Y4-025,audio_delta_mfcc_3_mean,-2.0389,-2.0388,9.999999999976694e-05
Y4-031,audio_delta_mfcc_3_mean,1.2619,1.2618,9.999999999998899e-05
Y4-018,audio_mfcc_5_std,1.3269,1.3268,9.999999999998899e-05
Y4-015,audio_delta2_mfcc_5_std,-0.2934,-0.2937,0.00030000000000002247
Y4-018,audio_delta2_mfcc_5_std,0.629,0.6291,9.999999999998899e-05
Y4-040,audio_delta2_mfcc_5_std,-0.9363,-0.9362,9.999999999998899e-05
Y4-013,audio_delta_mfcc_6_mean,1.1735,1.1734,9.999999999998899e-05
Y4-019,audio_delta_mfcc_6_mean,1.4123,1.4122,0.00010000000000021103
Y4-023,audio_delta_mfcc_6_mean,1.9308,1.9307,9.999999999998899e-05
Y4-032,audio_delta_mfcc_6_mean,1.802,1.8023,0.00029999999999996696
Y4-039,audio_delta_mfcc_6_mean,-1.8384,-1.8383,9.999999999998899e-05
Y4-005,audio_delta_mfcc_6_std,-0.4227,-0.4228,9.999999999998899e-05
Y4-020,audio_delta_mfcc_6_std,-0.7543,-0.7542,9.999999999998899e-05
Y4-032,audio_delta_mfcc_6_std,-0.3905,-0.3904,9.999999999998899e-05
Y4-003,audio_delta_mfcc_7_std,-1.0732,-1.073,0.00019999999999997797
Y4-006,audio_delta2_mfcc_8_mean,1.8529,1.853,9.999999999998899e-05
Y4-007,audio_delta2_mfcc_8_mean,0.6761,0.6752,0.0009000000000000119
Y4-009,audio_delta2_mfcc_8_mean,0.0307,0.0308,9.99999999999994e-05
Y4-011,audio_delta2_mfcc_8_mean,1.007,1.0071,0.00010000000000021103
Y4-012,audio_delta2_mfcc_8_mean,0.386,0.3861,9.999999999998899e-05
Y4-023,audio_delta2_mfcc_8_mean,-0.1231,-0.123,0.00010000000000000286
Y4-025,audio_delta2_mfcc_8_mean,0.2721,0.2722,9.999999999998899e-05
Y4-033,audio_delta2_mfcc_8_mean,-0.6682,-0.6681,9.999999999998899e-05
Y4-034,audio_delta2_mfcc_8_mean,-2.318,-2.3181,9.999999999976694e-05
Y4-035,audio_delta2_mfcc_8_mean,1.5862,1.5863,9.999999999998899e-05
Y4-039,audio_delta2_mfcc_8_mean,-1.1072,-1.1071,9.999999999998899e-05
Y4-021,audio_mfcc_9_mean,-0.586,-0.5859,9.999999999998899e-05
Y4-001,audio_delta_mfcc_13_std,0.8819,0.8822,0.00029999999999996696
Y4-005,audio_delta_mfcc_13_std,-2.1702,-2.1701,9.999999999976694e-05
Y4-014,audio_delta_mfcc_13_std,0.1736,0.1735,0.00010000000000001674
Y4-004,face_browDownLeft_mean,5.2681,5.268,9.999999999976694e-05
Y4-005,face_browDownLeft_mean,1.0775,1.0788,0.0013000000000000789
Y4-010,face_browDownLeft_mean,-0.267,-0.2671,9.999999999998899e-05
Y4-012,face_browDownLeft_mean,0.2697,0.2683,0.0014000000000000123
Y4-014,face_browDownLeft_mean,-0.4817,-0.4804,0.0013000000000000234
Y4-017,face_browDownLeft_mean,1.6317,1.6316,9.999999999998899e-05
Y4-023,face_browDownLeft_mean,-0.0523,-0.0524,0.00010000000000000286
Y4-037,face_browDownLeft_mean,-0.4535,-0.4536,9.999999999998899e-05
Y4-003,face_browDownLeft_std,-0.4831,-0.483,9.999999999998899e-05
Y4-004,face_browDownLeft_std,2.78,2.7799,9.999999999976694e-05
Y4-011,face_browDownLeft_std,0.3552,0.3551,9.999999999998899e-05
Y4-015,face_browDownLeft_std,-0.6128,-0.6127,9.999999999998899e-05
Y4-017,face_browDownLeft_std,4.1371,4.1369,0.00020000000000042206
Y4-019,face_browDownLeft_std,-0.6128,-0.6127,9.999999999998899e-05
Y4-020,face_browDownLeft_std,-0.6228,-0.6227,9.999999999998899e-05
Y4-025,face_browDownLeft_std,-0.4964,-0.4963,9.999999999998899e-05
Y4-029,face_browDownLeft_std,-0.6627,-0.6626,9.999999999998899e-05
Y4-030,face_browDownLeft_std,-0.6128,-0.6127,9.999999999998899e-05
Y4-031,face_browDownLeft_std,0.9007,0.9039,0.0032000000000000917
Y4-033,face_browDownLeft_std,-0.6128,-0.6127,9.999999999998899e-05
Y4-036,face_browDownLeft_std,0.4317,0.4283,0.0033999999999999586
Y4-037,face_browDownLeft_std,-0.4332,-0.4331,9.999999999998899e-05
Y4-001,face_browDownLeft_max,0.217,0.2169,9.999999999998899e-05
Y4-003,face_browDownLeft_max,-0.3878,-0.387,0.0007999999999999674
Y4-004,face_browDownLeft_max,4.1407,4.1403,0.00039999999999995595
Y4-007,face_browDownLeft_max,-0.409,-0.4089,9.999999999998899e-05
Y4-009,face_browDownLeft_max,-0.1236,-0.1245,0.000899999999999998
Y4-010,face_browDownLeft_max,-0.2732,-0.2724,0.0008000000000000229
Y4-011,face_browDownLeft_max,0.2413,0.2405,0.0007999999999999952
Y4-016,face_browDownLeft_max,-0.6309,-0.6308,9.999999999998899e-05
Y4-017,face_browDownLeft_max,3.3904,3.3909,0.0004999999999997229
Y4-020,face_browDownLeft_max,-0.6049,-0.6048,9.999999999998899e-05
Y4-021,face_browDownLeft_max,-0.6057,-0.6056,9.999999999998899e-05
Y4-022,face_browDownLeft_max,-0.6366,-0.6365,0.00010000000000010001
Y4-023,face_browDownLeft_max,-0.0724,-0.0733,0.000899999999999998
Y4-024,face_browDownLeft_max,-0.548,-0.5479,9.999999999998899e-05
Y4-026,face_browDownLeft_max,-0.6569,-0.6568,9.999999999998899e-05
Y4-027,face_browDownLeft_max,-0.2358,-0.235,0.0008000000000000229
Y4-029,face_browDownLeft_max,-0.6504,-0.6503,9.999999999998899e-05
Y4-031,face_browDownLeft_max,0.9672,0.9663,0.0008999999999999009
Y4-033,face_browDownLeft_max,-0.6187,-0.6186,9.999999999998899e-05
Y4-034,face_browDownLeft_max,-0.1521,-0.1529,0.0007999999999999952
Y4-036,face_browDownLeft_max,0.725,0.7249,9.999999999998899e-05
Y4-038,face_browDownLeft_max,1.1956,1.1963,0.0006999999999999229
Y4-040,face_browDownLeft_max,0.7543,0.755,0.0007000000000000339
Y4-003,face_browDownRight_mean,-0.0735,-0.0734,9.999999999998899e-05
Y4-004,face_browDownRight_mean,5.1728,5.173,0.00020000000000042206
Y4-008,face_browDownRight_mean,-0.3031,-0.303,9.999999999998899e-05
Y4-013,face_browDownRight_mean,-0.5269,-0.5268,9.999999999998899e-05
Y4-014,face_browDownRight_mean,-0.2642,-0.2641,9.999999999998899e-05
Y4-017,face_browDownRight_mean,1.8822,1.8823,9.999999999998899e-05
Y4-018,face_browDownRight_mean,-0.2856,-0.2855,0.0001000000000000445
Y4-020,face_browDownRight_mean,-0.4043,-0.4042,9.999999999998899e-05
Y4-021,face_browDownRight_mean,-0.5775,-0.5774,9.999999999998899e-05
Y4-023,face_browDownRight_mean,-0.0988,-0.0987,0.00010000000000000286
Y4-029,face_browDownRight_mean,-0.6242,-0.6241,9.999999999998899e-05
Y4-030,face_browDownRight_mean,-0.5269,-0.5268,9.999999999998899e-05
Y4-031,face_browDownRight_mean,1.3587,1.3588,9.999999999998899e-05
Y4-036,face_browDownRight_mean,0.125,0.1251,9.999999999998899e-05
Y4-038,face_browDownRight_mean,0.5784,0.5765,0.0019000000000000128
Y4-039,face_browDownRight_mean,-0.0735,-0.0734,9.999999999998899e-05
Y4-040,face_browDownRight_mean,-0.019,-0.0189,9.99999999999994e-05
Y4-001,face_browDownRight_std,-0.1076,-0.1075,0.00010000000000000286
Y4-002,face_browDownRight_std,-0.2865,-0.2864,9.999999999998899e-05
Y4-003,face_browDownRight_std,-0.4085,-0.4084,9.999999999998899e-05
Y4-004,face_browDownRight_std,4.0327,4.0325,0.00020000000000042206
Y4-005,face_browDownRight_std,0.1364,0.1365,0.00010000000000001674
Y4-006,face_browDownRight_std,-0.677,-0.6768,0.000200000000000089
Y4-007,face_browDownRight_std,-0.0872,-0.0871,0.00010000000000000286
Y4-008,face_browDownRight_std,-0.1157,-0.1156,0.00010000000000000286
Y4-009,face_browDownRight_std,-0.0994,-0.0993,0.00010000000000000286
Y4-010,face_browDownRight_std,-0.2784,-0.2783,9.999999999998899e-05
Y4-011,face_browDownRight_std,0.112,0.1121,0.00010000000000000286
Y4-013,face_browDownRight_std,-0.4655,-0.4653,0.00020000000000003348
Y4-014,face_browDownRight_std,-0.1279,-0.1278,0.00010000000000001674
Y4-015,face_browDownRight_std,-0.6241,-0.6239,0.00019999999999997797
Y4-016,face_browDownRight_std,-0.6566,-0.6565,9.999999999998899e-05
Y4-017,face_browDownRight_std,3.5528,3.5526,0.00019999999999997797
Y4-018,face_browDownRight_std,-0.2581,-0.2579,0.00019999999999997797
Y4-019,face_browDownRight_std,-0.5793,-0.5833,0.0040000000000000036
Y4-020,face_browDownRight_std,-0.2418,-0.2417,9.999999999998899e-05
Y4-021,face_browDownRight_std,-0.5712,-0.5711,9.999999999998899e-05
Y4-022,face_browDownRight_std,-0.6485,-0.6483,0.00019999999999997797
Y4-023,face_browDownRight_std,-0.1604,-0.1603,9.999999999998899e-05
Y4-024,face_browDownRight_std,-0.5265,-0.5263,0.00019999999999997797
Y4-025,face_browDownRight_std,-0.5509,-0.5507,0.00019999999999997797
Y4-026,face_browDownRight_std,-0.677,-0.6768,0.000200000000000089
Y4-027,face_browDownRight_std,-0.3679,-0.3677,0.00019999999999997797
Y4-028,face_browDownRight_std,-0.4411,-0.4409,0.00019999999999997797
Y4-029,face_browDownRight_std,-0.6648,-0.6646,0.00019999999999997797
Y4-030,face_browDownRight_std,-0.6282,-0.628,0.00019999999999997797
Y4-032,face_browDownRight_std,-0.6688,-0.6687,9.999999999998899e-05
Y4-033,face_browDownRight_std,-0.5875,-0.5873,0.00019999999999997797
Y4-035,face_browDownRight_std,0.3154,0.3155,9.999999999998899e-05
Y4-036,face_browDownRight_std,-0.0669,-0.0668,0.00010000000000000286
Y4-037,face_browDownRight_std,-0.376,-0.3759,9.999999999998899e-05
Y4-039,face_browDownRight_std,0.4537,0.4538,9.999999999998899e-05
Y4-040,face_browDownRight_std,0.0388,0.0389,9.999999999999593e-05
Y4-001,face_browDownRight_max,0.2851,0.2852,9.999999999998899e-05
Y4-003,face_browDownRight_max,-0.2951,-0.2961,0.0010000000000000009
Y4-004,face_browDownRight_max,4.2041,4.2042,9.999999999976694e-05
Y4-005,face_browDownRight_max,0.1786,0.1787,9.999999999998899e-05
Y4-006,face_browDownRight_max,-0.7078,-0.7077,9.999999999998899e-05
Y4-007,face_browDownRight_max,-0.0862,-0.0861,0.00010000000000000286
Y4-008,face_browDownRight_max,-0.1576,-0.1575,9.999999999998899e-05
Y4-009,face_browDownRight_max,-0.0738,-0.0737,0.00010000000000000286
Y4-012,face_browDownRight_max,0.1672,0.1662,0.0010000000000000009
Y4-015,face_browDownRight_max,-0.653,-0.6529,9.999999999998899e-05
Y4-017,face_browDownRight_max,3.417,3.4171,0.00010000000000021103
Y4-021,face_browDownRight_max,-0.6292,-0.6291,9.999999999998899e-05
Y4-023,face_browDownRight_max,-0.0427,-0.0417,0.0010000000000000009
Y4-024,face_browDownRight_max,-0.5382,-0.5381,9.999999999998899e-05
Y4-027,face_browDownRight_max,-0.4203,-0.4202,9.999999999998899e-05
Y4-029,face_browDownRight_max,-0.6923,-0.6922,9.999999999998899e-05
Y4-030,face_browDownRight_max,-0.6251,-0.625,9.999999999998899e-05
Y4-031,face_browDownRight_max,1.5004,1.5005,9.999999999998899e-05
Y4-032,face_browDownRight_max,-0.6985,-0.6984,9.999999999998899e-05
Y4-033,face_browDownRight_max,-0.6261,-0.626,9.999999999998899e-05
Y4-034,face_browDownRight_max,0.3141,0.3131,0.0010000000000000009
Y4-035,face_browDownRight_max,0.4568,0.4579,0.0010999999999999899
Y4-036,face_browDownRight_max,0.0731,0.0721,0.0010000000000000009
Y4-037,face_browDownRight_max,-0.3882,-0.3881,9.999999999998899e-05
Y4-038,face_browDownRight_max,1.1074,1.1075,9.999999999998899e-05
Y4-039,face_browDownRight_max,0.1941,0.1942,0.00010000000000001674
Y4-040,face_browDownRight_max,-0.0324,-0.0323,9.999999999999593e-05
Y4-001,face_browInnerUp_mean,-0.9389,-0.9394,0.000500000000000056
Y4-006,face_browInnerUp_mean,2.5624,2.5623,9.999999999976694e-05
Y4-016,face_browInnerUp_mean,2.088,2.0879,0.00010000000000021103
Y4-019,face_browInnerUp_mean,0.7878,0.7877,9.999999999998899e-05
Y4-022,face_browInnerUp_mean,1.3271,1.327,9.999999999998899e-05
Y4-024,face_browInnerUp_mean,0.5655,0.5661,0.0006000000000000449
Y4-025,face_browInnerUp_mean,-0.4587,-0.4581,0.0005999999999999894
Y4-029,face_browInnerUp_mean,2.0676,2.0675,0.00010000000000021103
Y4-031,face_browInnerUp_mean,-0.9506,-0.9505,9.999999999998899e-05
Y4-033,face_browInnerUp_mean,1.4417,1.4416,9.999999999998899e-05
Y4-037,face_browInnerUp_mean,0.9083,0.9088,0.000500000000000056
Y4-040,face_browInnerUp_mean,-0.592,-0.5926,0.0006000000000000449
Y4-001,face_browInnerUp_std,-0.9762,-0.9761,9.999999999998899e-05
Y4-002,face_browInnerUp_std,-0.7433,-0.7432,9.999999999998899e-05
Y4-003,face_browInnerUp_std,-0.9791,-0.979,9.999999999998899e-05
Y4-004,face_browInnerUp_std,-0.9084,-0.9083,9.999999999998899e-05
Y4-008,face_browInnerUp_std,-0.5488,-0.5487,9.999999999998899e-05
Y4-009,face_browInnerUp_std,-0.7743,-0.7742,9.999999999998899e-05
Y4-010,face_browInnerUp_std,-0.6932,-0.6931,9.999999999998899e-05
Y4-011,face_browInnerUp_std,-0.4191,-0.419,9.999999999998899e-05
Y4-012,face_browInnerUp_std,0.8057,0.8056,9.999999999998899e-05
Y4-013,face_browInnerUp_std,0.2766,0.2765,9.999999999998899e-05
Y4-015,face_browInnerUp_std,2.1085,2.1083,0.00019999999999997797
Y4-016,face_browInnerUp_std,1.4099,1.4098,9.999999999998899e-05
Y4-017,face_browInnerUp_std,-0.845,-0.8449,9.999999999998899e-05
Y4-018,face_browInnerUp_std,-0.9673,-0.9672,0.00010000000000010001
Y4-019,face_browInnerUp_std,2.4121,2.4119,0.00019999999999997797
Y4-020,face_browInnerUp_std,-0.2673,-0.2672,9.999999999998899e-05
Y4-022,face_browInnerUp_std,0.5625,0.5624,9.999999999998899e-05
Y4-023,face_browInnerUp_std,-0.7949,-0.7948,0.00010000000000010001
Y4-026,face_browInnerUp_std,-0.5385,-0.5384,9.999999999998899e-05
Y4-027,face_browInnerUp_std,-0.3469,-0.3483,0.0014000000000000123
Y4-029,face_browInnerUp_std,0.3223,0.3222,9.999999999998899e-05
Y4-030,face_browInnerUp_std,-0.8273,-0.8272,9.999999999998899e-05
Y4-031,face_browInnerUp_std,-0.9747,-0.9746,9.999999999998899e-05
Y4-032,face_browInnerUp_std,-0.341,-0.3409,0.0001000000000000445
Y4-033,face_browInnerUp_std,2.4667,2.4679,0.001200000000000312
Y4-034,face_browInnerUp_std,-0.9334,-0.9333,9.999999999998899e-05
Y4-035,face_browInnerUp_std,-0.9894,-0.9893,9.999999999998899e-05
Y4-036,face_browInnerUp_std,-0.6328,-0.6327,9.999999999998899e-05
Y4-037,face_browInnerUp_std,1.3127,1.3125,0.00019999999999997797
Y4-038,face_browInnerUp_std,2.2795,2.2792,0.000300000000000189
Y4-039,face_browInnerUp_std,0.7585,0.7584,9.999999999998899e-05
Y4-001,face_browInnerUp_max,-1.1801,-1.1802,9.999999999998899e-05
Y4-002,face_browInnerUp_max,-0.8026,-0.8027,9.999999999998899e-05
Y4-003,face_browInnerUp_max,-1.1934,-1.1935,9.999999999998899e-05
Y4-005,face_browInnerUp_max,-0.388,-0.3874,0.0005999999999999894
Y4-006,face_browInnerUp_max,1.7236,1.7234,0.00019999999999997797
Y4-007,face_browInnerUp_max,-0.3457,-0.3461,0.00040000000000001146
Y4-008,face_browInnerUp_max,-0.7094,-0.7095,9.999999999998899e-05
Y4-009,face_browInnerUp_max,-0.9045,-0.9046,9.999999999998899e-05
Y4-011,face_browInnerUp_max,-0.322,-0.3221,9.999999999998899e-05
Y4-012,face_browInnerUp_max,0.4429,0.4428,9.999999999998899e-05
Y4-013,face_browInnerUp_max,0.3872,0.3867,0.0005000000000000004
Y4-014,face_browInnerUp_max,0.0017,0.0023,0.0006000000000000001
Y4-015,face_browInnerUp_max,1.3361,1.336,9.999999999998899e-05
Y4-016,face_browInnerUp_max,1.9999,2.0001,0.00020000000000020002
Y4-017,face_browInnerUp_max,-1.0484,-1.0485,9.999999999998899e-05
Y4-018,face_browInnerUp_max,-1.1663,-1.1664,0.00010000000000021103
Y4-019,face_browInnerUp_max,1.4537,1.4539,0.00019999999999997797
Y4-020,face_browInnerUp_max,-0.2189,-0.219,9.999999999998899e-05
Y4-021,face_browInnerUp_max,0.5964,0.5963,9.999999999998899e-05
Y4-022,face_browInnerUp_max,1.2438,1.244,0.00019999999999997797
Y4-023,face_browInnerUp_max,-0.9423,-0.9424,9.999999999998899e-05
Y4-024,face_browInnerUp_max,0.3647,0.3661,0.0013999999999999568
Y4-025,face_browInnerUp_max,-0.5121,-0.5118,0.00029999999999996696
Y4-026,face_browInnerUp_max,1.1289,1.1291,0.00019999999999997797
Y4-028,face_browInnerUp_max,-0.6564,-0.6561,0.00029999999999996696
Y4-029,face_browInnerUp_max,1.0956,1.0955,9.999999999998899e-05
Y4-030,face_browInnerUp_max,-0.8881,-0.8885,0.00039999999999995595
Y4-031,face_browInnerUp_max,-1.1606,-1.1603,0.00029999999999996696
Y4-032,face_browInnerUp_max,0.3822,0.3817,0.0005000000000000004
Y4-033,face_browInnerUp_max,1.6995,1.6993,0.00019999999999997797
Y4-034,face_browInnerUp_max,-1.114,-1.1141,9.999999999998899e-05
Y4-036,face_browInnerUp_max,-0.8129,-0.8126,0.00029999999999996696
Y4-037,face_browInnerUp_max,1.3182,1.318,0.00019999999999997797
Y4-038,face_browInnerUp_max,1.367,1.3669,9.999999999998899e-05
Y4-039,face_browInnerUp_max,0.7857,0.7856,9.999999999998899e-05
Y4-040,face_browInnerUp_max,0.5403,0.5398,0.000500000000000056
Y4-003,face_browOuterUpLeft_mean,-0.5303,-0.5309,0.0006000000000000449
Y4-006,face_browOuterUpLeft_mean,2.4079,2.408,9.999999999976694e-05
Y4-012,face_browOuterUpLeft_mean,-0.6584,-0.6578,0.0005999999999999339
Y4-014,face_browOuterUpLeft_mean,0.8191,0.8192,9.999999999998899e-05
Y4-022,face_browOuterUpLeft_mean,1.9878,1.9879,9.999999999998899e-05
Y4-029,face_browOuterUpLeft_mean,1.8795,1.8796,9.999999999998899e-05
Y4-033,face_browOuterUpLeft_mean,0.7485,0.7479,0.0006000000000000449
Y4-002,face_browOuterUpLeft_std,-0.408,-0.4081,0.0001000000000000445
Y4-003,face_browOuterUpLeft_std,-0.85,-0.848,0.0020000000000000018
Y4-006,face_browOuterUpLeft_std,0.1727,0.1726,9.999999999998899e-05
Y4-009,face_browOuterUpLeft_std,-1.1056,-1.1057,9.999999999998899e-05
Y4-012,face_browOuterUpLeft_std,1.7106,1.7105,9.999999999998899e-05
Y4-013,face_browOuterUpLeft_std,0.8842,0.8841,9.999999999998899e-05
Y4-015,face_browOuterUpLeft_std,0.5572,0.5571,9.999999999998899e-05
Y4-016,face_browOuterUpLeft_std,0.8346,0.8345,9.999999999998899e-05
Y4-018,face_browOuterUpLeft_std,-0.3743,-0.3744,9.999999999998899e-05
Y4-019,face_browOuterUpLeft_std,2.3726,2.3724,0.00019999999999997797
Y4-021,face_browOuterUpLeft_std,0.8069,0.8068,9.999999999998899e-05
Y4-022,face_browOuterUpLeft_std,0.6761,0.676,9.999999999998899e-05
Y4-023,face_browOuterUpLeft_std,-0.5745,-0.5765,0.0020000000000000018
Y4-024,face_browOuterUpLeft_std,0.5968,0.5967,9.999999999998899e-05
Y4-027,face_browOuterUpLeft_std,-0.1999,-0.2,0.00010000000000001674
Y4-028,face_browOuterUpLeft_std,-0.1543,-0.1544,0.00010000000000001674
Y4-029,face_browOuterUpLeft_std,-0.301,-0.2991,0.0019000000000000128
Y4-031,face_browOuterUpLeft_std,-1.0838,-1.0839,9.999999999998899e-05
Y4-032,face_browOuterUpLeft_std,-0.4516,-0.4536,0.0020000000000000018
Y4-033,face_browOuterUpLeft_std,1.6432,1.6431,9.999999999998899e-05
Y4-035,face_browOuterUpLeft_std,-1.1274,-1.1275,9.999999999998899e-05
Y4-037,face_browOuterUpLeft_std,1.4332,1.4331,9.999999999998899e-05
Y4-038,face_browOuterUpLeft_std,2.321,2.3209,0.00010000000000021103
Y4-039,face_browOuterUpLeft_std,0.7573,0.7592,0.0019000000000000128
Y4-001,face_browOuterUpLeft_max,-0.873,-0.8729,9.999999999998899e-05
Y4-003,face_browOuterUpLeft_max,-0.798,-0.7979,9.999999999998899e-05
Y4-006,face_browOuterUpLeft_max,1.6487,1.6497,0.0009999999999998899
Y4-007,face_browOuterUpLeft_max,-0.7155,-0.7154,9.999999999998899e-05
Y4-008,face_browOuterUpLeft_max,-0.0492,-0.0496,0.0003999999999999976
Y4-010,face_browOuterUpLeft_max,-0.4041,-0.404,9.999999999998899e-05
Y4-011,face_browOuterUpLeft_max,-1.1822,-1.1821,9.999999999998899e-05
Y4-012,face_browOuterUpLeft_max,0.721,0.7216,0.0006000000000000449
Y4-013,face_browOuterUpLeft_max,0.3372,0.3369,0.00030000000000002247
Y4-014,face_browOuterUpLeft_max,0.7587,0.7589,0.00019999999999997797
Y4-015,face_browOuterUpLeft_max,0.7864,0.7865,9.999999999998899e-05
Y4-016,face_browOuterUpLeft_max,0.9956,0.9957,9.999999999998899e-05
Y4-018,face_browOuterUpLeft_max,-0.4273,-0.4272,9.999999999998899e-05
Y4-019,face_browOuterUpLeft_max,1.9154,1.9147,0.0006999999999999229
Y4-020,face_browOuterUpLeft_max,-0.4168,-0.4171,0.00030000000000002247
Y4-021,face_browOuterUpLeft_max,0.853,0.8532,0.00019999999999997797
Y4-022,face_browOuterUpLeft_max,1.5829,1.5831,0.00019999999999997797
Y4-023,face_browOuterUpLeft_max,-0.8335,-0.8339,0.00039999999999995595
Y4-024,face_browOuterUpLeft_max,0.5521,0.5518,0.000300000000000078
Y4-025,face_browOuterUpLeft_max,-0.5374,-0.5378,0.00039999999999995595
Y4-026,face_browOuterUpLeft_max,1.4233,1.4234,9.999999999998899e-05
Y4-027,face_browOuterUpLeft_max,-0.3177,-0.3176,9.999999999998899e-05
Y4-029,face_browOuterUpLeft_max,1.0395,1.0396,9.999999999998899e-05
Y4-030,face_browOuterUpLeft_max,-0.1913,-0.1917,0.00040000000000001146
Y4-031,face_browOuterUpLeft_max,-1.2502,-1.2497,0.0004999999999999449
Y4-032,face_browOuterUpLeft_max,0.7166,0.7154,0.0011999999999999789
Y4-033,face_browOuterUpLeft_max,1.3553,1.355,0.00029999999999996696
Y4-034,face_browOuterUpLeft_max,-1.1708,-1.1707,9.999999999998899e-05
Y4-035,face_browOuterUpLeft_max,-1.316,-1.3159,9.999999999998899e-05
Y4-037,face_browOuterUpLeft_max,0.7118,0.7119,9.999999999998899e-05
Y4-038,face_browOuterUpLeft_max,1.1794,1.1795,9.999999999998899e-05
Y4-039,face_browOuterUpLeft_max,0.5039,0.504,9.999999999998899e-05
Y4-040,face_browOuterUpLeft_max,0.8588,0.8593,0.0004999999999999449
Y4-001,face_browOuterUpRight_mean,-0.4974,-0.4973,9.999999999998899e-05
Y4-002,face_browOuterUpRight_mean,-0.7199,-0.7198,9.999999999998899e-05
Y4-004,face_browOuterUpRight_mean,-0.9886,-0.9885,9.999999999998899e-05
Y4-005,face_browOuterUpRight_mean,-0.7193,-0.7192,0.00010000000000010001
Y4-009,face_browOuterUpRight_mean,-0.7082,-0.7081,0.00010000000000010001
Y4-010,face_browOuterUpRight_mean,-0.7575,-0.7574,9.999999999998899e-05
Y4-014,face_browOuterUpRight_mean,-0.6077,-0.6083,0.0005999999999999339
Y4-015,face_browOuterUpRight_mean,1.5068,1.5063,0.0004999999999999449
Y4-017,face_browOuterUpRight_mean,-0.9165,-0.9164,9.999999999998899e-05
Y4-019,face_browOuterUpRight_mean,0.7654,0.7655,9.999999999998899e-05
Y4-020,face_browOuterUpRight_mean,-0.8413,-0.8412,0.00010000000000010001
Y4-022,face_browOuterUpRight_mean,0.652,0.6515,0.000500000000000056
Y4-024,face_browOuterUpRight_mean,0.9226,0.9232,0.0006000000000000449
Y4-025,face_browOuterUpRight_mean,-0.3754,-0.3753,9.999999999998899e-05
Y4-026,face_browOuterUpRight_mean,2.8972,2.8973,9.999999999976694e-05
Y4-032,face_browOuterUpRight_mean,1.3398,1.3399,9.999999999998899e-05
Y4-034,face_browOuterUpRight_mean,-0.8,-0.8006,0.0005999999999999339
Y4-036,face_browOuterUpRight_mean,-0.4549,-0.4548,0.0001000000000000445
Y4-038,face_browOuterUpRight_mean,-0.3797,-0.3796,9.999999999998899e-05
Y4-001,face_browOuterUpRight_std,-0.3327,-0.3326,9.999999999998899e-05
Y4-002,face_browOuterUpRight_std,-0.8551,-0.855,9.999999999998899e-05
Y4-003,face_browOuterUpRight_std,-0.903,-0.9029,9.999999999998899e-05
Y4-004,face_browOuterUpRight_std,-1.0258,-1.0257,9.999999999998899e-05
Y4-005,face_browOuterUpRight_std,-0.7073,-0.7072,9.999999999998899e-05
Y4-006,face_browOuterUpRight_std,0.4603,0.4605,0.00020000000000003348
Y4-007,face_browOuterUpRight_std,-0.5034,-0.5032,0.00019999999999997797
Y4-008,face_browOuterUpRight_std,-0.2016,-0.2014,0.00020000000000000573
Y4-009,face_browOuterUpRight_std,-0.8822,-0.8821,9.999999999998899e-05
Y4-010,face_browOuterUpRight_std,-0.6636,-0.6635,9.999999999998899e-05
Y4-011,face_browOuterUpRight_std,-0.7823,-0.7822,9.999999999998899e-05
Y4-012,face_browOuterUpRight_std,0.6185,0.6187,0.00019999999999997797
Y4-013,face_browOuterUpRight_std,-0.4118,-0.4117,9.999999999998899e-05
Y4-014,face_browOuterUpRight_std,-0.4534,-0.4533,0.0001000000000000445
Y4-015,face_browOuterUpRight_std,1.324,1.3243,0.00029999999999996696
Y4-016,face_browOuterUpRight_std,1.4947,1.495,0.000300000000000189
Y4-017,face_browOuterUpRight_std,-0.9259,-0.9258,9.999999999998899e-05
Y4-018,face_browOuterUpRight_std,-0.5471,-0.547,9.999999999998899e-05
Y4-019,face_browOuterUpRight_std,3.0827,3.0831,0.00039999999999995595
Y4-020,face_browOuterUpRight_std,-0.8218,-0.8217,9.999999999998899e-05
Y4-021,face_browOuterUpRight_std,1.272,1.2722,0.00019999999999997797
Y4-022,face_browOuterUpRight_std,0.4249,0.4251,0.00019999999999997797
Y4-023,face_browOuterUpRight_std,-0.6387,-0.6385,0.000200000000000089
Y4-024,face_browOuterUpRight_std,0.2397,0.2398,0.00010000000000001674
Y4-025,face_browOuterUpRight_std,-0.7386,-0.7385,9.999999999998899e-05
Y4-026,face_browOuterUpRight_std,0.0544,0.0525,0.001899999999999999
Y4-027,face_browOuterUpRight_std,-0.0247,-0.0245,0.0001999999999999988
Y4-028,face_browOuterUpRight_std,-0.8718,-0.8717,9.999999999998899e-05
Y4-029,face_browOuterUpRight_std,0.3021,0.3023,0.00020000000000003348
Y4-030,face_browOuterUpRight_std,-0.4638,-0.4658,0.0020000000000000018
Y4-031,face_browOuterUpRight_std,-0.6511,-0.651,9.999999999998899e-05
Y4-032,face_browOuterUpRight_std,-0.3951,-0.395,9.999999999998899e-05
Y4-033,face_browOuterUpRight_std,1.7819,1.7822,0.00029999999999996696
Y4-034,face_browOuterUpRight_std,-0.8176,-0.8175,9.999999999998899e-05
Y4-035,face_browOuterUpRight_std,-0.6824,-0.6823,9.999999999998899e-05
Y4-036,face_browOuterUpRight_std,-0.5679,-0.5678,9.999999999998899e-05
Y4-037,face_browOuterUpRight_std,2.2502,2.2505,0.000300000000000189
Y4-038,face_browOuterUpRight_std,1.7632,1.7614,0.0018000000000000238
Y4-039,face_browOuterUpRight_std,-0.2286,-0.2285,9.999999999998899e-05
Y4-040,face_browOuterUpRight_std,1.0285,1.0287,0.00019999999999997797
Y4-001,face_browOuterUpRight_max,-0.533,-0.5325,0.000500000000000056
Y4-004,face_browOuterUpRight_max,-1.1867,-1.1866,9.999999999998899e-05
Y4-006,face_browOuterUpRight_max,1.2769,1.2772,0.00029999999999996696
Y4-008,face_browOuterUpRight_max,-0.4228,-0.4232,0.00040000000000001146
Y4-011,face_browOuterUpRight_max,-0.9882,-0.9881,9.999999999998899e-05
Y4-012,face_browOuterUpRight_max,0.1501,0.1504,0.0002999999999999947
Y4-015,face_browOuterUpRight_max,1.4741,1.4744,0.00029999999999996696
Y4-016,face_browOuterUpRight_max,2.2591,2.2592,9.999999999976694e-05
Y4-017,face_browOuterUpRight_max,-1.108,-1.1079,9.999999999998899e-05
Y4-019,face_browOuterUpRight_max,1.5192,1.519,0.00020000000000020002
Y4-021,face_browOuterUpRight_max,1.0666,1.0665,9.999999999998899e-05
Y4-022,face_browOuterUpRight_max,0.6149,0.6152,0.00029999999999996696
Y4-023,face_browOuterUpRight_max,-0.7415,-0.742,0.0004999999999999449
Y4-024,face_browOuterUpRight_max,0.6538,0.6537,0.00010000000000010001
Y4-026,face_browOuterUpRight_max,1.9626,1.9628,0.00020000000000020002
Y4-027,face_browOuterUpRight_max,0.3184,0.3183,9.999999999998899e-05
Y4-029,face_browOuterUpRight_max,1.1803,1.1801,0.00019999999999997797
Y4-030,face_browOuterUpRight_max,-0.1132,-0.1137,0.0005000000000000004
Y4-032,face_browOuterUpRight_max,0.726,0.7258,0.00019999999999997797
Y4-033,face_browOuterUpRight_max,1.569,1.5693,0.00029999999999996696
Y4-035,face_browOuterUpRight_max,-0.7442,-0.7433,0.0009000000000000119
Y4-037,face_browOuterUpRight_max,1.0823,1.0822,9.999999999998899e-05
Y4-038,face_browOuterUpRight_max,0.938,0.9379,9.999999999998899e-05
Y4-039,face_browOuterUpRight_max,-0.2981,-0.2982,0.0001000000000000445
Y4-040,face_browOuterUpRight_max,1.2192,1.2186,0.000600000000000156
Y4-001,face_eyeBlinkLeft_mean,2.4424,2.4426,0.00019999999999997797
Y4-002,face_eyeBlinkLeft_mean,-1.0275,-1.0277,0.00019999999999997797
Y4-003,face_eyeBlinkLeft_mean,-0.0791,-0.0779,0.0012000000000000066
Y4-004,face_eyeBlinkLeft_mean,-0.3575,-0.3576,9.999999999998899e-05
Y4-005,face_eyeBlinkLeft_mean,-0.0508,-0.0509,0.00010000000000000286
Y4-006,face_eyeBlinkLeft_mean,-0.3897,-0.3898,9.999999999998899e-05
Y4-007,face_eyeBlinkLeft_mean,-0.007,-0.0071,0.00010000000000000026
Y4-010,face_eyeBlinkLeft_mean,1.9863,1.9865,0.00019999999999997797
Y4-011,face_eyeBlinkLeft_mean,0.2649,0.2648,0.0001000000000000445
Y4-012,face_eyeBlinkLeft_mean,-0.159,-0.1591,9.999999999998899e-05
Y4-013,face_eyeBlinkLeft_mean,0.0381,0.038,0.00010000000000000286
Y4-014,face_eyeBlinkLeft_mean,-1.758,-1.757,0.001000000000000112
Y4-015,face_eyeBlinkLeft_mean,-0.2106,-0.2107,9.999999999998899e-05
Y4-016,face_eyeBlinkLeft_mean,-1.021,-1.0212,0.00020000000000020002
Y4-019,face_eyeBlinkLeft_mean,0.4582,0.4581,9.999999999998899e-05
Y4-020,face_eyeBlinkLeft_mean,-0.534,-0.5341,9.999999999998899e-05
Y4-022,face_eyeBlinkLeft_mean,-0.1809,-0.181,9.999999999998899e-05
Y4-023,face_eyeBlinkLeft_mean,1.6101,1.6102,9.999999999998899e-05
Y4-024,face_eyeBlinkLeft_mean,-1.5403,-1.5405,0.00019999999999997797
Y4-025,face_eyeBlinkLeft_mean,0.5445,0.5432,0.0012999999999999678
Y4-026,face_eyeBlinkLeft_mean,2.1512,2.1514,0.00020000000000042206
Y4-027,face_eyeBlinkLeft_mean,-2.1755,-2.1758,0.000300000000000189
Y4-028,face_eyeBlinkLeft_mean,-0.2698,-0.2699,9.999999999998899e-05
Y4-030,face_eyeBlinkLeft_mean,-0.6164,-0.6166,0.000200000000000089
Y4-032,face_eyeBlinkLeft_mean,-1.2246,-1.2235,0.0010999999999998789
Y4-033,face_eyeBlinkLeft_mean,1.0998,1.0999,9.999999999998899e-05
Y4-034,face_eyeBlinkLeft_mean,-0.3265,-0.3266,9.999999999998899e-05
Y4-035,face_eyeBlinkLeft_mean,-0.695,-0.6952,0.000200000000000089
Y4-037,face_eyeBlinkLeft_mean,0.9529,0.953,9.999999999998899e-05
Y4-038,face_eyeBlinkLeft_mean,-0.9695,-0.9697,0.00019999999999997797
Y4-039,face_eyeBlinkLeft_mean,-0.9038,-0.9039,9.999999999998899e-05
Y4-040,face_eyeBlinkLeft_mean,-0.9205,-0.9207,0.00019999999999997797
Y4-032,face_eyeBlinkLeft_std,-0.9197,-0.9198,9.999999999998899e-05
Y4-036,face_eyeBlinkLeft_std,-0.2796,-0.2818,0.0021999999999999797
Y4-039,face_eyeBlinkLeft_std,-0.5151,-0.513,0.0020999999999999908
Y4-001,face_eyeBlinkLeft_max,1.4895,1.4892,0.00029999999999996696
Y4-002,face_eyeBlinkLeft_max,-0.8738,-0.8742,0.00039999999999995595
Y4-003,face_eyeBlinkLeft_max,1.4884,1.4881,0.00029999999999996696
Y4-004,face_eyeBlinkLeft_max,-0.6064,-0.6063,0.00010000000000010001
Y4-005,face_eyeBlinkLeft_max,-0.1812,-0.1816,0.00040000000000001146
Y4-006,face_eyeBlinkLeft_max,0.4928,0.4935,0.0006999999999999784
Y4-007,face_eyeBlinkLeft_max,0.0999,0.1001,0.00019999999999999185
Y4-008,face_eyeBlinkLeft_max,0.8977,0.8979,0.00019999999999997797
Y4-009,face_eyeBlinkLeft_max,-0.2836,-0.2835,0.0001000000000000445
Y4-010,face_eyeBlinkLeft_max,2.0336,2.0339,0.000300000000000189
Y4-011,face_eyeBlinkLeft_max,-0.3253,-0.3246,0.0006999999999999784
Y4-012,face_eyeBlinkLeft_max,-0.5916,-0.592,0.00039999999999995595
Y4-013,face_eyeBlinkLeft_max,-0.2584,-0.2588,0.00039999999999995595
Y4-014,face_eyeBlinkLeft_max,-1.0749,-1.0748,9.999999999998899e-05
Y4-015,face_eyeBlinkLeft_max,1.8468,1.8465,0.00029999999999996696
Y4-016,face_eyeBlinkLeft_max,-0.962,-0.9619,9.999999999998899e-05
Y4-017,face_eyeBlinkLeft_max,-0.1368,-0.1366,0.00020000000000000573
Y4-018,face_eyeBlinkLeft_max,1.4994,1.5002,0.0007999999999999119
Y4-019,face_eyeBlinkLeft_max,-0.2475,-0.2473,0.00020000000000000573
Y4-020,face_eyeBlinkLeft_max,-0.8787,-0.8786,9.999999999998899e-05
Y4-021,face_eyeBlinkLeft_max,-0.1943,-0.1942,9.999999999998899e-05
Y4-022,face_eyeBlinkLeft_max,-0.3998,-0.4008,0.0010000000000000009
Y4-023,face_eyeBlinkLeft_max,0.2123,0.2124,0.00010000000000001674
Y4-024,face_eyeBlinkLeft_max,-1.2513,-1.2512,9.999999999998899e-05
Y4-025,face_eyeBlinkLeft_max,0.1224,0.1226,0.00020000000000000573
Y4-026,face_eyeBlinkLeft_max,1.0923,1.0908,0.0015000000000000568
Y4-027,face_eyeBlinkLeft_max,-1.3061,-1.306,9.999999999998899e-05
Y4-028,face_eyeBlinkLeft_max,-0.7039,-0.7038,9.999999999998899e-05
Y4-029,face_eyeBlinkLeft_max,-0.3143,-0.3147,0.00039999999999995595
Y4-030,face_eyeBlinkLeft_max,-0.7702,-0.7701,9.999999999998899e-05
Y4-031,face_eyeBlinkLeft_max,0.5465,0.5461,0.00039999999999995595
Y4-032,face_eyeBlinkLeft_max,-1.122,-1.1219,0.00010000000000021103
Y4-033,face_eyeBlinkLeft_max,2.0139,2.0142,0.000300000000000189
Y4-034,face_eyeBlinkLeft_max,-0.5483,-0.5487,0.00039999999999995595
Y4-035,face_eyeBlinkLeft_max,-0.8782,-0.8775,0.0007000000000000339
Y4-036,face_eyeBlinkLeft_max,0.1482,0.1483,9.999999999998899e-05
Y4-037,face_eyeBlinkLeft_max,2.335,2.3353,0.000300000000000189
Y4-038,face_eyeBlinkLeft_max,-0.7801,-0.78,9.999999999998899e-05
Y4-039,face_eyeBlinkLeft_max,-0.7609,-0.7608,9.999999999998899e-05
Y4-040,face_eyeBlinkLeft_max,-0.8694,-0.8693,9.999999999998899e-05
Y4-001,face_eyeBlinkRight_mean,2.0573,2.0574,9.999999999976694e-05
Y4-004,face_eyeBlinkRight_mean,0.25,0.2501,9.999999999998899e-05
Y4-005,face_eyeBlinkRight_mean,0.205,0.2051,0.00010000000000001674
Y4-006,face_eyeBlinkRight_mean,0.0129,0.013,9.99999999999994e-05
Y4-007,face_eyeBlinkRight_mean,0.3838,0.3839,0.0001000000000000445
Y4-008,face_eyeBlinkRight_mean,0.1345,0.1346,9.999999999998899e-05
Y4-009,face_eyeBlinkRight_mean,0.9943,0.9944,9.999999999998899e-05
Y4-010,face_eyeBlinkRight_mean,2.219,2.2192,0.00019999999999997797
Y4-011,face_eyeBlinkRight_mean,-0.1124,-0.1123,0.00010000000000000286
Y4-014,face_eyeBlinkRight_mean,-1.2021,-1.202,9.999999999998899e-05
Y4-015,face_eyeBlinkRight_mean,0.2537,0.2538,0.0001000000000000445
Y4-017,face_eyeBlinkRight_mean,0.5091,0.5092,9.999999999998899e-05
Y4-018,face_eyeBlinkRight_mean,0.9226,0.9227,9.999999999998899e-05
Y4-020,face_eyeBlinkRight_mean,0.7669,0.7658,0.0010999999999999899
Y4-023,face_eyeBlinkRight_mean,-0.1039,-0.1038,0.00010000000000000286
Y4-025,face_eyeBlinkRight_mean,0.4142,0.4143,9.999999999998899e-05
Y4-026,face_eyeBlinkRight_mean,1.7143,1.7144,9.999999999998899e-05
Y4-031,face_eyeBlinkRight_mean,0.1953,0.1942,0.0010999999999999899
Y4-033,face_eyeBlinkRight_mean,1.8043,1.8044,9.999999999998899e-05
Y4-034,face_eyeBlinkRight_mean,0.3765,0.3766,9.999999999998899e-05
Y4-035,face_eyeBlinkRight_mean,-1.4344,-1.4343,9.999999999998899e-05
Y4-036,face_eyeBlinkRight_mean,-0.1294,-0.1293,9.999999999998899e-05
Y4-037,face_eyeBlinkRight_mean,0.8326,0.8327,9.999999999998899e-05
Y4-039,face_eyeBlinkRight_mean,-0.2486,-0.2485,9.999999999998899e-05
Y4-040,face_eyeBlinkRight_mean,-1.2167,-1.2166,9.999999999998899e-05
Y4-002,face_eyeBlinkRight_std,-0.7917,-0.7918,9.999999999998899e-05
Y4-003,face_eyeBlinkRight_std,0.9551,0.9572,0.002100000000000102
Y4-007,face_eyeBlinkRight_std,0.172,0.1719,9.999999999998899e-05
Y4-009,face_eyeBlinkRight_std,-0.7547,-0.7548,9.999999999998899e-05
Y4-011,face_eyeBlinkRight_std,-0.659,-0.6591,9.999999999998899e-05
Y4-012,face_eyeBlinkRight_std,-0.8657,-0.8658,9.999999999998899e-05
Y4-013,face_eyeBlinkRight_std,-0.1739,-0.174,9.999999999998899e-05
Y4-014,face_eyeBlinkRight_std,-0.8983,-0.8984,9.999999999998899e-05
Y4-015,face_eyeBlinkRight_std,2.4865,2.4866,0.00010000000000021103
Y4-016,face_eyeBlinkRight_std,-0.6829,-0.6809,0.0020000000000000018
Y4-017,face_eyeBlinkRight_std,-0.4154,-0.4155,9.999999999998899e-05
Y4-019,face_eyeBlinkRight_std,-0.3001,-0.3023,0.0022000000000000353
Y4-022,face_eyeBlinkRight_std,-0.5437,-0.5438,9.999999999998899e-05
Y4-023,face_eyeBlinkRight_std,-0.6481,-0.646,0.0020999999999999908
Y4-024,face_eyeBlinkRight_std,-0.9353,-0.9354,9.999999999998899e-05
Y4-025,face_eyeBlinkRight_std,0.0132,0.0131,9.99999999999994e-05
Y4-026,face_eyeBlinkRight_std,0.7267,0.7266,9.999999999998899e-05
Y4-027,face_eyeBlinkRight_std,-1.0397,-1.0398,9.999999999998899e-05
Y4-028,face_eyeBlinkRight_std,-0.7569,-0.757,9.999999999998899e-05
Y4-030,face_eyeBlinkRight_std,-0.6481,-0.6482,9.999999999998899e-05
Y4-031,face_eyeBlinkRight_std,0.6614,0.6592,0.0021999999999999797
Y4-032,face_eyeBlinkRight_std,-0.7156,-0.7157,9.999999999998899e-05
Y4-034,face_eyeBlinkRight_std,-0.7982,-0.7983,9.999999999998899e-05
Y4-035,face_eyeBlinkRight_std,-0.8548,-0.8549,9.999999999998899e-05
Y4-036,face_eyeBlinkRight_std,-0.3501,-0.3502,9.999999999998899e-05
Y4-039,face_eyeBlinkRight_std,-0.7003,-0.7004,9.999999999998899e-05
Y4-040,face_eyeBlinkRight_std,-0.7243,-0.7244,9.999999999998899e-05
Y4-001,face_eyeBlinkRight_max,1.4211,1.4207,0.00039999999999995595
Y4-003,face_eyeBlinkRight_max,1.3204,1.321,0.0005999999999999339
Y4-004,face_eyeBlinkRight_max,-0.0334,-0.0339,0.0005000000000000004
Y4-005,face_eyeBlinkRight_max,-0.2243,-0.2242,9.999999999998899e-05
Y4-006,face_eyeBlinkRight_max,0.7642,0.7648,0.0006000000000000449
Y4-007,face_eyeBlinkRight_max,0.1922,0.1923,9.999999999998899e-05
Y4-008,face_eyeBlinkRight_max,0.7637,0.7638,9.999999999998899e-05
Y4-010,face_eyeBlinkRight_max,1.9241,1.9242,9.999999999998899e-05
Y4-013,face_eyeBlinkRight_max,-0.0656,-0.0661,0.0005000000000000004
Y4-020,face_eyeBlinkRight_max,0.0741,0.0742,0.00010000000000000286
Y4-021,face_eyeBlinkRight_max,-0.2164,-0.2163,0.00010000000000001674
Y4-023,face_eyeBlinkRight_max,-0.5459,-0.5458,0.00010000000000010001
Y4-026,face_eyeBlinkRight_max,1.37,1.3695,0.000500000000000167
Y4-027,face_eyeBlinkRight_max,-1.4779,-1.478,9.999999999998899e-05
Y4-030,face_eyeBlinkRight_max,-0.7098,-0.7093,0.0004999999999999449
Y4-032,face_eyeBlinkRight_max,-0.9729,-0.9734,0.000500000000000056
Y4-033,face_eyeBlinkRight_max,2.3269,2.327,9.999999999976694e-05
Y4-034,face_eyeBlinkRight_max,-0.3155,-0.3149,0.0005999999999999894
Y4-035,face_eyeBlinkRight_max,-1.1274,-1.1279,0.0004999999999999449
Y4-037,face_eyeBlinkRight_max,2.0327,2.0323,0.00039999999999995595
Y4-040,face_eyeBlinkRight_max,-0.9555,-0.955,0.000500000000000056
Y4-001,face_eyeLookDownLeft_mean,1.5437,1.5439,0.00019999999999997797
Y4-003,face_eyeLookDownLeft_mean,-0.2138,-0.2131,0.0006999999999999784
Y4-007,face_eyeLookDownLeft_mean,0.8002,0.8003,9.999999999998899e-05
Y4-009,face_eyeLookDownLeft_mean,0.0805,0.0806,0.00010000000000000286
Y4-010,face_eyeLookDownLeft_mean,1.2725,1.2726,9.999999999998899e-05
Y4-015,face_eyeLookDownLeft_mean,-0.282,-0.2819,9.999999999998899e-05
Y4-016,face_eyeLookDownLeft_mean,-1.7193,-1.7194,9.999999999998899e-05
Y4-017,face_eyeLookDownLeft_mean,-0.6537,-0.6544,0.0007000000000000339
Y4-019,face_eyeLookDownLeft_mean,1.7097,1.7099,0.00019999999999997797
Y4-020,face_eyeLookDownLeft_mean,-0.0035,-0.0034,0.00010000000000000026
Y4-022,face_eyeLookDownLeft_mean,0.7023,0.7024,9.999999999998899e-05
Y4-023,face_eyeLookDownLeft_mean,1.9869,1.9871,0.00019999999999997797
Y4-024,face_eyeLookDownLeft_mean,-1.1855,-1.1856,9.999999999998899e-05
Y4-025,face_eyeLookDownLeft_mean,0.4589,0.459,0.0001000000000000445
Y4-026,face_eyeLookDownLeft_mean,1.6773,1.6768,0.0004999999999999449
Y4-029,face_eyeLookDownLeft_mean,-0.493,-0.4929,9.999999999998899e-05
Y4-030,face_eyeLookDownLeft_mean,-0.1887,-0.1886,0.00010000000000001674
Y4-031,face_eyeLookDownLeft_mean,0.406,0.4061,9.999999999998899e-05
Y4-033,face_eyeLookDownLeft_mean,2.2627,2.2623,0.00039999999999995595
Y4-034,face_eyeLookDownLeft_mean,-0.1206,-0.1205,0.00010000000000000286
Y4-036,face_eyeLookDownLeft_mean,0.5356,0.5357,9.999999999998899e-05
Y4-037,face_eyeLookDownLeft_mean,1.0291,1.0292,9.999999999998899e-05
Y4-038,face_eyeLookDownLeft_mean,0.1255,0.1256,9.999999999998899e-05
Y4-039,face_eyeLookDownLeft_mean,1.0099,1.0094,0.0004999999999999449
Y4-001,face_eyeLookDownLeft_std,0.6118,0.6121,0.00029999999999996696
Y4-002,face_eyeLookDownLeft_std,-0.8902,-0.892,0.0018000000000000238
Y4-003,face_eyeLookDownLeft_std,1.6362,1.6364,0.00019999999999997797
Y4-004,face_eyeLookDownLeft_std,-1.0817,-1.0813,0.000400000000000178
Y4-005,face_eyeLookDownLeft_std,-0.4684,-0.4702,0.0018000000000000238
Y4-006,face_eyeLookDownLeft_std,0.2116,0.2119,0.0002999999999999947
Y4-007,face_eyeLookDownLeft_std,-0.4856,-0.4853,0.00029999999999996696
Y4-008,face_eyeLookDownLeft_std,0.7905,0.7907,0.00019999999999997797
Y4-009,face_eyeLookDownLeft_std,-0.5029,-0.5025,0.00040000000000006697
Y4-010,face_eyeLookDownLeft_std,1.9417,1.9419,0.00019999999999997797
Y4-011,face_eyeLookDownLeft_std,-0.4426,-0.4422,0.00040000000000001146
Y4-012,face_eyeLookDownLeft_std,-0.3199,-0.3196,0.00030000000000002247
Y4-013,face_eyeLookDownLeft_std,0.1815,0.1818,0.0002999999999999947
Y4-014,face_eyeLookDownLeft_std,-1.1764,-1.176,0.00039999999999995595
Y4-015,face_eyeLookDownLeft_std,2.2645,2.2625,0.0019999999999997797
Y4-016,face_eyeLookDownLeft_std,-1.5315,-1.531,0.000500000000000167
Y4-017,face_eyeLookDownLeft_std,-0.8751,-0.8769,0.0018000000000000238
Y4-018,face_eyeLookDownLeft_std,1.7136,1.7117,0.0019000000000000128
Y4-019,face_eyeLookDownLeft_std,1.9331,1.9333,0.00019999999999997797
Y4-020,face_eyeLookDownLeft_std,-0.675,-0.6746,0.00040000000000006697
Y4-021,face_eyeLookDownLeft_std,-0.4232,-0.4229,0.00030000000000002247
Y4-022,face_eyeLookDownLeft_std,-0.6191,-0.6187,0.00039999999999995595
Y4-023,face_eyeLookDownLeft_std,-0.9053,-0.9049,0.00039999999999995595
Y4-024,face_eyeLookDownLeft_std,-0.9999,-0.9996,0.00029999999999996696
Y4-025,face_eyeLookDownLeft_std,0.4139,0.4142,0.00030000000000002247
Y4-026,face_eyeLookDownLeft_std,-0.2059,-0.2055,0.00040000000000001146
Y4-027,face_eyeLookDownLeft_std,1.2338,1.2361,0.0022999999999999687
Y4-028,face_eyeLookDownLeft_std,-0.4835,-0.4831,0.00040000000000001146
Y4-029,face_eyeLookDownLeft_std,-0.9074,-0.9092,0.0018000000000000238
Y4-030,face_eyeLookDownLeft_std,-0.1284,-0.1281,0.0002999999999999947
Y4-031,face_eyeLookDownLeft_std,0.6032,0.6035,0.000300000000000078
Y4-032,face_eyeLookDownLeft_std,-1.1291,-1.1287,0.00039999999999995595
Y4-033,face_eyeLookDownLeft_std,0.3342,0.3345,0.00030000000000002247
Y4-034,face_eyeLookDownLeft_std,-0.0832,-0.0829,0.0002999999999999947
Y4-035,face_eyeLookDownLeft_std,-0.9677,-0.9694,0.0017000000000000348
Y4-036,face_eyeLookDownLeft_std,0.5322,0.5325,0.00029999999999996696
Y4-037,face_eyeLookDownLeft_std,1.9095,1.9096,9.999999999998899e-05
Y4-038,face_eyeLookDownLeft_std,0.2202,0.2205,0.0002999999999999947
Y4-039,face_eyeLookDownLeft_std,-0.3544,-0.354,0.00040000000000001146
Y4-040,face_eyeLookDownLeft_std,-0.8751,-0.8747,0.00039999999999995595
Y4-001,face_eyeLookDownLeft_max,1.2057,1.2053,0.00039999999999995595
Y4-002,face_eyeLookDownLeft_max,-1.1936,-1.1945,0.0008999999999999009
Y4-003,face_eyeLookDownLeft_max,0.8892,0.8888,0.00039999999999995595
Y4-004,face_eyeLookDownLeft_max,-1.4642,-1.4641,9.999999999998899e-05
Y4-005,face_eyeLookDownLeft_max,-0.3224,-0.3223,0.0001000000000000445
Y4-006,face_eyeLookDownLeft_max,0.2923,0.2929,0.0005999999999999894
Y4-007,face_eyeLookDownLeft_max,0.2502,0.2503,0.0001000000000000445
Y4-008,face_eyeLookDownLeft_max,0.3302,0.3303,9.999999999998899e-05
Y4-009,face_eyeLookDownLeft_max,-0.2428,-0.2427,9.999999999998899e-05
Y4-011,face_eyeLookDownLeft_max,-0.8453,-0.8443,0.0010000000000000009
Y4-012,face_eyeLookDownLeft_max,-0.0897,-0.0901,0.0003999999999999976
Y4-013,face_eyeLookDownLeft_max,0.3532,0.3533,9.999999999998899e-05
Y4-015,face_eyeLookDownLeft_max,1.319,1.3181,0.0008999999999999009
Y4-016,face_eyeLookDownLeft_max,-1.9904,-1.9903,9.999999999998899e-05
Y4-017,face_eyeLookDownLeft_max,-0.8982,-0.8986,0.00039999999999995595
Y4-018,face_eyeLookDownLeft_max,1.2366,1.2367,9.999999999998899e-05
Y4-019,face_eyeLookDownLeft_max,1.4838,1.4839,9.999999999998899e-05
Y4-020,face_eyeLookDownLeft_max,-0.4104,-0.4103,9.999999999998899e-05
Y4-021,face_eyeLookDownLeft_max,-0.2545,-0.2544,9.999999999998899e-05
Y4-022,face_eyeLookDownLeft_max,-0.0064,-0.0068,0.0003999999999999993
Y4-023,face_eyeLookDownLeft_max,0.9454,0.9455,9.999999999998899e-05
Y4-024,face_eyeLookDownLeft_max,-1.335,-1.3354,0.00039999999999995595
Y4-025,face_eyeLookDownLeft_max,0.6509,0.651,9.999999999998899e-05
Y4-026,face_eyeLookDownLeft_max,1.0587,1.0588,9.999999999998899e-05
Y4-027,face_eyeLookDownLeft_max,0.0166,0.0181,0.0015000000000000013
Y4-028,face_eyeLookDownLeft_max,-0.8027,-0.8026,9.999999999998899e-05
Y4-029,face_eyeLookDownLeft_max,-0.8083,-0.8092,0.0009000000000000119
Y4-030,face_eyeLookDownLeft_max,0.2483,0.2484,0.00010000000000001674
Y4-031,face_eyeLookDownLeft_max,0.4084,0.4085,9.999999999998899e-05
Y4-032,face_eyeLookDownLeft_max,-1.4197,-1.4192,0.0004999999999999449
Y4-033,face_eyeLookDownLeft_max,1.774,1.7741,9.999999999998899e-05
Y4-034,face_eyeLookDownLeft_max,-0.1417,-0.1411,0.0005999999999999894
Y4-035,face_eyeLookDownLeft_max,-1.1135,-1.1144,0.0009000000000001229
Y4-037,face_eyeLookDownLeft_max,1.671,1.6711,9.999999999998899e-05
Y4-038,face_eyeLookDownLeft_max,-0.1796,-0.1795,0.00010000000000001674
Y4-039,face_eyeLookDownLeft_max,0.5175,0.5171,0.00039999999999995595
Y4-040,face_eyeLookDownLeft_max,-1.3542,-1.3536,0.000600000000000156
Y4-014,face_eyeLookDownRight_mean,-1.3823,-1.3822,9.999999999998899e-05
Y4-016,face_eyeLookDownRight_mean,-1.791,-1.7909,9.999999999998899e-05
Y4-017,face_eyeLookDownRight_mean,-0.5357,-0.5356,9.999999999998899e-05
Y4-025,face_eyeLookDownRight_mean,0.4906,0.49,0.0005999999999999894
Y4-034,face_eyeLookDownRight_mean,-0.1179,-0.1172,0.0007000000000000062
Y4-035,face_eyeLookDownRight_mean,-1.1991,-1.1997,0.0005999999999999339
Y4-036,face_eyeLookDownRight_mean,0.5579,0.558,0.00010000000000010001
Y4-001,face_eyeLookDownRight_std,0.5771,0.577,9.999999999998899e-05
Y4-003,face_eyeLookDownRight_std,1.5397,1.5394,0.00029999999999996696
Y4-004,face_eyeLookDownRight_std,-1.0043,-1.0044,9.999999999998899e-05
Y4-005,face_eyeLookDownRight_std,-0.5462,-0.5463,9.999999999998899e-05
Y4-006,face_eyeLookDownRight_std,0.2159,0.218,0.0020999999999999908
Y4-007,face_eyeLookDownRight_std,-0.5792,-0.5793,9.999999999998899e-05
Y4-008,face_eyeLookDownRight_std,0.6322,0.632,0.00019999999999997797
Y4-009,face_eyeLookDownRight_std,-0.6387,-0.6388,9.999999999998899e-05
Y4-010,face_eyeLookDownRight_std,1.9846,1.9843,0.00029999999999996696
Y4-011,face_eyeLookDownRight_std,-0.3898,-0.3899,0.0001000000000000445
Y4-012,face_eyeLookDownRight_std,-0.2576,-0.2577,9.999999999998899e-05
Y4-013,face_eyeLookDownRight_std,0.0353,0.0352,9.999999999999593e-05
Y4-015,face_eyeLookDownRight_std,2.2621,2.2618,0.000300000000000189
Y4-018,face_eyeLookDownRight_std,1.6212,1.6209,0.00029999999999996696
Y4-019,face_eyeLookDownRight_std,2.1454,2.1451,0.000300000000000189
Y4-021,face_eyeLookDownRight_std,-0.4845,-0.4846,9.999999999998899e-05
Y4-022,face_eyeLookDownRight_std,-0.6431,-0.6432,9.999999999998899e-05
Y4-023,face_eyeLookDownRight_std,-0.762,-0.7621,9.999999999998899e-05
Y4-025,face_eyeLookDownRight_std,0.2313,0.2312,0.00010000000000001674
Y4-026,face_eyeLookDownRight_std,-0.1475,-0.1476,0.00010000000000001674
Y4-027,face_eyeLookDownRight_std,1.0353,1.0373,0.0020000000000000018
Y4-029,face_eyeLookDownRight_std,-0.9426,-0.9427,9.999999999998899e-05
Y4-030,face_eyeLookDownRight_std,-0.4096,-0.4097,9.999999999998899e-05
Y4-031,face_eyeLookDownRight_std,0.837,0.8369,9.999999999998899e-05
Y4-033,face_eyeLookDownRight_std,0.7247,0.7245,0.00019999999999997797
Y4-034,face_eyeLookDownRight_std,-0.1321,-0.1322,0.00010000000000001674
Y4-036,face_eyeLookDownRight_std,0.5375,0.5373,0.00019999999999997797
Y4-037,face_eyeLookDownRight_std,2.0507,2.0504,0.000300000000000189
Y4-038,face_eyeLookDownRight_std,-0.0374,-0.0375,9.999999999999593e-05
Y4-039,face_eyeLookDownRight_std,-0.3149,-0.315,9.999999999998899e-05
Y4-002,face_eyeLookDownRight_max,-1.2053,-1.2063,0.0009999999999998899
Y4-003,face_eyeLookDownRight_max,0.9765,0.9761,0.00040000000000006697
Y4-004,face_eyeLookDownRight_max,-1.3184,-1.318,0.00039999999999995595
Y4-006,face_eyeLookDownRight_max,0.2974,0.2979,0.0005000000000000004
Y4-010,face_eyeLookDownRight_max,1.6781,1.6782,9.999999999998899e-05
Y4-011,face_eyeLookDownRight_max,-0.7876,-0.7867,0.0009000000000000119
Y4-012,face_eyeLookDownRight_max,-0.133,-0.1334,0.0003999999999999837
Y4-014,face_eyeLookDownRight_max,-1.5183,-1.5184,9.999999999998899e-05
Y4-015,face_eyeLookDownRight_max,1.2787,1.2783,0.00039999999999995595
Y4-017,face_eyeLookDownRight_max,-0.897,-0.8979,0.0009000000000000119
Y4-018,face_eyeLookDownRight_max,1.2158,1.2154,0.00039999999999995595
Y4-019,face_eyeLookDownRight_max,1.4589,1.459,9.999999999998899e-05
Y4-022,face_eyeLookDownRight_max,-0.0635,-0.064,0.0005000000000000004
Y4-023,face_eyeLookDownRight_max,0.9849,0.985,9.999999999998899e-05
Y4-024,face_eyeLookDownRight_max,-1.248,-1.2481,9.999999999998899e-05
Y4-026,face_eyeLookDownRight_max,1.1642,1.1643,9.999999999998899e-05
Y4-027,face_eyeLookDownRight_max,-0.1081,-0.1067,0.0013999999999999985
Y4-029,face_eyeLookDownRight_max,-0.8838,-0.8843,0.0004999999999999449
Y4-030,face_eyeLookDownRight_max,0.0914,0.0919,0.0005000000000000004
Y4-031,face_eyeLookDownRight_max,0.6146,0.6147,9.999999999998899e-05
Y4-032,face_eyeLookDownRight_max,-1.3025,-1.302,0.0004999999999999449
Y4-033,face_eyeLookDownRight_max,1.9902,1.9898,0.00039999999999995595
Y4-034,face_eyeLookDownRight_max,-0.2353,-0.2348,0.0005000000000000004
Y4-035,face_eyeLookDownRight_max,-1.1912,-1.1922,0.0009999999999998899
Y4-037,face_eyeLookDownRight_max,1.7452,1.7453,9.999999999998899e-05
Y4-039,face_eyeLookDownRight_max,0.509,0.5091,9.999999999998899e-05
Y4-040,face_eyeLookDownRight_max,-1.2133,-1.2129,0.00039999999999995595
Y4-001,face_eyeLookInLeft_mean,1.2179,1.2178,9.999999999998899e-05
Y4-002,face_eyeLookInLeft_mean,1.352,1.3519,9.999999999998899e-05
Y4-003,face_eyeLookInLeft_mean,1.2572,1.2571,9.999999999998899e-05
Y4-004,face_eyeLookInLeft_mean,1.2572,1.2578,0.0005999999999999339
Y4-005,face_eyeLookInLeft_mean,0.9973,0.998,0.0007000000000000339
Y4-006,face_eyeLookInLeft_mean,0.269,0.2689,0.0001000000000000445
Y4-011,face_eyeLookInLeft_mean,-0.1861,-0.1862,0.00010000000000001674
Y4-014,face_eyeLookInLeft_mean,-0.6328,-0.6329,9.999999999998899e-05
Y4-015,face_eyeLookInLeft_mean,-0.033,-0.0331,9.999999999999593e-05
Y4-016,face_eyeLookInLeft_mean,-0.5563,-0.5556,0.0007000000000000339
Y4-018,face_eyeLookInLeft_mean,-0.3631,-0.3632,0.0001000000000000445
Y4-019,face_eyeLookInLeft_mean,0.8702,0.8701,9.999999999998899e-05
Y4-027,face_eyeLookInLeft_mean,4.7283,4.7281,0.00019999999999953388
Y4-028,face_eyeLookInLeft_mean,0.0892,0.0891,0.00010000000000000286
Y4-032,face_eyeLookInLeft_mean,-0.3947,-0.3948,9.999999999998899e-05
Y4-036,face_eyeLookInLeft_mean,-0.5099,-0.5106,0.0007000000000000339
Y4-037,face_eyeLookInLeft_mean,-0.722,-0.7221,9.999999999998899e-05
Y4-039,face_eyeLookInLeft_mean,-0.6623,-0.6624,9.999999999998899e-05
Y4-001,face_eyeLookInLeft_std,1.4566,1.4564,0.00019999999999997797
Y4-002,face_eyeLookInLeft_std,2.0053,2.0051,0.00019999999999997797
Y4-003,face_eyeLookInLeft_std,2.8517,2.8514,0.000300000000000189
Y4-004,face_eyeLookInLeft_std,2.1439,2.1437,0.00019999999999997797
Y4-005,face_eyeLookInLeft_std,0.6423,0.6422,9.999999999998899e-05
Y4-006,face_eyeLookInLeft_std,0.403,0.4029,0.0001000000000000445
Y4-007,face_eyeLookInLeft_std,-1.0154,-1.0155,9.999999999998899e-05
Y4-008,face_eyeLookInLeft_std,0.8612,0.8611,9.999999999998899e-05
Y4-010,face_eyeLookInLeft_std,-0.2785,-0.2786,9.999999999998899e-05
Y4-011,face_eyeLookInLeft_std,0.0615,0.0614,9.999999999999593e-05
Y4-014,face_eyeLookInLeft_std,-0.8899,-0.89,9.999999999998899e-05
Y4-015,face_eyeLookInLeft_std,0.5489,0.5488,0.00010000000000010001
Y4-018,face_eyeLookInLeft_std,0.9677,0.9676,9.999999999998899e-05
Y4-019,face_eyeLookInLeft_std,1.8535,1.8533,0.00019999999999997797
Y4-020,face_eyeLookInLeft_std,-0.1968,-0.1983,0.0015000000000000013
Y4-021,face_eyeLookInLeft_std,-0.3821,-0.3822,9.999999999998899e-05
Y4-022,face_eyeLookInLeft_std,-0.6185,-0.6186,9.999999999998899e-05
Y4-025,face_eyeLookInLeft_std,0.5693,0.5692,9.999999999998899e-05
Y4-027,face_eyeLookInLeft_std,1.3544,1.3557,0.0012999999999998568
Y4-033,face_eyeLookInLeft_std,-0.8068,-0.8053,0.0014999999999999458
Y4-035,face_eyeLookInLeft_std,-0.6973,-0.6974,9.999999999998899e-05
Y4-036,face_eyeLookInLeft_std,-0.207,-0.2071,0.00010000000000001674
Y4-037,face_eyeLookInLeft_std,-0.5324,-0.5325,9.999999999998899e-05
Y4-038,face_eyeLookInLeft_std,0.8349,0.8363,0.0014000000000000679
Y4-039,face_eyeLookInLeft_std,-0.9687,-0.9688,9.999999999998899e-05
Y4-001,face_eyeLookInLeft_max,1.43,1.4291,0.0008999999999999009
Y4-003,face_eyeLookInLeft_max,1.8278,1.8283,0.0004999999999999449
Y4-004,face_eyeLookInLeft_max,1.3994,1.3998,0.00039999999999995595
Y4-007,face_eyeLookInLeft_max,-1.0505,-1.051,0.0004999999999999449
Y4-011,face_eyeLookInLeft_max,0.2516,0.2512,0.00040000000000001146
Y4-013,face_eyeLookInLeft_max,-1.0013,-1.0008,0.000500000000000167
Y4-014,face_eyeLookInLeft_max,-0.9459,-0.9463,0.00040000000000006697
Y4-015,face_eyeLookInLeft_max,0.0746,0.0747,0.00010000000000000286
Y4-016,face_eyeLookInLeft_max,-0.3001,-0.3006,0.0005000000000000004
Y4-017,face_eyeLookInLeft_max,-0.65,-0.6505,0.0004999999999999449
Y4-020,face_eyeLookInLeft_max,-0.081,-0.0819,0.000899999999999998
Y4-022,face_eyeLookInLeft_max,-0.76,-0.7596,0.00039999999999995595
Y4-023,face_eyeLookInLeft_max,-0.7157,-0.7161,0.00039999999999995595
Y4-025,face_eyeLookInLeft_max,0.5833,0.5838,0.0004999999999999449
Y4-030,face_eyeLookInLeft_max,0.0347,0.0352,0.0005000000000000004
Y4-031,face_eyeLookInLeft_max,-0.8461,-0.8456,0.0004999999999999449
Y4-032,face_eyeLookInLeft_max,-0.7707,-0.7702,0.000500000000000056
Y4-034,face_eyeLookInLeft_max,-0.819,-0.8186,0.00039999999999995595
Y4-035,face_eyeLookInLeft_max,-0.5738,-0.5742,0.00040000000000006697
Y4-036,face_eyeLookInLeft_max,-0.3356,-0.3351,0.0005000000000000004
Y4-001,face_eyeLookInRight_std,-0.3719,-0.3721,0.00019999999999997797
Y4-002,face_eyeLookInRight_std,-0.8149,-0.8151,0.000200000000000089
Y4-003,face_eyeLookInRight_std,1.0869,1.0866,0.00029999999999996696
Y4-004,face_eyeLookInRight_std,-0.2329,-0.2331,0.00020000000000000573
Y4-005,face_eyeLookInRight_std,-0.6285,-0.6287,0.000200000000000089
Y4-006,face_eyeLookInRight_std,-0.462,-0.4622,0.00019999999999997797
Y4-007,face_eyeLookInRight_std,-0.4559,-0.4546,0.0013000000000000234
Y4-008,face_eyeLookInRight_std,-0.4269,-0.4271,0.00019999999999997797
Y4-009,face_eyeLookInRight_std,-0.6851,-0.6852,9.999999999998899e-05
Y4-010,face_eyeLookInRight_std,-0.624,-0.6241,9.999999999998899e-05
Y4-011,face_eyeLookInRight_std,-0.4025,-0.4027,0.00019999999999997797
Y4-012,face_eyeLookInRight_std,-0.6805,-0.6791,0.0013999999999999568
Y4-013,face_eyeLookInRight_std,-0.4788,-0.479,0.00019999999999997797
Y4-014,face_eyeLookInRight_std,-0.6988,-0.699,0.00019999999999997797
Y4-015,face_eyeLookInRight_std,0.9494,0.9506,0.0011999999999999789
Y4-016,face_eyeLookInRight_std,0.8012,0.8009,0.000300000000000078
Y4-017,face_eyeLookInRight_std,-0.7477,-0.7479,0.00019999999999997797
Y4-018,face_eyeLookInRight_std,0.4652,0.4664,0.0011999999999999789
Y4-019,face_eyeLookInRight_std,-0.3979,-0.3981,0.00020000000000003348
Y4-020,face_eyeLookInRight_std,-0.601,-0.6012,0.00019999999999997797
Y4-021,face_eyeLookInRight_std,0.3323,0.3335,0.0012000000000000344
Y4-022,face_eyeLookInRight_std,3.783,3.7824,0.0005999999999999339
Y4-023,face_eyeLookInRight_std,-0.3994,-0.3996,0.00020000000000003348
Y4-024,face_eyeLookInRight_std,1.6597,1.6609,0.0012000000000000899
Y4-025,face_eyeLookInRight_std,-0.2176,-0.2178,0.00020000000000000573
Y4-026,face_eyeLookInRight_std,0.0436,0.0433,0.00030000000000000165
Y4-027,face_eyeLookInRight_std,-0.9142,-0.9143,9.999999999998899e-05
Y4-028,face_eyeLookInRight_std,-0.7737,-0.7738,9.999999999998899e-05
Y4-029,face_eyeLookInRight_std,-0.1993,-0.1995,0.00020000000000000573
Y4-030,face_eyeLookInRight_std,-0.6973,-0.6975,0.00019999999999997797
Y4-031,face_eyeLookInRight_std,0.4025,0.4023,0.00020000000000003348
Y4-032,face_eyeLookInRight_std,-0.8577,-0.8578,9.999999999998899e-05
Y4-033,face_eyeLookInRight_std,-0.2146,-0.2148,0.00019999999999997797
Y4-034,face_eyeLookInRight_std,0.7661,0.7658,0.00029999999999996696
Y4-035,face_eyeLookInRight_std,-0.7171,-0.7173,0.000200000000000089
Y4-036,face_eyeLookInRight_std,2.9856,2.9851,0.0004999999999997229
Y4-037,face_eyeLookInRight_std,0.9769,0.9766,0.00029999999999996696
Y4-038,face_eyeLookInRight_std,0.3369,0.3366,0.00029999999999996696
Y4-039,face_eyeLookInRight_std,-0.7248,-0.7249,9.999999999998899e-05
Y4-040,face_eyeLookInRight_std,-0.1642,-0.1644,0.00019999999999997797
Y4-003,face_eyeLookInRight_max,0.7143,0.7153,0.0010000000000000009
Y4-004,face_eyeLookInRight_max,-0.4698,-0.4703,0.0005000000000000004
Y4-005,face_eyeLookInRight_max,-0.7946,-0.7951,0.000500000000000056
Y4-006,face_eyeLookInRight_max,-0.6074,-0.6079,0.0004999999999999449
Y4-007,face_eyeLookInRight_max,0.3631,0.363,9.999999999998899e-05
Y4-008,face_eyeLookInRight_max,-0.3691,-0.369,9.999999999998899e-05
Y4-009,face_eyeLookInRight_max,-0.7159,-0.7164,0.000500000000000056
Y4-011,face_eyeLookInRight_max,-0.4792,-0.4791,9.999999999998899e-05
Y4-012,face_eyeLookInRight_max,-0.7814,-0.7813,9.999999999998899e-05
Y4-014,face_eyeLookInRight_max,-0.6482,-0.6487,0.000500000000000056
Y4-015,face_eyeLookInRight_max,0.7401,0.7407,0.0006000000000000449
Y4-016,face_eyeLookInRight_max,0.5866,0.586,0.0006000000000000449
Y4-018,face_eyeLookInRight_max,0.5491,0.5502,0.0010999999999999899
Y4-020,face_eyeLookInRight_max,-0.7302,-0.7307,0.000500000000000056
Y4-022,face_eyeLookInRight_max,3.5921,3.5914,0.0006999999999997009
Y4-023,face_eyeLookInRight_max,-0.1973,-0.1968,0.0005000000000000004
Y4-024,face_eyeLookInRight_max,1.758,1.7579,9.999999999998899e-05
Y4-025,face_eyeLookInRight_max,-0.227,-0.2259,0.0011000000000000176
Y4-027,face_eyeLookInRight_max,-1.1849,-1.1848,9.999999999998899e-05
Y4-028,face_eyeLookInRight_max,-0.8348,-0.8347,9.999999999998899e-05
Y4-029,face_eyeLookInRight_max,-0.1103,-0.1109,0.0006000000000000033
Y4-030,face_eyeLookInRight_max,-0.7368,-0.7367,9.999999999998899e-05
Y4-031,face_eyeLookInRight_max,1.0088,1.0098,0.001000000000000112
Y4-036,face_eyeLookInRight_max,2.7395,2.7393,0.00019999999999997797
Y4-037,face_eyeLookInRight_max,1.1657,1.165,0.0006999999999999229
Y4-038,face_eyeLookInRight_max,0.2943,0.2942,9.999999999998899e-05
Y4-002,face_eyeLookOutLeft_mean,-1.0661,-1.0662,9.999999999998899e-05
Y4-005,face_eyeLookOutLeft_mean,-0.9372,-0.9373,9.999999999998899e-05
Y4-006,face_eyeLookOutLeft_mean,-0.8118,-0.8119,9.999999999998899e-05
Y4-007,face_eyeLookOutLeft_mean,1.147,1.1471,9.999999999998899e-05
Y4-008,face_eyeLookOutLeft_mean,-0.7584,-0.7585,9.999999999998899e-05
Y4-010,face_eyeLookOutLeft_mean,-0.9407,-0.9408,9.999999999998899e-05
Y4-022,face_eyeLookOutLeft_mean,3.4217,3.4218,0.00010000000000021103
Y4-024,face_eyeLookOutLeft_mean,2.242,2.2421,0.00010000000000021103
Y4-030,face_eyeLookOutLeft_mean,-0.4832,-0.4833,9.999999999998899e-05
Y4-031,face_eyeLookOutLeft_mean,1.5395,1.5384,0.001100000000000101
Y4-032,face_eyeLookOutLeft_mean,-0.5157,-0.5158,9.999999999998899e-05
Y4-033,face_eyeLookOutLeft_mean,-0.4205,-0.4206,9.999999999998899e-05
Y4-036,face_eyeLookOutLeft_mean,1.8042,1.8043,9.999999999998899e-05
Y4-037,face_eyeLookOutLeft_mean,1.3978,1.3979,9.999999999998899e-05
Y4-038,face_eyeLookOutLeft_mean,-0.1744,-0.1732,0.0012000000000000066
Y4-001,face_eyeLookOutLeft_std,-0.4607,-0.4606,9.999999999998899e-05
Y4-002,face_eyeLookOutLeft_std,-0.7844,-0.7843,9.999999999998899e-05
Y4-003,face_eyeLookOutLeft_std,1.1839,1.184,9.999999999998899e-05
Y4-004,face_eyeLookOutLeft_std,0.4498,0.4484,0.0013999999999999568
Y4-006,face_eyeLookOutLeft_std,-0.5397,-0.5396,9.999999999998899e-05
Y4-008,face_eyeLookOutLeft_std,-0.3026,-0.3025,9.999999999998899e-05
Y4-009,face_eyeLookOutLeft_std,-0.6856,-0.6855,9.999999999998899e-05
Y4-010,face_eyeLookOutLeft_std,-0.6978,-0.6977,9.999999999998899e-05
Y4-011,face_eyeLookOutLeft_std,-0.4622,-0.4621,9.999999999998899e-05
Y4-012,face_eyeLookOutLeft_std,-0.7647,-0.7646,0.00010000000000010001
Y4-013,face_eyeLookOutLeft_std,-0.5017,-0.5016,9.999999999998899e-05
Y4-014,face_eyeLookOutLeft_std,-0.6157,-0.6156,9.999999999998899e-05
Y4-016,face_eyeLookOutLeft_std,0.8024,0.8025,9.999999999998899e-05
Y4-017,face_eyeLookOutLeft_std,-0.7191,-0.719,9.999999999998899e-05
Y4-018,face_eyeLookOutLeft_std,0.3145,0.3146,9.999999999998899e-05
Y4-020,face_eyeLookOutLeft_std,-0.6324,-0.6323,9.999999999998899e-05
Y4-021,face_eyeLookOutLeft_std,0.2218,0.2219,9.999999999998899e-05
Y4-022,face_eyeLookOutLeft_std,3.9229,3.923,0.00010000000000021103
Y4-023,face_eyeLookOutLeft_std,-0.295,-0.2949,9.999999999998899e-05
Y4-024,face_eyeLookOutLeft_std,1.3891,1.3892,9.999999999998899e-05
Y4-025,face_eyeLookOutLeft_std,-0.1673,-0.1672,0.00010000000000001674
Y4-027,face_eyeLookOutLeft_std,-0.8832,-0.8831,9.999999999998899e-05
Y4-028,face_eyeLookOutLeft_std,-0.7662,-0.7661,9.999999999998899e-05
Y4-029,face_eyeLookOutLeft_std,-0.0944,-0.0958,0.0013999999999999985
Y4-030,face_eyeLookOutLeft_std,-0.6613,-0.6612,9.999999999998899e-05
Y4-031,face_eyeLookOutLeft_std,0.2172,0.2173,9.999999999998899e-05
Y4-032,face_eyeLookOutLeft_std,-0.8103,-0.8102,9.999999999998899e-05
Y4-034,face_eyeLookOutLeft_std,0.6626,0.6627,9.999999999998899e-05
Y4-035,face_eyeLookOutLeft_std,-0.7084,-0.7083,9.999999999998899e-05
Y4-036,face_eyeLookOutLeft_std,2.9212,2.9214,0.00020000000000042206
Y4-038,face_eyeLookOutLeft_std,0.5364,0.5365,9.999999999998899e-05
Y4-039,face_eyeLookOutLeft_std,-0.7039,-0.7038,9.999999999998899e-05
Y4-040,face_eyeLookOutLeft_std,-0.1248,-0.1247,9.999999999998899e-05
Y4-001,face_eyeLookOutLeft_max,-0.6574,-0.6575,9.999999999998899e-05
Y4-003,face_eyeLookOutLeft_max,0.6909,0.6914,0.000500000000000056
Y4-004,face_eyeLookOutLeft_max,0.4605,0.4587,0.0018000000000000238
Y4-005,face_eyeLookOutLeft_max,-0.727,-0.7271,9.999999999998899e-05
Y4-006,face_eyeLookOutLeft_max,-0.7136,-0.7137,9.999999999998899e-05
Y4-007,face_eyeLookOutLeft_max,0.2584,0.2588,0.00039999999999995595
Y4-008,face_eyeLookOutLeft_max,-0.2115,-0.2116,0.00010000000000001674
Y4-009,face_eyeLookOutLeft_max,-0.7615,-0.7622,0.0007000000000000339
Y4-010,face_eyeLookOutLeft_max,-0.8511,-0.8512,9.999999999998899e-05
Y4-011,face_eyeLookOutLeft_max,-0.6429,-0.6436,0.0006999999999999229
Y4-012,face_eyeLookOutLeft_max,-0.9463,-0.9464,9.999999999998899e-05
Y4-013,face_eyeLookOutLeft_max,-0.0868,-0.0863,0.0005000000000000004
Y4-014,face_eyeLookOutLeft_max,-0.5065,-0.5066,0.00010000000000010001
Y4-015,face_eyeLookOutLeft_max,0.765,0.7649,9.999999999998899e-05
Y4-016,face_eyeLookOutLeft_max,0.5896,0.5895,9.999999999998899e-05
Y4-017,face_eyeLookOutLeft_max,-0.6869,-0.6864,0.0004999999999999449
Y4-018,face_eyeLookOutLeft_max,0.2606,0.261,0.00040000000000001146
Y4-019,face_eyeLookOutLeft_max,-0.7537,-0.7538,9.999999999998899e-05
Y4-021,face_eyeLookOutLeft_max,0.0674,0.0673,0.00010000000000000286
Y4-022,face_eyeLookOutLeft_max,3.5998,3.5995,0.000300000000000189
Y4-023,face_eyeLookOutLeft_max,-0.0489,-0.049,0.00010000000000000286
Y4-024,face_eyeLookOutLeft_max,1.6797,1.6795,0.00019999999999997797
Y4-025,face_eyeLookOutLeft_max,-0.1959,-0.1943,0.0015999999999999903
Y4-026,face_eyeLookOutLeft_max,0.3001,0.3,9.999999999998899e-05
Y4-027,face_eyeLookOutLeft_max,-1.1985,-1.1986,0.00010000000000021103
Y4-028,face_eyeLookOutLeft_max,-0.8806,-0.8807,9.999999999998899e-05
Y4-029,face_eyeLookOutLeft_max,0.2628,0.2622,0.0005999999999999894
Y4-030,face_eyeLookOutLeft_max,-0.7303,-0.731,0.0007000000000000339
Y4-031,face_eyeLookOutLeft_max,0.7778,0.7782,0.00039999999999995595
Y4-032,face_eyeLookOutLeft_max,-0.8439,-0.844,9.999999999998899e-05
Y4-033,face_eyeLookOutLeft_max,-0.4731,-0.4727,0.00040000000000001146
Y4-034,face_eyeLookOutLeft_max,0.9097,0.9096,9.999999999998899e-05
Y4-035,face_eyeLookOutLeft_max,-0.7832,-0.7833,9.999999999998899e-05
Y4-036,face_eyeLookOutLeft_max,2.7363,2.7361,0.00019999999999997797
Y4-037,face_eyeLookOutLeft_max,1.0996,1.1,0.000400000000000178
Y4-038,face_eyeLookOutLeft_max,0.4989,0.4988,9.999999999998899e-05
Y4-039,face_eyeLookOutLeft_max,-0.536,-0.5361,9.999999999998899e-05
Y4-040,face_eyeLookOutLeft_max,0.1788,0.1809,0.0021000000000000185
Y4-001,face_eyeLookOutRight_mean,1.2204,1.221,0.000600000000000156
Y4-002,face_eyeLookOutRight_mean,1.3711,1.371,9.999999999998899e-05
Y4-003,face_eyeLookOutRight_mean,1.109,1.1089,9.999999999998899e-05
Y4-004,face_eyeLookOutRight_mean,1.4669,1.4674,0.0004999999999999449
Y4-005,face_eyeLookOutRight_mean,1.0661,1.066,9.999999999998899e-05
Y4-006,face_eyeLookOutRight_mean,0.2069,0.2068,9.999999999998899e-05
Y4-008,face_eyeLookOutRight_mean,0.6476,0.6475,9.999999999998899e-05
Y4-012,face_eyeLookOutRight_mean,0.239,0.2389,9.999999999998899e-05
Y4-015,face_eyeLookOutRight_mean,-0.0931,-0.0932,0.00010000000000000286
Y4-019,face_eyeLookOutRight_mean,0.7526,0.7532,0.0005999999999999339
Y4-020,face_eyeLookOutRight_mean,-0.0067,-0.0075,0.0007999999999999995
Y4-027,face_eyeLookOutRight_mean,4.7733,4.7729,0.00039999999999995595
Y4-028,face_eyeLookOutRight_mean,0.0269,0.0268,9.99999999999994e-05
Y4-040,face_eyeLookOutRight_mean,0.1219,0.1218,9.999999999998899e-05
Y4-001,face_eyeLookOutRight_std,1.5642,1.5656,0.0014000000000000679
Y4-002,face_eyeLookOutRight_std,2.0349,2.0334,0.0015000000000000568
Y4-005,face_eyeLookOutRight_std,0.5324,0.5338,0.0014000000000000679
Y4-006,face_eyeLookOutRight_std,0.3519,0.3518,9.999999999998899e-05
Y4-007,face_eyeLookOutRight_std,-1.0755,-1.0756,9.999999999998899e-05
Y4-008,face_eyeLookOutRight_std,0.7114,0.7113,9.999999999998899e-05
Y4-009,face_eyeLookOutRight_std,-0.6258,-0.6259,9.999999999998899e-05
Y4-010,face_eyeLookOutRight_std,-0.2452,-0.2453,9.999999999998899e-05
Y4-011,face_eyeLookOutRight_std,0.027,0.0269,9.99999999999994e-05
Y4-012,face_eyeLookOutRight_std,-0.2648,-0.2649,0.0001000000000000445
Y4-013,face_eyeLookOutRight_std,-0.9762,-0.9763,9.999999999998899e-05
Y4-014,face_eyeLookOutRight_std,-0.9657,-0.9658,9.999999999998899e-05
Y4-016,face_eyeLookOutRight_std,-0.2016,-0.2017,9.999999999998899e-05
Y4-017,face_eyeLookOutRight_std,-0.8243,-0.8244,9.999999999998899e-05
Y4-020,face_eyeLookOutRight_std,-0.2738,-0.2739,9.999999999998899e-05
Y4-021,face_eyeLookOutRight_std,-0.4588,-0.4589,9.999999999998899e-05
Y4-022,face_eyeLookOutRight_std,-0.7957,-0.7958,9.999999999998899e-05
Y4-023,face_eyeLookOutRight_std,-0.7882,-0.7883,9.999999999998899e-05
Y4-024,face_eyeLookOutRight_std,-0.6649,-0.665,9.999999999998899e-05
Y4-026,face_eyeLookOutRight_std,-0.8559,-0.856,9.999999999998899e-05
Y4-028,face_eyeLookOutRight_std,-0.6423,-0.6424,9.999999999998899e-05
Y4-029,face_eyeLookOutRight_std,-0.8559,-0.856,9.999999999998899e-05
Y4-030,face_eyeLookOutRight_std,-0.4889,-0.489,9.999999999998899e-05
Y4-031,face_eyeLookOutRight_std,-0.8409,-0.8395,0.0013999999999999568
Y4-032,face_eyeLookOutRight_std,-0.9567,-0.9568,9.999999999998899e-05
Y4-033,face_eyeLookOutRight_std,-0.7055,-0.7056,9.999999999998899e-05
Y4-034,face_eyeLookOutRight_std,-0.6363,-0.6364,9.999999999998899e-05
Y4-035,face_eyeLookOutRight_std,-0.716,-0.7161,9.999999999998899e-05
Y4-036,face_eyeLookOutRight_std,-0.2106,-0.2107,9.999999999998899e-05
Y4-037,face_eyeLookOutRight_std,-0.5491,-0.5492,9.999999999998899e-05
Y4-038,face_eyeLookOutRight_std,1.0107,1.0106,9.999999999998899e-05
Y4-039,face_eyeLookOutRight_std,-1.0304,-1.0305,9.999999999998899e-05
Y4-001,face_eyeLookOutRight_max,1.4743,1.4734,0.0008999999999999009
Y4-002,face_eyeLookOutRight_max,2.5324,2.5323,9.999999999976694e-05
Y4-003,face_eyeLookOutRight_max,1.6999,1.7003,0.00039999999999995595
Y4-004,face_eyeLookOutRight_max,1.4092,1.4101,0.0008999999999999009
Y4-005,face_eyeLookOutRight_max,0.5998,0.5993,0.0004999999999999449
Y4-006,face_eyeLookOutRight_max,0.2086,0.2087,9.999999999998899e-05
Y4-007,face_eyeLookOutRight_max,-1.1705,-1.1704,9.999999999998899e-05
Y4-009,face_eyeLookOutRight_max,-0.3245,-0.3244,9.999999999998899e-05
Y4-011,face_eyeLookOutRight_max,0.1702,0.1698,0.0003999999999999837
Y4-012,face_eyeLookOutRight_max,-0.1382,-0.1381,9.999999999998899e-05
Y4-013,face_eyeLookOutRight_max,-1.0312,-1.0311,9.999999999998899e-05
Y4-014,face_eyeLookOutRight_max,-0.948,-0.9479,9.999999999998899e-05
Y4-015,face_eyeLookOutRight_max,0.0522,0.0527,0.0004999999999999935
Y4-016,face_eyeLookOutRight_max,-0.3186,-0.3185,9.999999999998899e-05
Y4-017,face_eyeLookOutRight_max,-0.551,-0.5514,0.00039999999999995595
Y4-020,face_eyeLookOutRight_max,-0.1707,-0.1716,0.0009000000000000119
Y4-021,face_eyeLookOutRight_max,-0.6211,-0.621,9.999999999998899e-05
Y4-022,face_eyeLookOutRight_max,-0.9824,-0.9823,0.00010000000000010001
Y4-023,face_eyeLookOutRight_max,-0.7925,-0.7929,0.00040000000000006697
Y4-024,face_eyeLookOutRight_max,-0.7708,-0.7707,9.999999999998899e-05
Y4-025,face_eyeLookOutRight_max,0.4813,0.4818,0.0005000000000000004
Y4-026,face_eyeLookOutRight_max,-0.9458,-0.9457,9.999999999998899e-05
Y4-027,face_eyeLookOutRight_max,2.9891,2.989,0.00010000000000021103
Y4-028,face_eyeLookOutRight_max,-0.3842,-0.3841,9.999999999998899e-05
Y4-030,face_eyeLookOutRight_max,-0.0342,-0.0341,0.00010000000000000286
Y4-031,face_eyeLookOutRight_max,-0.8282,-0.8277,0.000500000000000056
Y4-033,face_eyeLookOutRight_max,-0.6288,-0.6287,9.999999999998899e-05
Y4-035,face_eyeLookOutRight_max,-0.5777,-0.5785,0.0008000000000000229
Y4-037,face_eyeLookOutRight_max,-0.5429,-0.5428,0.00010000000000010001
Y4-038,face_eyeLookOutRight_max,0.2611,0.2616,0.0005000000000000004
Y4-039,face_eyeLookOutRight_max,-1.0918,-1.0917,0.00010000000000021103
Y4-001,face_eyeLookUpLeft_std,-0.9785,-0.9787,0.00019999999999997797
Y4-002,face_eyeLookUpLeft_std,0.6272,0.6221,0.005099999999999993
Y4-003,face_eyeLookUpLeft_std,1.5808,1.5814,0.0005999999999999339
Y4-004,face_eyeLookUpLeft_std,1.5973,1.5978,0.000500000000000167
Y4-006,face_eyeLookUpLeft_std,0.1778,0.178,0.00019999999999997797
Y4-007,face_eyeLookUpLeft_std,-0.9402,-0.9403,9.999999999998899e-05
Y4-008,face_eyeLookUpLeft_std,0.0682,0.0684,0.00020000000000000573
Y4-009,face_eyeLookUpLeft_std,-0.7264,-0.7265,9.999999999998899e-05
Y4-011,face_eyeLookUpLeft_std,1.3123,1.3128,0.0004999999999999449
Y4-014,face_eyeLookUpLeft_std,1.0054,1.0058,0.00039999999999995595
Y4-015,face_eyeLookUpLeft_std,3.3346,3.3356,0.0009999999999998899
Y4-016,face_eyeLookUpLeft_std,1.5699,1.565,0.0049000000000001265
Y4-017,face_eyeLookUpLeft_std,-0.1674,-0.1673,9.999999999998899e-05
Y4-018,face_eyeLookUpLeft_std,0.5286,0.5289,0.000300000000000078
Y4-021,face_eyeLookUpLeft_std,-0.9073,-0.9074,9.999999999998899e-05
Y4-022,face_eyeLookUpLeft_std,-0.9566,-0.9567,9.999999999998899e-05
Y4-023,face_eyeLookUpLeft_std,-1.1539,-1.1541,0.00019999999999997797
Y4-024,face_eyeLookUpLeft_std,0.2984,0.2986,0.00019999999999997797
Y4-026,face_eyeLookUpLeft_std,-0.984,-0.9841,9.999999999998899e-05
Y4-027,face_eyeLookUpLeft_std,0.682,0.6824,0.00039999999999995595
Y4-028,face_eyeLookUpLeft_std,0.2765,0.2822,0.005699999999999983
Y4-030,face_eyeLookUpLeft_std,-0.7264,-0.7265,9.999999999998899e-05
Y4-031,face_eyeLookUpLeft_std,-0.0907,-0.0906,0.00010000000000000286
Y4-032,face_eyeLookUpLeft_std,0.3532,0.3534,0.00019999999999997797
Y4-033,face_eyeLookUpLeft_std,-1.0224,-1.0225,9.999999999998899e-05
Y4-034,face_eyeLookUpLeft_std,-0.1181,-0.118,0.00010000000000000286
Y4-035,face_eyeLookUpLeft_std,0.1395,0.1397,0.00019999999999997797
Y4-039,face_eyeLookUpLeft_std,-1.0662,-1.0664,0.00019999999999997797
Y4-040,face_eyeLookUpLeft_std,2.1563,2.157,0.000700000000000145
Y4-002,face_eyeLookUpLeft_max,0.7925,0.7918,0.0007000000000000339
Y4-003,face_eyeLookUpLeft_max,0.5415,0.5417,0.00019999999999997797
Y4-004,face_eyeLookUpLeft_max,1.3648,1.3651,0.00029999999999996696
Y4-006,face_eyeLookUpLeft_max,0.1544,0.1545,9.999999999998899e-05
Y4-007,face_eyeLookUpLeft_max,-0.7722,-0.7721,9.999999999998899e-05
Y4-008,face_eyeLookUpLeft_max,-0.1687,-0.1686,9.999999999998899e-05
Y4-009,face_eyeLookUpLeft_max,-0.5968,-0.5977,0.0009000000000000119
Y4-011,face_eyeLookUpLeft_max,0.8032,0.8043,0.0010999999999999899
Y4-012,face_eyeLookUpLeft_max,-0.4865,-0.4864,9.999999999998899e-05
Y4-014,face_eyeLookUpLeft_max,0.886,0.8853,0.0007000000000000339
Y4-015,face_eyeLookUpLeft_max,1.8695,1.868,0.0014999999999998348
Y4-016,face_eyeLookUpLeft_max,4.4942,4.4948,0.0005999999999994898
Y4-017,face_eyeLookUpLeft_max,0.1695,0.1696,9.999999999998899e-05
Y4-018,face_eyeLookUpLeft_max,0.044,0.0432,0.0007999999999999952
Y4-023,face_eyeLookUpLeft_max,-0.9786,-0.9787,9.999999999998899e-05
Y4-024,face_eyeLookUpLeft_max,0.5175,0.5177,0.000200000000000089
Y4-025,face_eyeLookUpLeft_max,-0.6191,-0.619,9.999999999998899e-05
Y4-027,face_eyeLookUpLeft_max,-0.0352,-0.0351,0.00010000000000000286
Y4-028,face_eyeLookUpLeft_max,0.1392,0.1394,0.00020000000000000573
Y4-030,face_eyeLookUpLeft_max,-0.5123,-0.5122,9.999999999998899e-05
Y4-031,face_eyeLookUpLeft_max,-0.3343,-0.3342,9.999999999998899e-05
Y4-032,face_eyeLookUpLeft_max,0.4169,0.4171,0.00020000000000003348
Y4-034,face_eyeLookUpLeft_max,-0.199,-0.198,0.0010000000000000009
Y4-035,face_eyeLookUpLeft_max,0.2683,0.2675,0.0007999999999999674
Y4-036,face_eyeLookUpLeft_max,-0.393,-0.3921,0.0009000000000000119
Y4-037,face_eyeLookUpLeft_max,-0.709,-0.7089,9.999999999998899e-05
Y4-038,face_eyeLookUpLeft_max,-0.3254,-0.3253,0.0001000000000000445
Y4-040,face_eyeLookUpLeft_max,1.4075,1.4078,0.00029999999999996696
Y4-002,face_eyeLookUpRight_mean,0.7461,0.7462,9.999999999998899e-05
Y4-004,face_eyeLookUpRight_mean,1.2015,1.2016,9.999999999998899e-05
Y4-006,face_eyeLookUpRight_mean,-0.0084,-0.0071,0.001299999999999999
Y4-008,face_eyeLookUpRight_mean,-0.1389,-0.1388,9.999999999998899e-05
Y4-014,face_eyeLookUpRight_mean,0.9812,0.9801,0.0010999999999999899
Y4-016,face_eyeLookUpRight_mean,5.1809,5.1812,0.0002999999999993008
Y4-017,face_eyeLookUpRight_mean,0.1602,0.1603,9.999999999998899e-05
Y4-020,face_eyeLookUpRight_mean,-0.2263,-0.2262,9.999999999998899e-05
Y4-021,face_eyeLookUpRight_mean,-0.4651,-0.465,9.999999999998899e-05
Y4-024,face_eyeLookUpRight_mean,0.3289,0.3277,0.0012000000000000344
Y4-035,face_eyeLookUpRight_mean,0.6033,0.6034,0.00010000000000010001
Y4-040,face_eyeLookUpRight_mean,1.1314,1.1315,9.999999999998899e-05
Y4-001,face_eyeLookUpRight_std,-1.0275,-1.0277,0.00019999999999997797
Y4-002,face_eyeLookUpRight_std,0.7416,0.7422,0.0005999999999999339
Y4-003,face_eyeLookUpRight_std,1.3074,1.3083,0.0009000000000001229
Y4-004,face_eyeLookUpRight_std,1.2745,1.2699,0.0045999999999999375
Y4-005,face_eyeLookUpRight_std,-0.5166,-0.5165,9.999999999998899e-05
Y4-006,face_eyeLookUpRight_std,0.1867,0.187,0.0002999999999999947
Y4-007,face_eyeLookUpRight_std,-0.9671,-0.9673,0.000200000000000089
Y4-008,face_eyeLookUpRight_std,-0.0771,-0.0768,0.0003000000000000086
Y4-010,face_eyeLookUpRight_std,-0.7693,-0.7694,9.999999999998899e-05
Y4-011,face_eyeLookUpRight_std,2.1425,2.1438,0.0013000000000000789
Y4-012,face_eyeLookUpRight_std,-0.5221,-0.522,9.999999999998899e-05
Y4-014,face_eyeLookUpRight_std,1.1261,1.127,0.0008999999999999009
Y4-015,face_eyeLookUpRight_std,3.1205,3.1222,0.0017000000000000348
Y4-016,face_eyeLookUpRight_std,1.5876,1.5832,0.0043999999999999595
Y4-017,face_eyeLookUpRight_std,-0.0551,-0.0603,0.005199999999999996
Y4-018,face_eyeLookUpRight_std,0.3844,0.3849,0.0005000000000000004
Y4-019,face_eyeLookUpRight_std,-0.8133,-0.8134,9.999999999998899e-05
Y4-020,face_eyeLookUpRight_std,-0.3133,-0.3132,0.0001000000000000445
Y4-021,face_eyeLookUpRight_std,-0.8957,-0.8958,9.999999999998899e-05
Y4-022,face_eyeLookUpRight_std,-0.9341,-0.9343,0.00019999999999997797
Y4-023,face_eyeLookUpRight_std,-1.1923,-1.1926,0.000300000000000189
Y4-024,face_eyeLookUpRight_std,0.4064,0.4069,0.0005000000000000004
Y4-026,face_eyeLookUpRight_std,-1.033,-1.0332,0.00019999999999997797
Y4-027,face_eyeLookUpRight_std,0.7031,0.7037,0.0006000000000000449
Y4-028,face_eyeLookUpRight_std,0.5767,0.5773,0.0006000000000000449
Y4-030,face_eyeLookUpRight_std,-0.6594,-0.654,0.00539999999999996
Y4-031,face_eyeLookUpRight_std,-0.0551,-0.0548,0.00030000000000000165
Y4-032,face_eyeLookUpRight_std,0.357,0.3574,0.00040000000000001146
Y4-033,face_eyeLookUpRight_std,-1.0825,-1.0827,0.00019999999999997797
Y4-034,face_eyeLookUpRight_std,-0.1924,-0.1922,0.00019999999999997797
Y4-035,face_eyeLookUpRight_std,0.2856,0.286,0.00039999999999995595
Y4-036,face_eyeLookUpRight_std,-0.4397,-0.4396,9.999999999998899e-05
Y4-037,face_eyeLookUpRight_std,-0.6594,-0.6595,9.999999999998899e-05
Y4-038,face_eyeLookUpRight_std,-0.1979,-0.1977,0.00020000000000000573
Y4-039,face_eyeLookUpRight_std,-1.066,-1.0662,0.00019999999999997797
Y4-040,face_eyeLookUpRight_std,1.8514,1.8525,0.001100000000000101
Y4-001,face_eyeLookUpRight_max,-0.9079,-0.9077,0.000200000000000089
Y4-002,face_eyeLookUpRight_max,0.9275,0.9266,0.0009000000000000119
Y4-003,face_eyeLookUpRight_max,0.402,0.403,0.0010000000000000009
Y4-005,face_eyeLookUpRight_max,-0.3068,-0.3066,0.00020000000000003348
Y4-006,face_eyeLookUpRight_max,0.1439,0.144,9.999999999998899e-05
Y4-007,face_eyeLookUpRight_max,-0.7939,-0.7946,0.0006999999999999229
Y4-008,face_eyeLookUpRight_max,-0.2146,-0.2145,0.00010000000000001674
Y4-009,face_eyeLookUpRight_max,-0.5722,-0.573,0.0007999999999999119
Y4-010,face_eyeLookUpRight_max,-0.7556,-0.7563,0.0006999999999999229
Y4-012,face_eyeLookUpRight_max,-0.47,-0.4699,9.999999999998899e-05
Y4-013,face_eyeLookUpRight_max,-0.4974,-0.4972,0.00020000000000003348
Y4-014,face_eyeLookUpRight_max,0.943,0.9421,0.0008999999999999009
Y4-015,face_eyeLookUpRight_max,1.7001,1.6991,0.0009999999999998899
Y4-016,face_eyeLookUpRight_max,4.5106,4.5112,0.0005999999999994898
Y4-017,face_eyeLookUpRight_max,0.1466,0.1467,9.999999999998899e-05
Y4-018,face_eyeLookUpRight_max,0.0308,0.0309,9.99999999999994e-05
Y4-019,face_eyeLookUpRight_max,-0.8596,-0.8594,0.00019999999999997797
Y4-020,face_eyeLookUpRight_max,-0.1024,-0.1023,0.00010000000000000286
Y4-021,face_eyeLookUpRight_max,-0.7036,-0.7034,0.00019999999999997797
Y4-022,face_eyeLookUpRight_max,-0.7656,-0.7654,0.00019999999999997797
Y4-023,face_eyeLookUpRight_max,-0.9991,-0.9989,0.00019999999999997797
Y4-024,face_eyeLookUpRight_max,0.4814,0.4815,9.999999999998899e-05
Y4-025,face_eyeLookUpRight_max,-0.6105,-0.6113,0.0007999999999999119
Y4-026,face_eyeLookUpRight_max,-0.8869,-0.8867,0.00019999999999997797
Y4-027,face_eyeLookUpRight_max,0.0362,0.0363,9.999999999999593e-05
Y4-029,face_eyeLookUpRight_max,-0.2976,-0.2975,9.999999999998899e-05
Y4-030,face_eyeLookUpRight_max,-0.5458,-0.5456,0.00019999999999997797
Y4-031,face_eyeLookUpRight_max,-0.2712,-0.271,0.00019999999999997797
Y4-032,face_eyeLookUpRight_max,0.4148,0.4149,9.999999999998899e-05
Y4-033,face_eyeLookUpRight_max,-0.9681,-0.9679,0.00019999999999997797
Y4-034,face_eyeLookUpRight_max,-0.2931,-0.2929,0.00020000000000003348
Y4-036,face_eyeLookUpRight_max,-0.3962,-0.3969,0.0006999999999999784
Y4-037,face_eyeLookUpRight_max,-0.7008,-0.7006,0.00019999999999997797
Y4-038,face_eyeLookUpRight_max,-0.2383,-0.2373,0.0010000000000000009
Y4-039,face_eyeLookUpRight_max,-0.9061,-0.9059,0.00019999999999997797
Y4-001,face_eyeSquintLeft_std,-0.2609,-0.2606,0.00030000000000002247
Y4-002,face_eyeSquintLeft_std,-0.213,-0.2167,0.003700000000000009
Y4-003,face_eyeSquintLeft_std,1.3046,1.305,0.00039999999999995595
Y4-004,face_eyeSquintLeft_std,-0.5564,-0.5561,0.00029999999999996696
Y4-005,face_eyeSquintLeft_std,0.8254,0.8257,0.00029999999999996696
Y4-006,face_eyeSquintLeft_std,1.041,1.0414,0.000400000000000178
Y4-007,face_eyeSquintLeft_std,-0.7641,-0.7638,0.00029999999999996696
Y4-008,face_eyeSquintLeft_std,0.2104,0.2107,0.0002999999999999947
Y4-009,face_eyeSquintLeft_std,-0.6003,-0.6001,0.00019999999999997797
Y4-010,face_eyeSquintLeft_std,1.041,1.0414,0.000400000000000178
Y4-011,face_eyeSquintLeft_std,-0.3927,-0.3924,0.00029999999999996696
Y4-012,face_eyeSquintLeft_std,-1.1315,-1.1312,0.00029999999999996696
Y4-013,face_eyeSquintLeft_std,-0.5564,-0.5561,0.00029999999999996696
Y4-014,face_eyeSquintLeft_std,-0.6722,-0.6719,0.00029999999999996696
Y4-015,face_eyeSquintLeft_std,4.0841,4.0846,0.0004999999999997229
Y4-016,face_eyeSquintLeft_std,-0.2449,-0.2446,0.0002999999999999947
Y4-017,face_eyeSquintLeft_std,1.2407,1.2411,0.000400000000000178
Y4-018,face_eyeSquintLeft_std,0.5139,0.5142,0.00029999999999996696
Y4-019,face_eyeSquintLeft_std,-0.177,-0.1767,0.0002999999999999947
Y4-020,face_eyeSquintLeft_std,-0.824,-0.8237,0.00029999999999996696
Y4-021,face_eyeSquintLeft_std,-0.788,-0.7878,0.000200000000000089
Y4-022,face_eyeSquintLeft_std,-0.2649,-0.2646,0.00030000000000002247
Y4-023,face_eyeSquintLeft_std,-1.0716,-1.0753,0.0036999999999998145
Y4-024,face_eyeSquintLeft_std,-0.189,-0.1887,0.0002999999999999947
Y4-025,face_eyeSquintLeft_std,-0.3128,-0.3125,0.00030000000000002247
Y4-026,face_eyeSquintLeft_std,-1.1994,-1.1991,0.00029999999999996696
Y4-027,face_eyeSquintLeft_std,-0.2649,-0.2646,0.00030000000000002247
Y4-028,face_eyeSquintLeft_std,-0.5165,-0.5162,0.00029999999999996696
Y4-029,face_eyeSquintLeft_std,-0.7521,-0.7518,0.00029999999999996696
Y4-030,face_eyeSquintLeft_std,0.3941,0.3944,0.00029999999999996696
Y4-031,face_eyeSquintLeft_std,-0.0053,-0.005,0.0002999999999999999
Y4-032,face_eyeSquintLeft_std,-1.1914,-1.1911,0.00029999999999996696
Y4-033,face_eyeSquintLeft_std,1.8637,1.8601,0.0035999999999998256
Y4-034,face_eyeSquintLeft_std,0.0826,0.0829,0.0002999999999999947
Y4-035,face_eyeSquintLeft_std,-0.8879,-0.8876,0.000300000000000078
Y4-036,face_eyeSquintLeft_std,-0.197,-0.1967,0.0002999999999999947
Y4-037,face_eyeSquintLeft_std,0.9412,0.9415,0.00029999999999996696
Y4-038,face_eyeSquintLeft_std,0.1704,0.1707,0.0002999999999999947
Y4-039,face_eyeSquintLeft_std,-0.6842,-0.6839,0.000300000000000078
Y4-040,face_eyeSquintLeft_std,1.0051,1.0054,0.00029999999999996696
Y4-001,face_eyeSquintLeft_max,0.3562,0.3549,0.0013000000000000234
Y4-002,face_eyeSquintLeft_max,0.7165,0.7166,9.999999999998899e-05
Y4-003,face_eyeSquintLeft_max,1.1577,1.1578,9.999999999998899e-05
Y4-007,face_eyeSquintLeft_max,-1.3828,-1.3821,0.0006999999999999229
Y4-008,face_eyeSquintLeft_max,1.4052,1.4053,9.999999999998899e-05
Y4-009,face_eyeSquintLeft_max,-0.6065,-0.6064,9.999999999998899e-05
Y4-010,face_eyeSquintLeft_max,0.9016,0.9017,9.999999999998899e-05
Y4-013,face_eyeSquintLeft_max,-0.2449,-0.2442,0.0007000000000000062
Y4-014,face_eyeSquintLeft_max,-0.1785,-0.1792,0.0007000000000000062
Y4-015,face_eyeSquintLeft_max,1.4556,1.4557,9.999999999998899e-05
Y4-016,face_eyeSquintLeft_max,0.398,0.3974,0.0006000000000000449
Y4-017,face_eyeSquintLeft_max,1.6447,1.6448,9.999999999998899e-05
Y4-018,face_eyeSquintLeft_max,1.1677,1.1691,0.0014000000000000679
Y4-022,face_eyeSquintLeft_max,-0.9887,-0.9886,9.999999999998899e-05
Y4-023,face_eyeSquintLeft_max,-1.3775,-1.3774,9.999999999998899e-05
Y4-024,face_eyeSquintLeft_max,-0.8885,-0.8884,9.999999999998899e-05
Y4-026,face_eyeSquintLeft_max,-1.83,-1.8306,0.0005999999999999339
Y4-027,face_eyeSquintLeft_max,-1.9182,-1.9175,0.0006999999999999229
Y4-029,face_eyeSquintLeft_max,-0.5103,-0.5102,9.999999999998899e-05
Y4-030,face_eyeSquintLeft_max,-0.5322,-0.5321,9.999999999998899e-05
Y4-036,face_eyeSquintLeft_max,-0.2422,-0.2429,0.0007000000000000062
Y4-037,face_eyeSquintLeft_max,-0.2993,-0.2999,0.0005999999999999894
Y4-001,face_eyeSquintRight_mean,0.1085,0.1084,0.00010000000000000286
Y4-006,face_eyeSquintRight_mean,0.5856,0.5855,9.999999999998899e-05
Y4-012,face_eyeSquintRight_mean,0.4575,0.4574,0.0001000000000000445
Y4-013,face_eyeSquintRight_mean,-0.3325,-0.3326,9.999999999998899e-05
Y4-015,face_eyeSquintRight_mean,0.1217,0.121,0.0007000000000000062
Y4-019,face_eyeSquintRight_mean,-1.3397,-1.3398,0.00010000000000021103
Y4-022,face_eyeSquintRight_mean,-0.6491,-0.6492,9.999999999998899e-05
Y4-026,face_eyeSquintRight_mean,-0.7117,-0.711,0.0007000000000000339
Y4-029,face_eyeSquintRight_mean,-0.6572,-0.6573,9.999999999998899e-05
Y4-035,face_eyeSquintRight_mean,1.0325,1.0332,0.0006999999999999229
Y4-036,face_eyeSquintRight_mean,0.2727,0.2726,9.999999999998899e-05
Y4-001,face_eyeSquintRight_std,1.5317,1.5316,9.999999999998899e-05
Y4-002,face_eyeSquintRight_std,-1.0186,-1.0189,0.00029999999999996696
Y4-003,face_eyeSquintRight_std,0.7997,0.7995,0.00019999999999997797
Y4-004,face_eyeSquintRight_std,-0.6501,-0.6504,0.00029999999999996696
Y4-005,face_eyeSquintRight_std,-0.6166,-0.6169,0.00029999999999996696
Y4-006,face_eyeSquintRight_std,-0.8463,-0.8466,0.00029999999999996696
Y4-007,face_eyeSquintRight_std,-0.5353,-0.5356,0.00029999999999996696
Y4-008,face_eyeSquintRight_std,0.0437,0.0434,0.00030000000000000165
Y4-009,face_eyeSquintRight_std,-0.7219,-0.7222,0.00029999999999996696
Y4-010,face_eyeSquintRight_std,1.4361,1.4359,0.00019999999999997797
Y4-011,face_eyeSquintRight_std,0.2303,0.23,0.0002999999999999947
Y4-012,face_eyeSquintRight_std,-0.7985,-0.7987,0.00019999999999997797
Y4-013,face_eyeSquintRight_std,-0.0903,-0.0906,0.0002999999999999947
Y4-014,face_eyeSquintRight_std,-0.009,-0.0092,0.00020000000000000052
Y4-016,face_eyeSquintRight_std,0.4791,0.4789,0.00020000000000003348
Y4-017,face_eyeSquintRight_std,0.5509,0.5506,0.00029999999999996696
Y4-018,face_eyeSquintRight_std,0.2925,0.2922,0.00029999999999996696
Y4-019,face_eyeSquintRight_std,0.6513,0.6511,0.00019999999999997797
Y4-020,face_eyeSquintRight_std,0.0915,0.0913,0.00019999999999999185
Y4-021,face_eyeSquintRight_std,-0.9755,-0.9758,0.00029999999999996696
Y4-022,face_eyeSquintRight_std,0.5939,0.5937,0.00019999999999997797
Y4-023,face_eyeSquintRight_std,-0.454,-0.4542,0.00019999999999997797
Y4-024,face_eyeSquintRight_std,-1.0138,-1.0141,0.00029999999999996696
Y4-025,face_eyeSquintRight_std,-0.5305,-0.5308,0.000300000000000078
Y4-026,face_eyeSquintRight_std,-1.1238,-1.1241,0.000300000000000189
Y4-027,face_eyeSquintRight_std,-1.0999,-1.1002,0.00029999999999996696
Y4-028,face_eyeSquintRight_std,-0.2052,-0.2054,0.00020000000000000573
Y4-029,face_eyeSquintRight_std,-0.454,-0.4542,0.00019999999999997797
Y4-030,face_eyeSquintRight_std,-0.5066,-0.5069,0.00029999999999996696
Y4-031,face_eyeSquintRight_std,-0.119,-0.1193,0.0003000000000000086
Y4-032,face_eyeSquintRight_std,-0.8272,-0.8227,0.0045000000000000595
Y4-033,face_eyeSquintRight_std,1.8954,1.8952,0.00019999999999997797
Y4-034,face_eyeSquintRight_std,0.4312,0.4358,0.004599999999999993
Y4-035,face_eyeSquintRight_std,-0.0807,-0.081,0.0003000000000000086
Y4-036,face_eyeSquintRight_std,-0.5975,-0.5978,0.00029999999999996696
Y4-037,face_eyeSquintRight_std,1.8475,1.8474,9.999999999998899e-05
Y4-038,face_eyeSquintRight_std,-0.1621,-0.1623,0.00020000000000000573
Y4-039,face_eyeSquintRight_std,-0.9324,-0.9327,0.00029999999999996696
Y4-040,face_eyeSquintRight_std,-0.3487,-0.349,0.00029999999999996696
Y4-001,face_eyeSquintRight_max,0.2991,0.2984,0.0006999999999999784
Y4-005,face_eyeSquintRight_max,-0.1368,-0.1369,9.999999999998899e-05
Y4-008,face_eyeSquintRight_max,1.0314,1.0321,0.0006999999999999229
Y4-013,face_eyeSquintRight_max,-0.4044,-0.4045,0.0001000000000000445
Y4-014,face_eyeSquintRight_max,0.54,0.5407,0.0006999999999999229
Y4-017,face_eyeSquintRight_max,1.4359,1.4352,0.0006999999999999229
Y4-018,face_eyeSquintRight_max,1.5906,1.5905,9.999999999998899e-05
Y4-019,face_eyeSquintRight_max,-1.0088,-1.0095,0.000700000000000145
Y4-031,face_eyeSquintRight_max,0.6858,0.6865,0.0007000000000000339
Y4-032,face_eyeSquintRight_max,-0.5454,-0.5448,0.0006000000000000449
Y4-033,face_eyeSquintRight_max,0.128,0.1273,0.0007000000000000062
Y4-036,face_eyeSquintRight_max,0.1746,0.1745,0.00010000000000001674
Y4-038,face_eyeSquintRight_max,-1.223,-1.2223,0.000700000000000145
Y4-039,face_eyeSquintRight_max,-1.4214,-1.4215,9.999999999998899e-05
Y4-001,face_eyeWideLeft_mean,-1.0954,-1.0938,0.0015999999999998238
Y4-002,face_eyeWideLeft_mean,0.8593,0.8564,0.0028999999999999027
Y4-003,face_eyeWideLeft_mean,-0.4315,-0.4314,9.999999999998899e-05
Y4-005,face_eyeWideLeft_mean,-0.3209,-0.3211,0.00019999999999997797
Y4-006,face_eyeWideLeft_mean,0.0111,0.0101,0.0010000000000000009
Y4-007,face_eyeWideLeft_mean,-0.2102,-0.2107,0.0005000000000000004
Y4-008,face_eyeWideLeft_mean,-0.5422,-0.5418,0.00040000000000006697
Y4-009,face_eyeWideLeft_mean,-1.0216,-1.0202,0.0014000000000000679
Y4-010,face_eyeWideLeft_mean,-1.0585,-1.057,0.0015000000000000568
Y4-011,face_eyeWideLeft_mean,-0.6159,-0.6154,0.000500000000000056
Y4-012,face_eyeWideLeft_mean,-0.284,-0.2843,0.00030000000000002247
Y4-014,face_eyeWideLeft_mean,1.7076,1.7028,0.0047999999999999154
Y4-015,face_eyeWideLeft_mean,-0.0627,-0.0635,0.0007999999999999952
Y4-016,face_eyeWideLeft_mean,0.4536,0.4517,0.0019000000000000128
Y4-017,face_eyeWideLeft_mean,-0.5053,-0.505,0.00029999999999996696
Y4-018,face_eyeWideLeft_mean,-1.0216,-1.0202,0.0014000000000000679
Y4-019,face_eyeWideLeft_mean,0.0111,0.0101,0.0010000000000000009
Y4-020,face_eyeWideLeft_mean,-0.0258,-0.0267,0.0009000000000000015
Y4-021,face_eyeWideLeft_mean,-0.911,-0.9098,0.0011999999999999789
Y4-022,face_eyeWideLeft_mean,0.4536,0.4517,0.0019000000000000128
Y4-023,face_eyeWideLeft_mean,-0.9847,-0.9834,0.0012999999999999678
Y4-024,face_eyeWideLeft_mean,2.4821,2.5123,0.030200000000000227
Y4-025,face_eyeWideLeft_mean,-0.4315,-0.4314,9.999999999998899e-05
Y4-026,face_eyeWideLeft_mean,-0.9479,-0.9466,0.0012999999999999678
Y4-027,face_eyeWideLeft_mean,4.2893,4.2785,0.010799999999999699
Y4-028,face_eyeWideLeft_mean,-0.0258,-0.0267,0.0009000000000000015
Y4-029,face_eyeWideLeft_mean,-0.1365,-0.1371,0.0005999999999999894
Y4-030,face_eyeWideLeft_mean,0.1955,0.1941,0.0014000000000000123
Y4-031,face_eyeWideLeft_mean,-0.6528,-0.6522,0.0006000000000000449
Y4-032,face_eyeWideLeft_mean,0.6381,0.6357,0.0023999999999999577
Y4-033,face_eyeWideLeft_mean,-0.1733,-0.1739,0.0005999999999999894
Y4-034,face_eyeWideLeft_mean,-0.0627,-0.0635,0.0007999999999999952
Y4-035,face_eyeWideLeft_mean,0.4536,0.4517,0.0019000000000000128
Y4-036,face_eyeWideLeft_mean,-0.5422,-0.5418,0.00040000000000006697
Y4-037,face_eyeWideLeft_mean,-0.2102,-0.2107,0.0005000000000000004
Y4-038,face_eyeWideLeft_mean,0.4905,0.4885,0.0020000000000000018
Y4-039,face_eyeWideLeft_mean,0.8225,0.8196,0.0029000000000000137
Y4-040,face_eyeWideLeft_mean,0.1955,0.1941,0.0014000000000000123
Y4-001,face_eyeWideLeft_std,-0.3995,-0.3987,0.0008000000000000229
Y4-002,face_eyeWideLeft_std,-0.0424,-0.0443,0.001899999999999999
Y4-003,face_eyeWideLeft_std,0.0469,0.0443,0.002599999999999998
Y4-004,face_eyeWideLeft_std,-0.3102,-0.3101,9.999999999998899e-05
Y4-005,face_eyeWideLeft_std,0.1361,0.1329,0.0032000000000000084
Y4-006,face_eyeWideLeft_std,0.1361,0.1329,0.0032000000000000084
Y4-007,face_eyeWideLeft_std,-0.1317,-0.1329,0.0011999999999999789
Y4-008,face_eyeWideLeft_std,0.3147,0.3101,0.004599999999999993
Y4-009,face_eyeWideLeft_std,-1.1136,-1.1075,0.006099999999999994
Y4-010,face_eyeWideLeft_std,-0.8458,-0.8417,0.0040999999999999925
Y4-011,face_eyeWideLeft_std,-0.935,-0.9303,0.0047000000000000375
Y4-012,face_eyeWideLeft_std,-0.3995,-0.3987,0.0008000000000000229
Y4-013,face_eyeWideLeft_std,-0.578,-0.5759,0.0020999999999999908
Y4-014,face_eyeWideLeft_std,2.3677,2.3478,0.01990000000000025
Y4-015,face_eyeWideLeft_std,1.118,1.1075,0.010500000000000176
Y4-016,face_eyeWideLeft_std,0.5825,0.5759,0.00660000000000005
Y4-017,face_eyeWideLeft_std,-0.6673,-0.6645,0.0028000000000000247
Y4-018,face_eyeWideLeft_std,-0.6673,-0.6645,0.0028000000000000247
Y4-019,face_eyeWideLeft_std,-0.0424,-0.0443,0.001899999999999999
Y4-020,face_eyeWideLeft_std,-0.935,-0.9303,0.0047000000000000375
Y4-021,face_eyeWideLeft_std,-0.935,-0.9303,0.0047000000000000375
Y4-022,face_eyeWideLeft_std,0.5825,0.5759,0.00660000000000005
Y4-023,face_eyeWideLeft_std,-0.7565,-0.7531,0.0033999999999999586
Y4-024,face_eyeWideLeft_std,0.6717,0.6645,0.007199999999999984
Y4-025,face_eyeWideLeft_std,-0.3995,-0.3987,0.0008000000000000229
Y4-026,face_eyeWideLeft_std,-0.8458,-0.8417,0.0040999999999999925
Y4-027,face_eyeWideLeft_std,3.0819,3.0566,0.0253000000000001
Y4-028,face_eyeWideLeft_std,-0.3995,-0.3987,0.0008000000000000229
Y4-029,face_eyeWideLeft_std,-0.7565,-0.7531,0.0033999999999999586
Y4-030,face_eyeWideLeft_std,-0.3995,-0.3987,0.0008000000000000229
Y4-031,face_eyeWideLeft_std,-0.0424,-0.0443,0.001899999999999999
Y4-032,face_eyeWideLeft_std,-0.7565,-0.7531,0.0033999999999999586
Y4-033,face_eyeWideLeft_std,0.2254,0.2215,0.003899999999999987
Y4-034,face_eyeWideLeft_std,-0.1317,-0.1329,0.0011999999999999789
Y4-035,face_eyeWideLeft_std,-0.578,-0.5759,0.0020999999999999908
Y4-036,face_eyeWideLeft_std,-0.6673,-0.6645,0.0028000000000000247
Y4-037,face_eyeWideLeft_std,0.8502,0.8417,0.008499999999999952
Y4-038,face_eyeWideLeft_std,3.3497,3.411,0.06130000000000013
Y4-039,face_eyeWideLeft_std,0.5825,0.5759,0.00660000000000005
Y4-040,face_eyeWideLeft_std,-0.3102,-0.3101,9.999999999998899e-05
Y4-001,face_eyeWideLeft_max,-0.9119,-0.9121,0.00019999999999997797
Y4-002,face_eyeWideLeft_max,0.2558,0.2559,9.999999999998899e-05
Y4-003,face_eyeWideLeft_max,-0.3577,-0.3578,9.999999999998899e-05
Y4-005,face_eyeWideLeft_max,-0.1004,-0.1005,0.00010000000000000286
Y4-006,face_eyeWideLeft_max,-0.1202,-0.1203,0.00010000000000000286
Y4-008,face_eyeWideLeft_max,-0.1004,-0.1005,0.00010000000000000286
Y4-009,face_eyeWideLeft_max,-1.1098,-1.11,0.00020000000000020002
Y4-010,face_eyeWideLeft_max,-1.0901,-1.0902,9.999999999998899e-05
Y4-011,face_eyeWideLeft_max,-0.8525,-0.8527,0.00019999999999997797
Y4-014,face_eyeWideLeft_max,1.8392,1.8197,0.01949999999999985
Y4-016,face_eyeWideLeft_max,0.5329,0.533,9.999999999998899e-05
Y4-017,face_eyeWideLeft_max,-0.5161,-0.5162,9.999999999998899e-05
Y4-018,face_eyeWideLeft_max,-1.1098,-1.11,0.00020000000000020002
Y4-019,face_eyeWideLeft_max,0.1766,0.1767,9.999999999998899e-05
Y4-020,face_eyeWideLeft_max,-0.4963,-0.4964,9.999999999998899e-05
Y4-021,face_eyeWideLeft_max,-1.0505,-1.0506,9.999999999998899e-05
Y4-022,face_eyeWideLeft_max,1.0673,1.0675,0.00019999999999997797
Y4-023,face_eyeWideLeft_max,-0.8525,-0.8527,0.00019999999999997797
Y4-024,face_eyeWideLeft_max,1.4829,1.503,0.020099999999999785
Y4-025,face_eyeWideLeft_max,-0.5359,-0.536,9.999999999998899e-05
Y4-026,face_eyeWideLeft_max,-0.9713,-0.9715,0.00019999999999997797
Y4-027,face_eyeWideLeft_max,3.4622,3.4627,0.0004999999999997229
Y4-029,face_eyeWideLeft_max,-0.4567,-0.4568,9.999999999998899e-05
Y4-031,face_eyeWideLeft_max,-0.4369,-0.437,9.999999999998899e-05
Y4-036,face_eyeWideLeft_max,-0.7932,-0.7933,9.999999999998899e-05
Y4-038,face_eyeWideLeft_max,3.0267,3.0272,0.000500000000000167
Y4-039,face_eyeWideLeft_max,0.9683,0.9685,0.00019999999999997797
Y4-040,face_eyeWideLeft_max,0.2558,0.2559,9.999999999998899e-05
Y4-001,face_jawLeft_max,-0.5654,-0.5656,0.00019999999999997797
Y4-002,face_jawLeft_max,0.7368,0.7367,9.999999999998899e-05
Y4-003,face_jawLeft_max,-0.5025,-0.5026,0.00010000000000010001
Y4-004,face_jawLeft_max,-0.3578,-0.358,0.00019999999999997797
Y4-005,face_jawLeft_max,-0.5088,-0.5089,9.999999999998899e-05
Y4-006,face_jawLeft_max,0.1581,0.1579,0.00019999999999997797
Y4-007,face_jawLeft_max,-0.3515,-0.3517,0.00020000000000003348
Y4-008,face_jawLeft_max,0.1329,0.1327,0.00019999999999997797
Y4-009,face_jawLeft_max,-0.2068,-0.2007,0.006100000000000022
Y4-010,face_jawLeft_max,-0.037,-0.0371,0.00010000000000000286
Y4-012,face_jawLeft_max,0.0574,0.0572,0.0001999999999999988
Y4-013,face_jawLeft_max,1.1079,1.1078,0.00010000000000021103
Y4-014,face_jawLeft_max,-0.4647,-0.4649,0.00019999999999997797
Y4-015,face_jawLeft_max,-0.3452,-0.3454,0.00019999999999997797
Y4-016,face_jawLeft_max,-0.5088,-0.5089,9.999999999998899e-05
Y4-017,face_jawLeft_max,-0.4647,-0.4649,0.00019999999999997797
Y4-018,face_jawLeft_max,-0.4144,-0.4146,0.00020000000000003348
Y4-019,face_jawLeft_max,-0.2383,-0.2384,9.999999999998899e-05
Y4-020,face_jawLeft_max,0.7808,0.7807,0.00010000000000010001
Y4-021,face_jawLeft_max,-0.232,-0.2321,9.999999999998899e-05
Y4-022,face_jawLeft_max,-0.471,-0.4712,0.00020000000000003348
Y4-023,face_jawLeft_max,-0.2383,-0.2384,9.999999999998899e-05
Y4-024,face_jawLeft_max,-0.578,-0.5781,9.999999999998899e-05
Y4-025,face_jawLeft_max,-0.1816,-0.1818,0.00019999999999997797
Y4-026,face_jawLeft_max,0.4411,0.441,9.999999999998899e-05
Y4-027,face_jawLeft_max,-0.2697,-0.2699,0.00019999999999997797
Y4-028,face_jawLeft_max,-0.0999,-0.1,0.00010000000000000286
Y4-029,face_jawLeft_max,-0.4836,-0.4838,0.00020000000000003348
Y4-030,face_jawLeft_max,0.6047,0.6046,9.999999999998899e-05
Y4-031,face_jawLeft_max,-0.5842,-0.5844,0.00019999999999997797
Y4-032,face_jawLeft_max,-0.5088,-0.5089,9.999999999998899e-05
Y4-033,face_jawLeft_max,-0.5717,-0.5718,9.999999999998899e-05
Y4-035,face_jawLeft_max,-0.4836,-0.4838,0.00020000000000003348
Y4-036,face_jawLeft_max,-0.5905,-0.5907,0.00019999999999997797
Y4-037,face_jawLeft_max,-0.4207,-0.4209,0.00019999999999997797
Y4-038,face_jawLeft_max,-0.2257,-0.2258,9.999999999998899e-05
Y4-039,face_jawLeft_max,0.1329,0.1327,0.00019999999999997797
Y4-040,face_jawLeft_max,-0.5905,-0.5907,0.00019999999999997797
Y4-017,face_jawOpen_mean,-0.1875,-0.1874,9.999999999998899e-05
Y4-020,face_jawOpen_mean,2.1089,2.1074,0.0015000000000000568
Y4-031,face_jawOpen_mean,-0.5939,-0.5938,9.999999999998899e-05
Y4-040,face_jawOpen_mean,2.2842,2.2857,0.0015000000000000568
Y4-001,face_jawOpen_std,-0.9069,-0.9067,0.000200000000000089
Y4-002,face_jawOpen_std,-0.4857,-0.4855,0.00020000000000003348
Y4-003,face_jawOpen_std,-0.7083,-0.7081,0.000200000000000089
Y4-005,face_jawOpen_std,-0.9971,-0.9969,0.00019999999999997797
Y4-006,face_jawOpen_std,0.7479,0.7458,0.0020999999999999908
Y4-007,face_jawOpen_std,-1.0112,-1.0109,0.000300000000000189
Y4-008,face_jawOpen_std,-0.5699,-0.5697,0.00019999999999997797
Y4-009,face_jawOpen_std,1.0408,1.0406,0.00019999999999997797
Y4-010,face_jawOpen_std,0.5333,0.5332,9.999999999998899e-05
Y4-012,face_jawOpen_std,-0.7043,-0.7041,0.000200000000000089
Y4-013,face_jawOpen_std,1.1391,1.1389,0.00019999999999997797
Y4-014,face_jawOpen_std,2.4709,2.4705,0.00039999999999995595
Y4-015,face_jawOpen_std,2.2302,2.2318,0.0015999999999998238
Y4-016,face_jawOpen_std,0.8322,0.8321,0.00010000000000010001
Y4-017,face_jawOpen_std,-0.3753,-0.3752,0.0001000000000000445
Y4-018,face_jawOpen_std,-0.6541,-0.656,0.0019000000000000128
Y4-019,face_jawOpen_std,-0.8888,-0.8886,0.000200000000000089
Y4-020,face_jawOpen_std,0.9906,0.9905,9.999999999998899e-05
Y4-021,face_jawOpen_std,-0.9811,-0.9809,0.00019999999999997797
Y4-022,face_jawOpen_std,-1.0132,-1.0129,0.000300000000000189
Y4-023,face_jawOpen_std,-0.7524,-0.7522,0.00019999999999997797
Y4-024,face_jawOpen_std,-0.2089,-0.2088,9.999999999998899e-05
Y4-025,face_jawOpen_std,-0.2089,-0.2088,9.999999999998899e-05
Y4-026,face_jawOpen_std,-0.8166,-0.8164,0.00019999999999997797
Y4-027,face_jawOpen_std,-0.6602,-0.66,0.00019999999999997797
Y4-028,face_jawOpen_std,1.9093,1.909,0.00029999999999996696
Y4-029,face_jawOpen_std,-0.6461,-0.6459,0.00019999999999997797
Y4-030,face_jawOpen_std,0.9886,0.9885,9.999999999998899e-05
Y4-031,face_jawOpen_std,-0.5839,-0.5838,9.999999999998899e-05
Y4-032,face_jawOpen_std,-0.9089,-0.9087,0.000200000000000089
Y4-033,face_jawOpen_std,-0.937,-0.9367,0.000300000000000078
Y4-034,face_jawOpen_std,0.9706,0.9704,0.00019999999999997797
Y4-035,face_jawOpen_std,-0.6221,-0.6219,0.00019999999999997797
Y4-036,face_jawOpen_std,-0.9289,-0.9287,0.00019999999999997797
Y4-037,face_jawOpen_std,0.2525,0.2505,0.0020000000000000018
Y4-038,face_jawOpen_std,0.8462,0.8461,9.999999999998899e-05
Y4-039,face_jawOpen_std,-0.6381,-0.6379,0.00019999999999997797
Y4-040,face_jawOpen_std,1.9935,1.9952,0.0017000000000000348
Y4-002,face_jawOpen_max,-0.3815,-0.381,0.0005000000000000004
Y4-003,face_jawOpen_max,-0.6712,-0.6706,0.0006000000000000449
Y4-004,face_jawOpen_max,-0.0094,-0.0089,0.0005000000000000004
Y4-009,face_jawOpen_max,1.1727,1.1721,0.000600000000000156
Y4-011,face_jawOpen_max,0.7241,0.7234,0.0006999999999999229
Y4-013,face_jawOpen_max,2.206,2.2065,0.000500000000000167
Y4-015,face_jawOpen_max,2.2974,2.2979,0.0004999999999997229
Y4-017,face_jawOpen_max,-0.4967,-0.4973,0.0006000000000000449
Y4-018,face_jawOpen_max,-0.6806,-0.6807,9.999999999998899e-05
Y4-020,face_jawOpen_max,0.9852,0.9846,0.0005999999999999339
Y4-026,face_jawOpen_max,-0.8563,-0.8557,0.0005999999999999339
Y4-028,face_jawOpen_max,1.4772,1.4771,9.999999999998899e-05
Y4-030,face_jawOpen_max,1.2891,1.2896,0.000500000000000167
Y4-031,face_jawOpen_max,-0.6349,-0.635,9.999999999998899e-05
Y4-035,face_jawOpen_max,-0.6652,-0.6658,0.0005999999999999339
Y4-037,face_jawOpen_max,0.5597,0.5596,9.999999999998899e-05
Y4-040,face_jawOpen_max,1.7478,1.7477,9.999999999998899e-05
Y4-001,face_jawRight_max,-0.2372,-0.2371,9.999999999998899e-05
Y4-002,face_jawRight_max,-0.2592,-0.259,0.00019999999999997797
Y4-003,face_jawRight_max,-0.2504,-0.2503,9.999999999998899e-05
Y4-004,face_jawRight_max,-0.2416,-0.2415,0.00010000000000001674
Y4-005,face_jawRight_max,-0.246,-0.2459,9.999999999998899e-05
Y4-006,face_jawRight_max,-0.2592,-0.259,0.00019999999999997797
Y4-007,face_jawRight_max,-0.2592,-0.259,0.00019999999999997797
Y4-008,face_jawRight_max,-0.2022,-0.202,0.00019999999999997797
Y4-009,face_jawRight_max,-0.2592,-0.259,0.00019999999999997797
Y4-010,face_jawRight_max,-0.2636,-0.2634,0.00019999999999997797
Y4-011,face_jawRight_max,-0.2636,-0.2634,0.00019999999999997797
Y4-012,face_jawRight_max,-0.2592,-0.259,0.00019999999999997797
Y4-013,face_jawRight_max,-0.2241,-0.224,9.999999999998899e-05
Y4-014,face_jawRight_max,0.3723,0.3721,0.00020000000000003348
Y4-016,face_jawRight_max,0.3065,0.3064,9.999999999998899e-05
Y4-017,face_jawRight_max,-0.2548,-0.2546,0.00020000000000003348
Y4-018,face_jawRight_max,-0.2636,-0.2634,0.00019999999999997797
Y4-019,face_jawRight_max,-0.246,-0.2459,9.999999999998899e-05
Y4-020,face_jawRight_max,-0.2592,-0.259,0.00019999999999997797
Y4-021,face_jawRight_max,-0.2636,-0.2634,0.00019999999999997797
Y4-022,face_jawRight_max,-0.2636,-0.2634,0.00019999999999997797
Y4-023,face_jawRight_max,-0.2636,-0.2634,0.00019999999999997797
Y4-024,face_jawRight_max,0.3065,0.3064,9.999999999998899e-05
Y4-025,face_jawRight_max,-0.2592,-0.259,0.00019999999999997797
Y4-026,face_jawRight_max,-0.2636,-0.2634,0.00019999999999997797
Y4-027,face_jawRight_max,-0.2066,-0.2064,0.00020000000000000573
Y4-028,face_jawRight_max,-0.1408,-0.1407,0.00010000000000001674
Y4-029,face_jawRight_max,-0.2372,-0.2371,9.999999999998899e-05
Y4-030,face_jawRight_max,-0.246,-0.2459,9.999999999998899e-05
Y4-031,face_jawRight_max,-0.1583,-0.1582,9.999999999998899e-05
Y4-033,face_jawRight_max,-0.2022,-0.202,0.00019999999999997797
Y4-034,face_jawRight_max,-0.2592,-0.259,0.00019999999999997797
Y4-035,face_jawRight_max,-0.2109,-0.2108,0.00010000000000001674
Y4-036,face_jawRight_max,0.8109,0.806,0.004899999999999904
Y4-037,face_jawRight_max,-0.1408,-0.1407,0.00010000000000001674
Y4-038,face_jawRight_max,-0.2329,-0.2327,0.00020000000000000573
Y4-039,face_jawRight_max,-0.2636,-0.2634,0.00019999999999997797
Y4-040,face_jawRight_max,6.0909,6.0917,0.0007999999999999119
Y4-001,face_mouthDimpleLeft_mean,-0.4065,-0.4064,9.999999999998899e-05
Y4-002,face_mouthDimpleLeft_mean,-0.2697,-0.2695,0.00019999999999997797
Y4-003,face_mouthDimpleLeft_mean,-0.3764,-0.3763,9.999999999998899e-05
Y4-005,face_mouthDimpleLeft_mean,-0.5297,-0.5296,9.999999999998899e-05
Y4-006,face_mouthDimpleLeft_mean,-0.6857,-0.6856,9.999999999998899e-05
Y4-007,face_mouthDimpleLeft_mean,-0.5023,-0.5022,9.999999999998899e-05
Y4-008,face_mouthDimpleLeft_mean,-0.5215,-0.5214,9.999999999998899e-05
Y4-009,face_mouthDimpleLeft_mean,-0.464,-0.4639,0.0001000000000000445
Y4-010,face_mouthDimpleLeft_mean,-0.297,-0.2969,9.999999999998899e-05
Y4-011,face_mouthDimpleLeft_mean,-0.6638,-0.6637,9.999999999998899e-05
Y4-012,face_mouthDimpleLeft_mean,3.0804,3.0807,0.000300000000000189
Y4-013,face_mouthDimpleLeft_mean,0.2476,0.2478,0.00020000000000000573
Y4-014,face_mouthDimpleLeft_mean,-0.0425,-0.0424,0.00010000000000000286
Y4-015,face_mouthDimpleLeft_mean,-0.3873,-0.3872,9.999999999998899e-05
Y4-016,face_mouthDimpleLeft_mean,-0.5461,-0.546,9.999999999998899e-05
Y4-017,face_mouthDimpleLeft_mean,-0.6063,-0.6062,9.999999999998899e-05
Y4-018,face_mouthDimpleLeft_mean,0.1245,0.1246,0.00010000000000000286
Y4-019,face_mouthDimpleLeft_mean,0.5131,0.5133,0.00019999999999997797
Y4-020,face_mouthDimpleLeft_mean,0.8853,0.8855,0.00019999999999997797
Y4-021,face_mouthDimpleLeft_mean,-0.4038,-0.4037,9.999999999998899e-05
Y4-022,face_mouthDimpleLeft_mean,-0.5899,-0.5898,9.999999999998899e-05
Y4-023,face_mouthDimpleLeft_mean,1.0194,1.0197,0.00029999999999996696
Y4-024,face_mouthDimpleLeft_mean,-0.6747,-0.6746,9.999999999998899e-05
Y4-025,face_mouthDimpleLeft_mean,-0.0069,-0.0068,0.00010000000000000026
Y4-026,face_mouthDimpleLeft_mean,-0.6309,-0.6308,9.999999999998899e-05
Y4-027,face_mouthDimpleLeft_mean,1.586,1.5835,0.0025000000000001688
Y4-028,face_mouthDimpleLeft_mean,2.3742,2.3745,0.0002999999999997449
Y4-029,face_mouthDimpleLeft_mean,-0.4558,-0.4557,9.999999999998899e-05
Y4-030,face_mouthDimpleLeft_mean,3.5484,3.5488,0.00039999999999995595
Y4-031,face_mouthDimpleLeft_mean,-0.6775,-0.6774,9.999999999998899e-05
Y4-032,face_mouthDimpleLeft_mean,-0.4612,-0.4611,9.999999999998899e-05
Y4-033,face_mouthDimpleLeft_mean,-0.2067,-0.2066,9.999999999998899e-05
Y4-035,face_mouthDimpleLeft_mean,-0.3627,-0.3626,0.0001000000000000445
Y4-036,face_mouthDimpleLeft_mean,0.5405,0.5407,0.00019999999999997797
Y4-037,face_mouthDimpleLeft_mean,-0.4612,-0.4611,9.999999999998899e-05
Y4-038,face_mouthDimpleLeft_mean,-0.4913,-0.4912,9.999999999998899e-05
Y4-039,face_mouthDimpleLeft_mean,-0.5324,-0.535,0.0026000000000000467
Y4-040,face_mouthDimpleLeft_mean,-0.4612,-0.4611,9.999999999998899e-05
Y4-001,face_mouthDimpleLeft_std,-0.5058,-0.5059,9.999999999998899e-05
Y4-004,face_mouthDimpleLeft_std,-0.6447,-0.6448,9.999999999998899e-05
Y4-006,face_mouthDimpleLeft_std,-0.6725,-0.6726,9.999999999998899e-05
Y4-007,face_mouthDimpleLeft_std,-0.6077,-0.6078,9.999999999998899e-05
Y4-009,face_mouthDimpleLeft_std,-0.5274,-0.5275,9.999999999998899e-05
Y4-011,face_mouthDimpleLeft_std,-0.6355,-0.6356,0.00010000000000010001
Y4-012,face_mouthDimpleLeft_std,1.322,1.3224,0.00039999999999995595
Y4-013,face_mouthDimpleLeft_std,1.5968,1.5973,0.0004999999999999449
Y4-015,face_mouthDimpleLeft_std,-0.123,-0.1229,0.00010000000000000286
Y4-016,face_mouthDimpleLeft_std,-0.6293,-0.6294,9.999999999998899e-05
Y4-019,face_mouthDimpleLeft_std,0.1518,0.1519,0.00010000000000001674
Y4-020,face_mouthDimpleLeft_std,1.4053,1.4058,0.0004999999999999449
Y4-023,face_mouthDimpleLeft_std,1.5875,1.588,0.000500000000000167
Y4-024,face_mouthDimpleLeft_std,-0.6571,-0.6572,9.999999999998899e-05
Y4-026,face_mouthDimpleLeft_std,-0.6355,-0.6356,0.00010000000000010001
Y4-027,face_mouthDimpleLeft_std,1.8376,1.8381,0.000500000000000167
Y4-028,face_mouthDimpleLeft_std,3.3782,3.3761,0.0020999999999999908
Y4-029,face_mouthDimpleLeft_std,-0.549,-0.5491,9.999999999998899e-05
Y4-030,face_mouthDimpleLeft_std,2.5477,2.5484,0.000700000000000145
Y4-031,face_mouthDimpleLeft_std,-0.6694,-0.6695,9.999999999998899e-05
Y4-033,face_mouthDimpleLeft_std,-0.4255,-0.4256,9.999999999998899e-05
Y4-034,face_mouthDimpleLeft_std,-0.6015,-0.6016,9.999999999998899e-05
Y4-036,face_mouthDimpleLeft_std,1.2541,1.2545,0.00039999999999995595
Y4-038,face_mouthDimpleLeft_std,-0.549,-0.5491,9.999999999998899e-05
Y4-039,face_mouthDimpleLeft_std,-0.5861,-0.5862,0.00010000000000010001
Y4-040,face_mouthDimpleLeft_std,-0.5459,-0.546,9.999999999998899e-05
Y4-001,face_mouthDimpleLeft_max,-0.4701,-0.4709,0.0007999999999999674
Y4-011,face_mouthDimpleLeft_max,-0.6465,-0.6466,9.999999999998899e-05
Y4-012,face_mouthDimpleLeft_max,1.68,1.6802,0.00019999999999997797
Y4-013,face_mouthDimpleLeft_max,2.1593,2.1595,0.00019999999999997797
Y4-014,face_mouthDimpleLeft_max,-0.2189,-0.2181,0.0008000000000000229
Y4-017,face_mouthDimpleLeft_max,-0.6449,-0.645,9.999999999998899e-05
Y4-018,face_mouthDimpleLeft_max,-0.0734,-0.075,0.0015999999999999903
Y4-020,face_mouthDimpleLeft_max,0.8772,0.8773,9.999999999998899e-05
Y4-022,face_mouthDimpleLeft_max,-0.6163,-0.6164,9.999999999998899e-05
Y4-023,face_mouthDimpleLeft_max,1.2865,1.2875,0.001000000000000112
Y4-024,face_mouthDimpleLeft_max,-0.6656,-0.6657,9.999999999998899e-05
Y4-025,face_mouthDimpleLeft_max,-0.0432,-0.0424,0.0008000000000000021
Y4-026,face_mouthDimpleLeft_max,-0.6584,-0.6577,0.0007000000000000339
Y4-027,face_mouthDimpleLeft_max,1.4566,1.456,0.0005999999999999339
Y4-028,face_mouthDimpleLeft_max,3.361,3.3583,0.0027000000000003688
Y4-030,face_mouthDimpleLeft_max,2.7045,2.7064,0.0019000000000000128
Y4-031,face_mouthDimpleLeft_max,-0.6775,-0.6776,9.999999999998899e-05
Y4-032,face_mouthDimpleLeft_max,-0.412,-0.4121,0.0001000000000000445
Y4-033,face_mouthDimpleLeft_max,-0.3349,-0.335,0.0001000000000000445
Y4-036,face_mouthDimpleLeft_max,1.0751,1.0768,0.0017000000000000348
Y4-039,face_mouthDimpleLeft_max,-0.5877,-0.5885,0.0008000000000000229
Y4-003,face_mouthDimpleRight_max,0.2416,0.2415,0.00010000000000001674
Y4-005,face_mouthDimpleRight_max,-0.4139,-0.414,9.999999999998899e-05
Y4-008,face_mouthDimpleRight_max,-0.5272,-0.5273,9.999999999998899e-05
Y4-010,face_mouthDimpleRight_max,0.8162,0.816,0.000200000000000089
Y4-011,face_mouthDimpleRight_max,-0.579,-0.5791,9.999999999998899e-05
Y4-012,face_mouthDimpleRight_max,0.5912,0.591,0.00019999999999997797
Y4-013,face_mouthDimpleRight_max,4.0824,4.082,0.00039999999999995595
Y4-015,face_mouthDimpleRight_max,-0.3071,-0.3072,9.999999999998899e-05
Y4-016,face_mouthDimpleRight_max,-0.6648,-0.6649,0.00010000000000010001
Y4-019,face_mouthDimpleRight_max,0.227,0.2269,0.00010000000000001674
Y4-020,face_mouthDimpleRight_max,2.2405,2.2402,0.0002999999999997449
Y4-023,face_mouthDimpleRight_max,0.2594,0.2593,0.0001000000000000445
Y4-027,face_mouthDimpleRight_max,2.3505,2.3519,0.00140000000000029
Y4-028,face_mouthDimpleRight_max,1.818,1.8162,0.0018000000000000238
Y4-030,face_mouthDimpleRight_max,0.5912,0.5927,0.0015000000000000568
Y4-032,face_mouthDimpleRight_max,-0.5709,-0.571,9.999999999998899e-05
Y4-033,face_mouthDimpleRight_max,-0.3783,-0.3784,9.999999999998899e-05
Y4-034,face_mouthDimpleRight_max,0.7126,0.7141,0.0014999999999999458
Y4-035,face_mouthDimpleRight_max,-0.4042,-0.4043,9.999999999998899e-05
Y4-036,face_mouthDimpleRight_max,-0.5191,-0.5192,9.999999999998899e-05
Y4-038,face_mouthDimpleRight_max,0.0684,0.0683,0.00010000000000000286
Y4-039,face_mouthDimpleRight_max,-0.2456,-0.2457,9.999999999998899e-05
Y4-001,face_mouthFrownLeft_max,-0.0662,-0.0661,9.999999999998899e-05
Y4-005,face_mouthFrownLeft_max,-0.4189,-0.4188,9.999999999998899e-05
Y4-006,face_mouthFrownLeft_max,0.306,0.3062,0.00020000000000003348
Y4-009,face_mouthFrownLeft_max,-0.2974,-0.2973,9.999999999998899e-05
Y4-010,face_mouthFrownLeft_max,-0.4816,-0.4815,9.999999999998899e-05
Y4-013,face_mouthFrownLeft_max,0.545,0.5452,0.00019999999999997797
Y4-015,face_mouthFrownLeft_max,0.9369,0.9371,0.000200000000000089
Y4-017,face_mouthFrownLeft_max,1.2072,1.2075,0.00029999999999996696
Y4-019,face_mouthFrownLeft_max,-0.4032,-0.4031,9.999999999998899e-05
Y4-022,face_mouthFrownLeft_max,-0.223,-0.2229,0.00010000000000001674
Y4-023,face_mouthFrownLeft_max,-0.1916,-0.1915,9.999999999998899e-05
Y4-024,face_mouthFrownLeft_max,0.9721,0.9723,0.000200000000000089
Y4-025,face_mouthFrownLeft_max,-0.4855,-0.4854,9.999999999998899e-05
Y4-026,face_mouthFrownLeft_max,1.2738,1.2702,0.0036000000000000476
Y4-029,face_mouthFrownLeft_max,-0.3366,-0.3365,9.999999999998899e-05
Y4-031,face_mouthFrownLeft_max,-0.462,-0.4619,0.0001000000000000445
Y4-033,face_mouthFrownLeft_max,0.0905,0.0906,0.00010000000000000286
Y4-034,face_mouthFrownLeft_max,5.0354,5.0361,0.000700000000000145
Y4-036,face_mouthFrownLeft_max,-0.27,-0.2699,0.0001000000000000445
Y4-037,face_mouthFrownLeft_max,1.983,1.9834,0.00039999999999995595
Y4-038,face_mouthFrownLeft_max,-0.0545,-0.0544,0.00010000000000000286
Y4-039,face_mouthFrownLeft_max,-0.3954,-0.3953,9.999999999998899e-05
Y4-001,face_mouthFrownRight_max,-0.0294,-0.0293,9.99999999999994e-05
Y4-002,face_mouthFrownRight_max,-0.5587,-0.559,0.000300000000000078
Y4-003,face_mouthFrownRight_max,-0.5871,-0.5873,0.000200000000000089
Y4-004,face_mouthFrownRight_max,-0.4075,-0.4076,0.0001000000000000445
Y4-005,face_mouthFrownRight_max,-0.5162,-0.5164,0.00019999999999997797
Y4-006,face_mouthFrownRight_max,1.1331,1.134,0.0008999999999999009
Y4-007,face_mouthFrownRight_max,-0.5776,-0.5779,0.00029999999999996696
Y4-008,face_mouthFrownRight_max,-0.5445,-0.5448,0.00029999999999996696
Y4-009,face_mouthFrownRight_max,-0.1995,-0.1996,9.999999999998899e-05
Y4-010,face_mouthFrownRight_max,-0.5493,-0.5495,0.00019999999999997797
Y4-011,face_mouthFrownRight_max,-0.4642,-0.4644,0.00019999999999997797
Y4-012,face_mouthFrownRight_max,-0.5918,-0.5921,0.00029999999999996696
Y4-013,face_mouthFrownRight_max,0.5235,0.524,0.000500000000000056
Y4-014,face_mouthFrownRight_max,-0.5871,-0.5873,0.000200000000000089
Y4-015,face_mouthFrownRight_max,0.9725,0.9732,0.0006999999999999229
Y4-016,face_mouthFrownRight_max,-0.5445,-0.5448,0.00029999999999996696
Y4-017,face_mouthFrownRight_max,1.1615,1.1624,0.0009000000000001229
Y4-018,face_mouthFrownRight_max,-0.5682,-0.5684,0.00019999999999997797
Y4-019,face_mouthFrownRight_max,-0.3791,-0.3745,0.004599999999999993
Y4-020,face_mouthFrownRight_max,-0.4264,-0.4266,0.00019999999999997797
Y4-021,face_mouthFrownRight_max,-0.3271,-0.3273,0.00019999999999997797
Y4-023,face_mouthFrownRight_max,0.0226,0.0274,0.004800000000000002
Y4-024,face_mouthFrownRight_max,0.7787,0.7793,0.0006000000000000449
Y4-025,face_mouthFrownRight_max,-0.5304,-0.5306,0.00019999999999997797
Y4-026,face_mouthFrownRight_max,1.2985,1.2948,0.0037000000000000366
Y4-027,face_mouthFrownRight_max,-0.5493,-0.5495,0.00019999999999997797
Y4-028,face_mouthFrownRight_max,-0.5871,-0.5873,0.000200000000000089
Y4-029,face_mouthFrownRight_max,-0.2704,-0.2705,0.0001000000000000445
Y4-030,face_mouthFrownRight_max,-0.5918,-0.5921,0.00029999999999996696
Y4-031,face_mouthFrownRight_max,-0.5209,-0.5211,0.00019999999999997797
Y4-032,face_mouthFrownRight_max,-0.5871,-0.5873,0.000200000000000089
Y4-033,face_mouthFrownRight_max,0.3014,0.297,0.004400000000000015
Y4-034,face_mouthFrownRight_max,3.5481,3.5506,0.002500000000000391
Y4-035,face_mouthFrownRight_max,-0.5871,-0.5873,0.000200000000000089
Y4-036,face_mouthFrownRight_max,-0.3035,-0.3036,9.999999999998899e-05
Y4-037,face_mouthFrownRight_max,3.7844,3.7823,0.0020999999999999908
Y4-038,face_mouthFrownRight_max,-0.0909,-0.0908,9.999999999998899e-05
Y4-039,face_mouthFrownRight_max,-0.4642,-0.4644,0.00019999999999997797
Y4-040,face_mouthFrownRight_max,-0.4169,-0.4171,0.00020000000000003348
Y4-001,face_mouthFunnel_std,-0.8424,-0.8422,0.000200000000000089
Y4-003,face_mouthFunnel_std,-0.6458,-0.6456,0.000200000000000089
Y4-004,face_mouthFunnel_std,-0.7726,-0.7724,0.00019999999999997797
Y4-005,face_mouthFunnel_std,-0.7504,-0.7502,0.00019999999999997797
Y4-006,face_mouthFunnel_std,0.1789,0.179,9.999999999998899e-05
Y4-007,face_mouthFunnel_std,0.1186,0.1188,0.00020000000000000573
Y4-008,face_mouthFunnel_std,-0.2683,-0.2682,9.999999999998899e-05
Y4-009,face_mouthFunnel_std,-0.4555,-0.4553,0.00020000000000003348
Y4-010,face_mouthFunnel_std,-0.5348,-0.5346,0.000200000000000089
Y4-011,face_mouthFunnel_std,1.2763,1.2764,9.999999999998899e-05
Y4-013,face_mouthFunnel_std,-0.687,-0.6868,0.000200000000000089
Y4-015,face_mouthFunnel_std,-0.5189,-0.5187,0.00019999999999997797
Y4-016,face_mouthFunnel_std,0.1186,0.1188,0.00020000000000000573
Y4-017,face_mouthFunnel_std,0.2455,0.2456,0.00010000000000001674
Y4-018,face_mouthFunnel_std,-0.7663,-0.7661,0.00019999999999997797
Y4-019,face_mouthFunnel_std,1.5015,1.5016,9.999999999998899e-05
Y4-020,face_mouthFunnel_std,-0.0558,-0.0557,0.00010000000000000286
Y4-021,face_mouthFunnel_std,-0.8424,-0.8422,0.000200000000000089
Y4-022,face_mouthFunnel_std,0.6515,0.6516,9.999999999998899e-05
Y4-023,face_mouthFunnel_std,-0.7822,-0.782,0.00019999999999997797
Y4-024,face_mouthFunnel_std,0.5944,0.5945,9.999999999998899e-05
Y4-025,face_mouthFunnel_std,3.4205,3.4204,0.00010000000000021103
Y4-026,face_mouthFunnel_std,0.347,0.3471,0.0001000000000000445
Y4-027,face_mouthFunnel_std,0.0108,0.0109,9.99999999999994e-05
Y4-028,face_mouthFunnel_std,1.3302,1.3303,9.999999999998899e-05
Y4-029,face_mouthFunnel_std,-0.6934,-0.6931,0.00029999999999996696
Y4-030,face_mouthFunnel_std,-0.5062,-0.5092,0.0030000000000000027
Y4-031,face_mouthFunnel_std,-0.6363,-0.6361,0.00019999999999997797
Y4-032,face_mouthFunnel_std,-0.7346,-0.7344,0.00019999999999997797
Y4-033,face_mouthFunnel_std,-0.7631,-0.7629,0.00019999999999997797
Y4-034,face_mouthFunnel_std,-0.6743,-0.6741,0.00019999999999997797
Y4-035,face_mouthFunnel_std,-0.6553,-0.6551,0.00019999999999997797
Y4-036,face_mouthFunnel_std,-0.8551,-0.8549,0.00019999999999997797
Y4-037,face_mouthFunnel_std,-0.7251,-0.7249,0.00019999999999997797
Y4-038,face_mouthFunnel_std,-0.3191,-0.3221,0.0030000000000000027
Y4-039,face_mouthFunnel_std,-0.5284,-0.5282,0.00019999999999997797
Y4-040,face_mouthFunnel_std,-0.4523,-0.4521,0.00019999999999997797
Y4-002,face_mouthFunnel_max,1.7804,1.7805,9.999999999998899e-05
Y4-003,face_mouthFunnel_max,-0.7092,-0.7082,0.0010000000000000009
Y4-004,face_mouthFunnel_max,-0.626,-0.6261,9.999999999998899e-05
Y4-007,face_mouthFunnel_max,0.352,0.3491,0.002899999999999958
Y4-009,face_mouthFunnel_max,-0.4096,-0.4086,0.0010000000000000009
Y4-010,face_mouthFunnel_max,-0.6347,-0.6348,9.999999999998899e-05
Y4-011,face_mouthFunnel_max,2.1206,2.1208,0.00019999999999997797
Y4-012,face_mouthFunnel_max,1.6094,1.6095,9.999999999998899e-05
Y4-014,face_mouthFunnel_max,1.9341,1.9352,0.001100000000000101
Y4-015,face_mouthFunnel_max,-0.5062,-0.5072,0.0010000000000000009
Y4-016,face_mouthFunnel_max,0.0282,0.0273,0.000899999999999998
Y4-019,face_mouthFunnel_max,1.1928,1.1919,0.0009000000000001229
Y4-020,face_mouthFunnel_max,-0.2685,-0.2694,0.0008999999999999564
Y4-022,face_mouthFunnel_max,0.7173,0.7203,0.0030000000000000027
Y4-024,face_mouthFunnel_max,0.7463,0.7454,0.0009000000000000119
Y4-025,face_mouthFunnel_max,2.9479,2.9481,0.00019999999999997797
Y4-027,face_mouthFunnel_max,-0.0442,-0.0433,0.000900000000000005
Y4-028,face_mouthFunnel_max,1.7099,1.709,0.0008999999999999009
Y4-031,face_mouthFunnel_max,-0.6811,-0.6812,9.999999999998899e-05
Y4-032,face_mouthFunnel_max,-0.7758,-0.7759,9.999999999998899e-05
Y4-034,face_mouthFunnel_max,-0.7449,-0.744,0.0009000000000000119
Y4-036,face_mouthFunnel_max,-0.9208,-0.9199,0.0008999999999999009
Y4-037,face_mouthFunnel_max,-0.7565,-0.7566,0.00010000000000010001
Y4-001,face_mouthLeft_max,0.4599,0.4687,0.00880000000000003
Y4-002,face_mouthLeft_max,0.2411,0.2412,9.999999999998899e-05
Y4-003,face_mouthLeft_max,-0.7565,-0.7567,0.000200000000000089
Y4-004,face_mouthLeft_max,-0.7303,-0.7305,0.000200000000000089
Y4-005,face_mouthLeft_max,0.2673,0.2674,0.0001000000000000445
Y4-006,face_mouthLeft_max,-0.3277,-0.3278,9.999999999998899e-05
Y4-007,face_mouthLeft_max,-0.4415,-0.4416,9.999999999998899e-05
Y4-008,face_mouthLeft_max,-0.5727,-0.5729,0.00019999999999997797
Y4-009,face_mouthLeft_max,-0.6515,-0.6517,0.00019999999999997797
Y4-010,face_mouthLeft_max,-0.5552,-0.5554,0.00019999999999997797
Y4-012,face_mouthLeft_max,3.6714,3.6725,0.0010999999999996568
Y4-013,face_mouthLeft_max,-0.7478,-0.748,0.00019999999999997797
Y4-014,face_mouthLeft_max,-0.6427,-0.6429,0.00019999999999997797
Y4-015,face_mouthLeft_max,-0.3802,-0.3803,0.0001000000000000445
Y4-016,face_mouthLeft_max,0.4336,0.4337,9.999999999998899e-05
Y4-017,face_mouthLeft_max,-0.5552,-0.5554,0.00019999999999997797
Y4-019,face_mouthLeft_max,0.8274,0.8276,0.00019999999999997797
Y4-020,face_mouthLeft_max,-0.669,-0.6692,0.00019999999999997797
Y4-022,face_mouthLeft_max,0.8449,0.8451,0.00019999999999997797
Y4-023,face_mouthLeft_max,-0.7478,-0.748,0.00019999999999997797
Y4-024,face_mouthLeft_max,-0.6778,-0.6779,9.999999999998899e-05
Y4-025,face_mouthLeft_max,0.4074,0.4075,9.999999999998899e-05
Y4-026,face_mouthLeft_max,-0.3802,-0.3803,0.0001000000000000445
Y4-027,face_mouthLeft_max,2.9451,2.9459,0.0007999999999999119
Y4-028,face_mouthLeft_max,-0.5552,-0.5554,0.00019999999999997797
Y4-029,face_mouthLeft_max,-0.6603,-0.6604,9.999999999998899e-05
Y4-030,face_mouthLeft_max,1.7812,1.773,0.008199999999999985
Y4-031,face_mouthLeft_max,-0.5202,-0.5204,0.00019999999999997797
Y4-032,face_mouthLeft_max,-0.704,-0.7042,0.000200000000000089
Y4-033,face_mouthLeft_max,-0.7215,-0.7217,0.00019999999999997797
Y4-034,face_mouthLeft_max,-0.6515,-0.6517,0.00019999999999997797
Y4-037,face_mouthLeft_max,-0.5202,-0.5204,0.00019999999999997797
Y4-038,face_mouthLeft_max,-0.7215,-0.7217,0.00019999999999997797
Y4-040,face_mouthLeft_max,1.93,1.9305,0.000500000000000167
Y4-002,face_mouthLowerDownLeft_mean,3.5367,3.5366,0.00010000000000021103
Y4-007,face_mouthLowerDownLeft_mean,-0.396,-0.3949,0.0011000000000000454
Y4-012,face_mouthLowerDownLeft_mean,-0.9928,-0.9927,9.999999999998899e-05
Y4-019,face_mouthLowerDownLeft_mean,-0.6416,-0.6427,0.001100000000000101
Y4-024,face_mouthLowerDownLeft_mean,0.8141,0.813,0.001100000000000101
Y4-026,face_mouthLowerDownLeft_mean,0.7452,0.7463,0.0010999999999999899
Y4-001,face_mouthLowerDownLeft_std,-0.5137,-0.5136,0.00010000000000010001
Y4-002,face_mouthLowerDownLeft_std,1.3392,1.3395,0.00029999999999996696
Y4-004,face_mouthLowerDownLeft_std,0.602,0.6007,0.0012999999999999678
Y4-005,face_mouthLowerDownLeft_std,1.5972,1.5976,0.00039999999999995595
Y4-006,face_mouthLowerDownLeft_std,0.4243,0.4245,0.00019999999999997797
Y4-007,face_mouthLowerDownLeft_std,-0.2108,-0.2107,9.999999999998899e-05
Y4-009,face_mouthLowerDownLeft_std,-1.1288,-1.1287,9.999999999998899e-05
Y4-010,face_mouthLowerDownLeft_std,-0.4179,-0.4178,9.999999999998899e-05
Y4-011,face_mouthLowerDownLeft_std,0.5186,0.5188,0.000200000000000089
Y4-013,face_mouthLowerDownLeft_std,-0.1521,-0.1535,0.0013999999999999846
Y4-015,face_mouthLowerDownLeft_std,-0.404,-0.4023,0.0017000000000000348
Y4-016,face_mouthLowerDownLeft_std,-1.0438,-1.0437,9.999999999998899e-05
Y4-017,face_mouthLowerDownLeft_std,-0.2649,-0.2648,0.0001000000000000445
Y4-019,face_mouthLowerDownLeft_std,-0.5307,-0.5306,9.999999999998899e-05
Y4-020,face_mouthLowerDownLeft_std,0.0009,0.001,0.00010000000000000005
Y4-021,face_mouthLowerDownLeft_std,0.551,0.5513,0.00029999999999996696
Y4-022,face_mouthLowerDownLeft_std,-0.0656,-0.0654,0.00020000000000000573
Y4-023,face_mouthLowerDownLeft_std,1.1105,1.1107,0.00019999999999997797
Y4-024,face_mouthLowerDownLeft_std,1.5447,1.5435,0.0011999999999998678
Y4-025,face_mouthLowerDownLeft_std,-0.0207,-0.0221,0.001400000000000002
Y4-026,face_mouthLowerDownLeft_std,1.5571,1.5574,0.00029999999999996696
Y4-027,face_mouthLowerDownLeft_std,2.2571,2.2575,0.00039999999999995595
Y4-028,face_mouthLowerDownLeft_std,-0.6173,-0.6172,9.999999999998899e-05
Y4-029,face_mouthLowerDownLeft_std,1.2727,1.273,0.00029999999999996696
Y4-030,face_mouthLowerDownLeft_std,-0.6018,-0.6017,9.999999999998899e-05
Y4-033,face_mouthLowerDownLeft_std,-0.4627,-0.4626,9.999999999998899e-05
Y4-034,face_mouthLowerDownLeft_std,-0.1027,-0.1025,0.00020000000000000573
Y4-035,face_mouthLowerDownLeft_std,0.9111,0.9114,0.00029999999999996696
Y4-036,face_mouthLowerDownLeft_std,0.7257,0.7259,0.00019999999999997797
Y4-039,face_mouthLowerDownLeft_std,1.8167,1.8171,0.00039999999999995595
Y4-040,face_mouthLowerDownLeft_std,0.6716,0.6703,0.0012999999999999678
Y4-002,face_mouthLowerDownLeft_max,1.3928,1.3918,0.001000000000000112
Y4-004,face_mouthLowerDownLeft_max,0.7238,0.7232,0.0006000000000000449
Y4-005,face_mouthLowerDownLeft_max,1.1263,1.1273,0.0009999999999998899
Y4-006,face_mouthLowerDownLeft_max,0.1466,0.146,0.0006000000000000172
Y4-007,face_mouthLowerDownLeft_max,-0.1588,-0.1583,0.0005000000000000004
Y4-011,face_mouthLowerDownLeft_max,0.856,0.8565,0.000500000000000056
Y4-012,face_mouthLowerDownLeft_max,-1.4508,-1.4507,9.999999999998899e-05
Y4-013,face_mouthLowerDownLeft_max,0.3612,0.3601,0.0011000000000000454
Y4-015,face_mouthLowerDownLeft_max,-0.194,-0.1935,0.0005000000000000004
Y4-021,face_mouthLowerDownLeft_max,0.7238,0.7243,0.000500000000000056
Y4-023,face_mouthLowerDownLeft_max,1.1536,1.1535,9.999999999998899e-05
Y4-025,face_mouthLowerDownLeft_max,0.0946,0.0936,0.0010000000000000009
Y4-026,face_mouthLowerDownLeft_max,0.9788,0.9793,0.0004999999999999449
Y4-029,face_mouthLowerDownLeft_max,0.9715,0.9714,9.999999999998899e-05
Y4-030,face_mouthLowerDownLeft_max,-0.3126,-0.3131,0.0005000000000000004
Y4-031,face_mouthLowerDownLeft_max,-1.4739,-1.4738,9.999999999998899e-05
Y4-032,face_mouthLowerDownLeft_max,-1.3532,-1.3531,9.999999999998899e-05
Y4-033,face_mouthLowerDownLeft_max,-0.4008,-0.4013,0.0005000000000000004
Y4-034,face_mouthLowerDownLeft_max,0.1077,0.1083,0.0005999999999999894
Y4-037,face_mouthLowerDownLeft_max,-0.4663,-0.4669,0.0005999999999999894
Y4-038,face_mouthLowerDownLeft_max,-1.1816,-1.181,0.0005999999999999339
Y4-039,face_mouthLowerDownLeft_max,1.5036,1.5035,9.999999999998899e-05
Y4-040,face_mouthLowerDownLeft_max,1.0161,1.0171,0.0009999999999998899
Y4-001,face_mouthLowerDownRight_mean,0.0318,0.0319,9.999999999999593e-05
Y4-005,face_mouthLowerDownRight_mean,0.217,0.2171,9.999999999998899e-05
Y4-008,face_mouthLowerDownRight_mean,-0.7073,-0.7072,9.999999999998899e-05
Y4-013,face_mouthLowerDownRight_mean,-0.6555,-0.6563,0.0008000000000000229
Y4-014,face_mouthLowerDownRight_mean,-0.8533,-0.8532,9.999999999998899e-05
Y4-016,face_mouthLowerDownRight_mean,-0.8733,-0.8732,9.999999999998899e-05
Y4-020,face_mouthLowerDownRight_mean,-0.3561,-0.356,0.0001000000000000445
Y4-022,face_mouthLowerDownRight_mean,-0.2902,-0.2901,9.999999999998899e-05
Y4-030,face_mouthLowerDownRight_mean,-0.4512,-0.4511,9.999999999998899e-05
Y4-002,face_mouthLowerDownRight_std,1.4286,1.4285,9.999999999998899e-05
Y4-003,face_mouthLowerDownRight_std,-1.4529,-1.4528,9.999999999998899e-05
Y4-004,face_mouthLowerDownRight_std,1.1777,1.1776,9.999999999998899e-05
Y4-005,face_mouthLowerDownRight_std,1.3707,1.372,0.0013000000000000789
Y4-008,face_mouthLowerDownRight_std,-1.1055,-1.1054,9.999999999998899e-05
Y4-011,face_mouthLowerDownRight_std,0.3932,0.3945,0.0013000000000000234
Y4-012,face_mouthLowerDownRight_std,-1.5012,-1.5011,9.999999999998899e-05
Y4-013,face_mouthLowerDownRight_std,-0.6147,-0.6146,9.999999999998899e-05
Y4-016,face_mouthLowerDownRight_std,-1.1689,-1.1688,9.999999999998899e-05
Y4-021,face_mouthLowerDownRight_std,0.5366,0.5365,9.999999999998899e-05
Y4-024,face_mouthLowerDownRight_std,1.0853,1.0852,9.999999999998899e-05
Y4-025,face_mouthLowerDownRight_std,0.134,0.1326,0.0014000000000000123
Y4-026,face_mouthLowerDownRight_std,1.4755,1.4754,9.999999999998899e-05
Y4-027,face_mouthLowerDownRight_std,1.6175,1.6174,9.999999999998899e-05
Y4-029,face_mouthLowerDownRight_std,1.8215,1.8214,9.999999999998899e-05
Y4-031,face_mouthLowerDownRight_std,-1.4419,-1.4418,9.999999999998899e-05
Y4-039,face_mouthLowerDownRight_std,1.5651,1.565,9.999999999998899e-05
Y4-040,face_mouthLowerDownRight_std,0.1905,0.1891,0.0014000000000000123
Y4-002,face_mouthLowerDownRight_max,1.6583,1.658,0.000300000000000189
Y4-003,face_mouthLowerDownRight_max,-1.5271,-1.527,9.999999999998899e-05
Y4-004,face_mouthLowerDownRight_max,1.0757,1.0758,9.999999999998899e-05
Y4-005,face_mouthLowerDownRight_max,0.9977,0.9978,9.999999999998899e-05
Y4-006,face_mouthLowerDownRight_max,0.2238,0.2239,9.999999999998899e-05
Y4-007,face_mouthLowerDownRight_max,-0.671,-0.6705,0.000500000000000056
Y4-008,face_mouthLowerDownRight_max,-1.1506,-1.151,0.00039999999999995595
Y4-010,face_mouthLowerDownRight_max,-0.2199,-0.2193,0.0006000000000000172
Y4-011,face_mouthLowerDownRight_max,0.8629,0.8635,0.0006000000000000449
Y4-012,face_mouthLowerDownRight_max,-1.5882,-1.5881,9.999999999998899e-05
Y4-013,face_mouthLowerDownRight_max,-0.3986,-0.3994,0.0007999999999999674
Y4-015,face_mouthLowerDownRight_max,-0.3715,-0.3705,0.0010000000000000009
Y4-016,face_mouthLowerDownRight_max,-1.1469,-1.1468,9.999999999998899e-05
Y4-017,face_mouthLowerDownRight_max,0.3194,0.3195,9.999999999998899e-05
Y4-018,face_mouthLowerDownRight_max,-1.0993,-1.0992,9.999999999998899e-05
Y4-019,face_mouthLowerDownRight_max,-0.2017,-0.2021,0.00040000000000001146
Y4-021,face_mouthLowerDownRight_max,0.708,0.7081,9.999999999998899e-05
Y4-022,face_mouthLowerDownRight_max,0.1207,0.1208,0.00010000000000000286
Y4-023,face_mouthLowerDownRight_max,1.1246,1.1247,9.999999999998899e-05
Y4-024,face_mouthLowerDownRight_max,1.1284,1.1285,9.999999999998899e-05
Y4-025,face_mouthLowerDownRight_max,0.2695,0.2687,0.0008000000000000229
Y4-026,face_mouthLowerDownRight_max,0.7855,0.7856,9.999999999998899e-05
Y4-027,face_mouthLowerDownRight_max,1.3201,1.3202,9.999999999998899e-05
Y4-028,face_mouthLowerDownRight_max,-0.204,-0.2044,0.00040000000000001146
Y4-029,face_mouthLowerDownRight_max,1.5203,1.5204,9.999999999998899e-05
Y4-030,face_mouthLowerDownRight_max,-0.2423,-0.2427,0.00040000000000001146
Y4-031,face_mouthLowerDownRight_max,-1.5607,-1.5606,9.999999999998899e-05
Y4-032,face_mouthLowerDownRight_max,-1.0666,-1.067,0.00039999999999995595
Y4-033,face_mouthLowerDownRight_max,-0.0188,-0.0192,0.0003999999999999976
Y4-034,face_mouthLowerDownRight_max,-0.7354,-0.7353,0.00010000000000010001
Y4-035,face_mouthLowerDownRight_max,0.8055,0.8056,9.999999999998899e-05
Y4-036,face_mouthLowerDownRight_max,1.8837,1.8833,0.00039999999999995595
Y4-037,face_mouthLowerDownRight_max,-0.4555,-0.4559,0.00040000000000001146
Y4-038,face_mouthLowerDownRight_max,-1.3475,-1.3469,0.0005999999999999339
Y4-039,face_mouthLowerDownRight_max,1.3075,1.3081,0.0005999999999999339
Y4-040,face_mouthLowerDownRight_max,0.7985,0.7982,0.00029999999999996696
Y4-001,face_mouthPressLeft_mean,1.0141,1.0138,0.00029999999999996696
Y4-002,face_mouthPressLeft_mean,-0.7789,-0.781,0.0020999999999999908
Y4-004,face_mouthPressLeft_mean,-0.8286,-0.8284,0.00019999999999997797
Y4-005,face_mouthPressLeft_mean,-0.5647,-0.5645,0.00019999999999997797
Y4-006,face_mouthPressLeft_mean,-1.0451,-1.0448,0.00029999999999996696
Y4-007,face_mouthPressLeft_mean,-0.7789,-0.7787,0.000200000000000089
Y4-008,face_mouthPressLeft_mean,-0.8601,-0.8599,0.00019999999999997797
Y4-009,face_mouthPressLeft_mean,-0.4023,-0.4022,9.999999999998899e-05
Y4-011,face_mouthPressLeft_mean,-1.0406,-1.0403,0.00029999999999996696
Y4-013,face_mouthPressLeft_mean,1.9275,1.927,0.0004999999999999449
Y4-014,face_mouthPressLeft_mean,-0.5827,-0.5826,9.999999999998899e-05
Y4-015,face_mouthPressLeft_mean,0.6667,0.6666,9.999999999998899e-05
Y4-016,face_mouthPressLeft_mean,-0.4339,-0.4338,9.999999999998899e-05
Y4-017,face_mouthPressLeft_mean,-0.7271,-0.7269,0.00019999999999997797
Y4-020,face_mouthPressLeft_mean,0.8697,0.8695,0.00019999999999997797
Y4-021,face_mouthPressLeft_mean,0.5855,0.5854,9.999999999998899e-05
Y4-022,face_mouthPressLeft_mean,-0.9368,-0.9366,0.00019999999999997797
Y4-023,face_mouthPressLeft_mean,1.729,1.7286,0.000400000000000178
Y4-024,face_mouthPressLeft_mean,-0.9278,-0.9276,0.00019999999999997797
Y4-025,face_mouthPressLeft_mean,-0.7361,-0.7359,0.00019999999999997797
Y4-026,face_mouthPressLeft_mean,-0.8218,-0.8216,0.00019999999999997797
Y4-029,face_mouthPressLeft_mean,0.1909,0.1908,9.999999999998899e-05
Y4-030,face_mouthPressLeft_mean,1.3411,1.3408,0.00029999999999996696
Y4-031,face_mouthPressLeft_mean,-0.6504,-0.6502,0.00019999999999997797
Y4-032,face_mouthPressLeft_mean,-0.497,-0.4969,9.999999999998899e-05
Y4-033,face_mouthPressLeft_mean,3.4746,3.476,0.0013999999999998458
Y4-034,face_mouthPressLeft_mean,-0.285,-0.2849,9.999999999998899e-05
Y4-036,face_mouthPressLeft_mean,1.8079,1.8075,0.00039999999999995595
Y4-037,face_mouthPressLeft_mean,-0.2963,-0.2962,9.999999999998899e-05
Y4-038,face_mouthPressLeft_mean,1.5531,1.5527,0.00039999999999995595
Y4-040,face_mouthPressLeft_mean,-0.7226,-0.7224,0.00019999999999997797
Y4-004,face_mouthPressLeft_std,-0.7612,-0.7611,9.999999999998899e-05
Y4-012,face_mouthPressLeft_std,0.1193,0.1192,0.00010000000000000286
Y4-013,face_mouthPressLeft_std,2.2656,2.2653,0.000300000000000189
Y4-015,face_mouthPressLeft_std,0.7148,0.7147,9.999999999998899e-05
Y4-019,face_mouthPressLeft_std,0.3581,0.3579,0.00019999999999997797
Y4-020,face_mouthPressLeft_std,1.6701,1.6698,0.00029999999999996696
Y4-022,face_mouthPressLeft_std,-0.813,-0.8129,9.999999999998899e-05
Y4-023,face_mouthPressLeft_std,0.6774,0.6744,0.0030000000000000027
Y4-026,face_mouthPressLeft_std,-0.8101,-0.81,9.999999999998899e-05
Y4-027,face_mouthPressLeft_std,-0.2461,-0.2462,9.999999999998899e-05
Y4-028,face_mouthPressLeft_std,0.7609,0.7607,0.00019999999999997797
Y4-029,face_mouthPressLeft_std,0.1595,0.1594,0.00010000000000001674
Y4-030,face_mouthPressLeft_std,0.1509,0.1508,0.00010000000000001674
Y4-033,face_mouthPressLeft_std,2.516,2.5155,0.000500000000000167
Y4-034,face_mouthPressLeft_std,0.3437,0.3436,9.999999999998899e-05
Y4-036,face_mouthPressLeft_std,2.9389,2.9384,0.0004999999999997229
Y4-037,face_mouthPressLeft_std,0.4099,0.4126,0.0027000000000000357
Y4-038,face_mouthPressLeft_std,2.1678,2.1703,0.0024999999999999467
Y4-039,face_mouthPressLeft_std,0.0531,0.053,0.00010000000000000286
Y4-001,face_mouthPressLeft_max,0.1093,0.1092,9.999999999998899e-05
Y4-007,face_mouthPressLeft_max,-0.8422,-0.8421,9.999999999998899e-05
Y4-010,face_mouthPressLeft_max,-0.5946,-0.5954,0.0008000000000000229
Y4-013,face_mouthPressLeft_max,2.8264,2.8262,0.00019999999999997797
Y4-015,face_mouthPressLeft_max,0.6751,0.6742,0.0009000000000000119
Y4-016,face_mouthPressLeft_max,-0.3621,-0.3613,0.0007999999999999674
Y4-019,face_mouthPressLeft_max,0.0442,0.045,0.0007999999999999952
Y4-020,face_mouthPressLeft_max,1.7766,1.778,0.0014000000000000679
Y4-021,face_mouthPressLeft_max,-0.0827,-0.0844,0.001700000000000007
Y4-023,face_mouthPressLeft_max,1.16,1.1598,0.00019999999999997797
Y4-024,face_mouthPressLeft_max,-0.966,-0.9659,9.999999999998899e-05
Y4-027,face_mouthPressLeft_max,-0.1399,-0.1391,0.0007999999999999952
Y4-028,face_mouthPressLeft_max,1.1528,1.1535,0.0006999999999999229
Y4-031,face_mouthPressLeft_max,-0.7406,-0.7414,0.0007999999999999119
Y4-033,face_mouthPressLeft_max,2.3685,2.3675,0.0009999999999998899
Y4-036,face_mouthPressLeft_max,2.3146,2.3143,0.000300000000000189
Y4-037,face_mouthPressLeft_max,0.4426,0.4425,9.999999999998899e-05
Y4-038,face_mouthPressLeft_max,1.3655,1.3661,0.000600000000000156
Y4-039,face_mouthPressLeft_max,0.176,0.1767,0.0007000000000000062
Y4-001,face_mouthPressRight_mean,1.4005,1.4009,0.00039999999999995595
Y4-004,face_mouthPressRight_mean,-0.7803,-0.7804,9.999999999998899e-05
Y4-006,face_mouthPressRight_mean,-0.9497,-0.9499,0.00019999999999997797
Y4-007,face_mouthPressRight_mean,-0.6512,-0.6513,9.999999999998899e-05
Y4-008,face_mouthPressRight_mean,-0.8959,-0.8961,0.00019999999999997797
Y4-009,face_mouthPressRight_mean,-0.6916,-0.6917,9.999999999998899e-05
Y4-010,face_mouthPressRight_mean,0.9837,0.984,0.00029999999999996696
Y4-011,face_mouthPressRight_mean,-0.8637,-0.8638,9.999999999998899e-05
Y4-013,face_mouthPressRight_mean,3.4173,3.4182,0.0009000000000001229
Y4-014,face_mouthPressRight_mean,-0.6324,-0.6325,9.999999999998899e-05
Y4-016,face_mouthPressRight_mean,-1.0761,-1.0763,0.00019999999999997797
Y4-017,face_mouthPressRight_mean,-0.1,-0.0999,0.00010000000000000286
Y4-018,face_mouthPressRight_mean,-0.5033,-0.5034,9.999999999998899e-05
Y4-019,face_mouthPressRight_mean,0.8627,0.863,0.00029999999999996696
Y4-020,face_mouthPressRight_mean,0.8762,0.8764,0.00019999999999997797
Y4-021,face_mouthPressRight_mean,0.4244,0.4219,0.0025000000000000022
Y4-023,face_mouthPressRight_mean,0.5024,0.5026,0.000200000000000089
Y4-024,face_mouthPressRight_mean,-1.025,-1.0252,0.00019999999999997797
Y4-025,face_mouthPressRight_mean,-0.869,-0.8692,0.00019999999999997797
Y4-026,face_mouthPressRight_mean,-0.7964,-0.7966,0.00019999999999997797
Y4-027,face_mouthPressRight_mean,0.8654,0.8657,0.000300000000000078
Y4-029,face_mouthPressRight_mean,0.2631,0.2632,9.999999999998899e-05
Y4-030,face_mouthPressRight_mean,0.9515,0.9517,0.00019999999999997797
Y4-031,face_mouthPressRight_mean,-0.9632,-0.9633,0.00010000000000010001
Y4-032,face_mouthPressRight_mean,-0.7884,-0.7885,9.999999999998899e-05
Y4-033,face_mouthPressRight_mean,1.3468,1.3471,0.00029999999999996696
Y4-034,face_mouthPressRight_mean,2.6026,2.6005,0.0020999999999999908
Y4-036,face_mouthPressRight_mean,-0.3743,-0.3716,0.0027000000000000357
Y4-038,face_mouthPressRight_mean,1.0079,1.0082,0.00029999999999996696
Y4-039,face_mouthPressRight_mean,0.4836,0.4837,0.0001000000000000445
Y4-040,face_mouthPressRight_mean,-0.7615,-0.7616,0.00010000000000010001
Y4-001,face_mouthPressRight_std,0.0996,0.1027,0.0031000000000000055
Y4-005,face_mouthPressRight_std,-0.3982,-0.3981,9.999999999998899e-05
Y4-006,face_mouthPressRight_std,-0.7774,-0.7775,9.999999999998899e-05
Y4-010,face_mouthPressRight_std,0.0522,0.0493,0.0029000000000000067
Y4-013,face_mouthPressRight_std,4.5886,4.5895,0.000900000000000567
Y4-015,face_mouthPressRight_std,-0.3922,-0.3893,0.0029000000000000137
Y4-016,face_mouthPressRight_std,-0.8041,-0.8042,9.999999999998899e-05
Y4-017,face_mouthPressRight_std,0.63,0.6302,0.00019999999999997797
Y4-019,face_mouthPressRight_std,1.1604,1.1636,0.0031999999999998696
Y4-020,face_mouthPressRight_std,1.8123,1.8126,0.00029999999999996696
Y4-023,face_mouthPressRight_std,0.0522,0.0493,0.0029000000000000067
Y4-028,face_mouthPressRight_std,-0.0219,-0.0218,9.99999999999994e-05
Y4-029,face_mouthPressRight_std,0.2626,0.2627,9.999999999998899e-05
Y4-030,face_mouthPressRight_std,0.4345,0.4346,9.999999999998899e-05
Y4-032,face_mouthPressRight_std,-0.6559,-0.656,9.999999999998899e-05
Y4-033,face_mouthPressRight_std,0.6093,0.6094,0.00010000000000010001
Y4-034,face_mouthPressRight_std,1.9901,1.9875,0.0025999999999999357
Y4-037,face_mouthPressRight_std,0.15,0.1501,0.00010000000000001674
Y4-038,face_mouthPressRight_std,0.9767,0.974,0.0027000000000000357
Y4-039,face_mouthPressRight_std,0.5026,0.5028,0.00019999999999997797
Y4-001,face_mouthPressRight_max,0.275,0.2749,0.0001000000000000445
Y4-005,face_mouthPressRight_max,-0.3903,-0.3904,0.0001000000000000445
Y4-008,face_mouthPressRight_max,-0.7462,-0.7455,0.0006999999999999229
Y4-012,face_mouthPressRight_max,-0.2451,-0.2444,0.0007000000000000062
Y4-013,face_mouthPressRight_max,4.5005,4.5002,0.0002999999999993008
Y4-015,face_mouthPressRight_max,-0.4801,-0.4793,0.0008000000000000229
Y4-017,face_mouthPressRight_max,0.878,0.8779,9.999999999998899e-05
Y4-019,face_mouthPressRight_max,0.6818,0.6817,9.999999999998899e-05
Y4-020,face_mouthPressRight_max,1.9228,1.9242,0.0013999999999998458
Y4-021,face_mouthPressRight_max,0.0142,0.0149,0.0006999999999999992
Y4-022,face_mouthPressRight_max,-0.4998,-0.4999,9.999999999998899e-05
Y4-023,face_mouthPressRight_max,0.2636,0.2628,0.0008000000000000229
Y4-029,face_mouthPressRight_max,0.4438,0.4437,9.999999999998899e-05
Y4-030,face_mouthPressRight_max,0.4636,0.4643,0.0006999999999999784
Y4-033,face_mouthPressRight_max,0.4149,0.4148,9.999999999998899e-05
Y4-034,face_mouthPressRight_max,2.2087,2.2085,0.00019999999999997797
Y4-036,face_mouthPressRight_max,-0.3173,-0.3181,0.0007999999999999674
Y4-037,face_mouthPressRight_max,0.1982,0.1981,9.999999999998899e-05
Y4-039,face_mouthPressRight_max,0.1761,0.1738,0.0022999999999999965
Y4-004,face_mouthPucker_mean,-0.7742,-0.7743,9.999999999998899e-05
Y4-005,face_mouthPucker_mean,-0.7636,-0.7637,0.00010000000000010001
Y4-006,face_mouthPucker_mean,0.9434,0.9435,9.999999999998899e-05
Y4-007,face_mouthPucker_mean,0.6127,0.6129,0.00019999999999997797
Y4-009,face_mouthPucker_mean,-0.8312,-0.8313,9.999999999998899e-05
Y4-010,face_mouthPucker_mean,-0.7869,-0.787,9.999999999998899e-05
Y4-011,face_mouthPucker_mean,0.8367,0.8368,9.999999999998899e-05
Y4-012,face_mouthPucker_mean,1.4673,1.4675,0.00019999999999997797
Y4-013,face_mouthPucker_mean,-0.8936,-0.8937,0.00010000000000010001
Y4-014,face_mouthPucker_mean,1.7156,1.7158,0.00019999999999997797
Y4-015,face_mouthPucker_mean,-0.6622,-0.6623,9.999999999998899e-05
Y4-016,face_mouthPucker_mean,3.6085,3.6079,0.0005999999999999339
Y4-017,face_mouthPucker_mean,0.1902,0.1903,9.999999999998899e-05
Y4-018,face_mouthPucker_mean,-0.3475,-0.3464,0.0010999999999999899
Y4-019,face_mouthPucker_mean,2.0525,2.0528,0.0002999999999997449
Y4-021,face_mouthPucker_mean,-0.8756,-0.8757,9.999999999998899e-05
Y4-022,face_mouthPucker_mean,0.4564,0.4565,0.0001000000000000445
Y4-023,face_mouthPucker_mean,-0.8735,-0.8736,9.999999999998899e-05
Y4-024,face_mouthPucker_mean,0.4511,0.4512,9.999999999998899e-05
Y4-025,face_mouthPucker_mean,1.2687,1.2689,0.00019999999999997797
Y4-026,face_mouthPucker_mean,0.4786,0.4787,9.999999999998899e-05
Y4-027,face_mouthPucker_mean,-0.4784,-0.4785,9.999999999998899e-05
Y4-029,face_mouthPucker_mean,-0.7224,-0.7225,9.999999999998899e-05
Y4-031,face_mouthPucker_mean,0.898,0.897,0.0010000000000000009
Y4-032,face_mouthPucker_mean,0.4997,0.4998,0.0001000000000000445
Y4-033,face_mouthPucker_mean,-0.8925,-0.8926,9.999999999998899e-05
Y4-034,face_mouthPucker_mean,-0.8228,-0.8229,9.999999999998899e-05
Y4-035,face_mouthPucker_mean,-0.8006,-0.8007,9.999999999998899e-05
Y4-038,face_mouthPucker_mean,0.0085,0.0086,9.99999999999994e-05
Y4-039,face_mouthPucker_mean,-0.6717,-0.6718,9.999999999998899e-05
Y4-002,face_mouthPucker_std,-0.3044,-0.3043,9.999999999998899e-05
Y4-003,face_mouthPucker_std,-0.67,-0.6699,9.999999999998899e-05
Y4-005,face_mouthPucker_std,-0.8508,-0.8507,9.999999999998899e-05
Y4-008,face_mouthPucker_std,0.3589,0.358,0.0009000000000000119
Y4-010,face_mouthPucker_std,-0.5751,-0.576,0.0009000000000000119
Y4-011,face_mouthPucker_std,-0.2954,-0.2953,9.999999999998899e-05
Y4-012,face_mouthPucker_std,1.6026,1.6027,9.999999999998899e-05
Y4-013,face_mouthPucker_std,-0.7599,-0.7598,9.999999999998899e-05
Y4-014,face_mouthPucker_std,2.8283,2.8284,9.999999999976694e-05
Y4-016,face_mouthPucker_std,2.0122,2.0123,0.00010000000000021103
Y4-017,face_mouthPucker_std,0.28,0.2811,0.0010999999999999899
Y4-020,face_mouthPucker_std,-0.5421,-0.5411,0.0010000000000000009
Y4-025,face_mouthPucker_std,1.6845,1.6846,9.999999999998899e-05
Y4-028,face_mouthPucker_std,1.4208,1.4209,9.999999999998899e-05
Y4-031,face_mouthPucker_std,0.2021,0.2022,9.999999999998899e-05
Y4-032,face_mouthPucker_std,0.3789,0.379,9.999999999998899e-05
Y4-033,face_mouthPucker_std,-0.8708,-0.8707,9.999999999998899e-05
Y4-035,face_mouthPucker_std,-0.8628,-0.8627,9.999999999998899e-05
Y4-036,face_mouthPucker_std,-0.7789,-0.7788,9.999999999998899e-05
Y4-038,face_mouthPucker_std,0.6506,0.6497,0.0008999999999999009
Y4-039,face_mouthPucker_std,-0.4922,-0.4931,0.0008999999999999564
Y4-001,face_mouthPucker_max,-1.0275,-1.0279,0.00039999999999995595
Y4-002,face_mouthPucker_max,-0.3,-0.2999,9.999999999998899e-05
Y4-004,face_mouthPucker_max,-0.8924,-0.8923,9.999999999998899e-05
Y4-005,face_mouthPucker_max,-0.9588,-0.9587,9.999999999998899e-05
Y4-006,face_mouthPucker_max,1.4384,1.4381,0.00029999999999996696
Y4-007,face_mouthPucker_max,0.9764,0.9759,0.000500000000000056
Y4-008,face_mouthPucker_max,0.4196,0.4197,0.0001000000000000445
Y4-009,face_mouthPucker_max,-0.9974,-0.9973,9.999999999998899e-05
Y4-010,face_mouthPucker_max,-0.5321,-0.533,0.0009000000000000119
Y4-011,face_mouthPucker_max,-0.2184,-0.2177,0.0007000000000000062
Y4-012,face_mouthPucker_max,2.1834,2.1835,0.00010000000000021103
Y4-014,face_mouthPucker_max,2.0734,2.0735,0.00010000000000021103
Y4-016,face_mouthPucker_max,1.8573,1.8575,0.00019999999999997797
Y4-017,face_mouthPucker_max,0.5692,0.5693,9.999999999998899e-05
Y4-018,face_mouthPucker_max,0.216,0.2164,0.00040000000000001146
Y4-019,face_mouthPucker_max,1.9529,1.9534,0.0004999999999999449
Y4-020,face_mouthPucker_max,-0.5985,-0.5965,0.0020000000000000018
Y4-022,face_mouthPucker_max,-0.1792,-0.1795,0.0002999999999999947
Y4-024,face_mouthPucker_max,0.016,0.0164,0.00040000000000000105
Y4-025,face_mouthPucker_max,1.9492,1.9494,0.00019999999999997797
Y4-026,face_mouthPucker_max,0.0888,0.0896,0.0007999999999999952
Y4-028,face_mouthPucker_max,1.1784,1.1781,0.00029999999999996696
Y4-029,face_mouthPucker_max,-0.9081,-0.9078,0.00029999999999996696
Y4-030,face_mouthPucker_max,-0.0739,-0.0745,0.0006000000000000033
Y4-031,face_mouthPucker_max,0.2338,0.2328,0.0010000000000000009
Y4-032,face_mouthPucker_max,0.5514,0.5512,0.00019999999999997797
Y4-033,face_mouthPucker_max,-1.0138,-1.0134,0.00039999999999995595
Y4-034,face_mouthPucker_max,-0.941,-0.9406,0.00039999999999995595
Y4-036,face_mouthPucker_max,-0.8622,-0.8621,9.999999999998899e-05
Y4-037,face_mouthPucker_max,-0.1963,-0.1973,0.0010000000000000009
Y4-038,face_mouthPucker_max,0.8785,0.8786,0.00010000000000010001
Y4-039,face_mouthPucker_max,-0.6055,-0.6072,0.0016999999999999238
Y4-001,face_mouthRight_std,-0.454,-0.4545,0.0005000000000000004
Y4-002,face_mouthRight_std,-0.4925,-0.4929,0.00040000000000001146
Y4-003,face_mouthRight_std,2.0084,2.0078,0.0005999999999999339
Y4-004,face_mouthRight_std,-0.4925,-0.4929,0.00040000000000001146
Y4-005,face_mouthRight_std,-0.4348,-0.4352,0.00039999999999995595
Y4-006,face_mouthRight_std,-0.454,-0.4545,0.0005000000000000004
Y4-007,face_mouthRight_std,-0.454,-0.4545,0.0005000000000000004
Y4-008,face_mouthRight_std,-0.0885,-0.089,0.0005000000000000004
Y4-009,face_mouthRight_std,-0.454,-0.4545,0.0005000000000000004
Y4-010,face_mouthRight_std,-0.2809,-0.2813,0.00040000000000001146
Y4-011,face_mouthRight_std,-0.4925,-0.4929,0.00040000000000001146
Y4-012,face_mouthRight_std,-0.454,-0.4545,0.0005000000000000004
Y4-013,face_mouthRight_std,4.7208,4.7202,0.0005999999999994898
Y4-014,face_mouthRight_std,1.4312,1.4307,0.0004999999999999449
Y4-015,face_mouthRight_std,0.0462,0.0649,0.0187
Y4-016,face_mouthRight_std,-0.377,-0.3775,0.0005000000000000004
Y4-017,face_mouthRight_std,-0.454,-0.4545,0.0005000000000000004
Y4-018,face_mouthRight_std,-0.4925,-0.4929,0.00040000000000001146
Y4-019,face_mouthRight_std,-0.4348,-0.4352,0.00039999999999995595
Y4-020,face_mouthRight_std,0.0846,0.0842,0.0003999999999999976
Y4-021,face_mouthRight_std,-0.5117,-0.5122,0.0004999999999999449
Y4-022,face_mouthRight_std,-0.4925,-0.4929,0.00040000000000001146
Y4-023,face_mouthRight_std,0.1808,0.1803,0.0005000000000000004
Y4-024,face_mouthRight_std,-0.3001,-0.3006,0.0005000000000000004
Y4-025,face_mouthRight_std,-0.377,-0.3775,0.0005000000000000004
Y4-026,face_mouthRight_std,-0.3963,-0.3968,0.0005000000000000004
Y4-027,face_mouthRight_std,-0.0885,-0.089,0.0005000000000000004
Y4-028,face_mouthRight_std,0.0269,0.0265,0.00040000000000000105
Y4-029,face_mouthRight_std,-0.3963,-0.3968,0.0005000000000000004
Y4-030,face_mouthRight_std,-0.4732,-0.4737,0.0005000000000000004
Y4-031,face_mouthRight_std,2.4123,2.4118,0.000500000000000167
Y4-032,face_mouthRight_std,0.3924,0.3919,0.0005000000000000004
Y4-033,face_mouthRight_std,0.2963,0.2958,0.0005000000000000004
Y4-034,face_mouthRight_std,-0.4348,-0.4352,0.00039999999999995595
Y4-035,face_mouthRight_std,-0.4925,-0.4929,0.00040000000000001146
Y4-036,face_mouthRight_std,-0.377,-0.3775,0.0005000000000000004
Y4-037,face_mouthRight_std,-0.4348,-0.4352,0.00039999999999995595
Y4-038,face_mouthRight_std,0.4502,0.4497,0.0005000000000000004
Y4-039,face_mouthRight_std,-0.4732,-0.4737,0.0005000000000000004
Y4-040,face_mouthRight_std,-0.4925,-0.4929,0.00040000000000001146
Y4-001,face_mouthRight_max,-0.4667,-0.4716,0.0049000000000000155
Y4-002,face_mouthRight_max,-0.5098,-0.5099,9.999999999998899e-05
Y4-003,face_mouthRight_max,1.4067,1.4075,0.0007999999999999119
Y4-004,face_mouthRight_max,-0.4858,-0.4859,9.999999999998899e-05
Y4-005,face_mouthRight_max,-0.4331,-0.4332,9.999999999998899e-05
Y4-006,face_mouthRight_max,-0.4762,-0.4764,0.00019999999999997797
Y4-007,face_mouthRight_max,-0.4427,-0.4428,0.0001000000000000445
Y4-008,face_mouthRight_max,0.0268,0.027,0.0001999999999999988
Y4-009,face_mouthRight_max,-0.4475,-0.4476,9.999999999998899e-05
Y4-011,face_mouthRight_max,-0.4954,-0.4955,9.999999999998899e-05
Y4-012,face_mouthRight_max,-0.4331,-0.4332,9.999999999998899e-05
Y4-013,face_mouthRight_max,4.7413,4.739,0.0022999999999999687
Y4-014,face_mouthRight_max,1.8235,1.8245,0.001000000000000112
Y4-015,face_mouthRight_max,0.0843,0.0845,0.00020000000000000573
Y4-016,face_mouthRight_max,-0.3708,-0.3709,9.999999999998899e-05
Y4-017,face_mouthRight_max,-0.4475,-0.4476,9.999999999998899e-05
Y4-018,face_mouthRight_max,-0.4954,-0.4955,9.999999999998899e-05
Y4-019,face_mouthRight_max,-0.4427,-0.4428,0.0001000000000000445
Y4-020,face_mouthRight_max,0.0077,0.0078,9.99999999999994e-05
Y4-021,face_mouthRight_max,-0.5098,-0.5099,9.999999999998899e-05
Y4-022,face_mouthRight_max,-0.4906,-0.4907,0.0001000000000000445
Y4-023,face_mouthRight_max,0.0987,0.1037,0.0050000000000000044
Y4-025,face_mouthRight_max,-0.3948,-0.3949,9.999999999998899e-05
Y4-026,face_mouthRight_max,-0.39,-0.3901,9.999999999998899e-05
Y4-027,face_mouthRight_max,-0.069,-0.0689,0.00010000000000000286
Y4-029,face_mouthRight_max,-0.3708,-0.3709,9.999999999998899e-05
Y4-030,face_mouthRight_max,-0.4906,-0.4907,0.0001000000000000445
Y4-031,face_mouthRight_max,2.4464,2.4477,0.0013000000000000789
Y4-032,face_mouthRight_max,0.3574,0.3577,0.00030000000000002247
Y4-033,face_mouthRight_max,0.2568,0.2571,0.00030000000000002247
Y4-034,face_mouthRight_max,-0.4379,-0.438,9.999999999998899e-05
Y4-035,face_mouthRight_max,-0.4954,-0.4955,9.999999999998899e-05
Y4-036,face_mouthRight_max,-0.39,-0.3901,9.999999999998899e-05
Y4-037,face_mouthRight_max,-0.4235,-0.4236,9.999999999998899e-05
Y4-038,face_mouthRight_max,0.8174,0.8179,0.0004999999999999449
Y4-039,face_mouthRight_max,-0.4762,-0.4764,0.00019999999999997797
Y4-040,face_mouthRight_max,-0.505,-0.5051,9.999999999998899e-05
Y4-001,face_mouthRollLower_mean,0.615,0.6241,0.009099999999999997
Y4-002,face_mouthRollLower_mean,-0.3796,-0.3798,0.00020000000000003348
Y4-003,face_mouthRollLower_mean,-0.4554,-0.4556,0.00019999999999997797
Y4-004,face_mouthRollLower_mean,-0.5406,-0.5408,0.00019999999999997797
Y4-005,face_mouthRollLower_mean,-0.4364,-0.4366,0.00019999999999997797
Y4-006,face_mouthRollLower_mean,-0.2849,-0.2851,0.00020000000000003348
Y4-007,face_mouthRollLower_mean,-0.6543,-0.6545,0.00019999999999997797
Y4-008,face_mouthRollLower_mean,-0.3796,-0.3798,0.00020000000000003348
Y4-009,face_mouthRollLower_mean,-0.5122,-0.5124,0.00019999999999997797
Y4-010,face_mouthRollLower_mean,-0.4175,-0.4177,0.00020000000000003348
Y4-011,face_mouthRollLower_mean,-0.6354,-0.6355,9.999999999998899e-05
Y4-012,face_mouthRollLower_mean,-0.5312,-0.5313,9.999999999998899e-05
Y4-013,face_mouthRollLower_mean,3.0116,3.0109,0.000700000000000145
Y4-014,face_mouthRollLower_mean,-0.3701,-0.3703,0.00020000000000003348
Y4-015,face_mouthRollLower_mean,0.1793,0.179,0.0002999999999999947
Y4-016,face_mouthRollLower_mean,-0.3133,-0.3135,0.00019999999999997797
Y4-017,face_mouthRollLower_mean,-0.5975,-0.5976,9.999999999998899e-05
Y4-018,face_mouthRollLower_mean,-0.2659,-0.2661,0.00019999999999997797
Y4-019,face_mouthRollLower_mean,0.8613,0.8609,0.00039999999999995595
Y4-020,face_mouthRollLower_mean,4.1577,4.1569,0.0007999999999999119
Y4-021,face_mouthRollLower_mean,-0.4933,-0.4934,9.999999999998899e-05
Y4-022,face_mouthRollLower_mean,-0.5975,-0.5976,9.999999999998899e-05
Y4-023,face_mouthRollLower_mean,-0.2186,-0.2188,0.00020000000000000573
Y4-024,face_mouthRollLower_mean,-0.5785,-0.5787,0.00019999999999997797
Y4-025,face_mouthRollLower_mean,-0.5122,-0.5124,0.00019999999999997797
Y4-026,face_mouthRollLower_mean,-0.5691,-0.5692,9.999999999998899e-05
Y4-027,face_mouthRollLower_mean,-0.3796,-0.3798,0.00020000000000003348
Y4-028,face_mouthRollLower_mean,-0.1902,-0.1904,0.00020000000000000573
Y4-029,face_mouthRollLower_mean,0.1793,0.179,0.0002999999999999947
Y4-030,face_mouthRollLower_mean,0.3498,0.3495,0.00030000000000002247
Y4-031,face_mouthRollLower_mean,-0.5785,-0.5787,0.00019999999999997797
Y4-032,face_mouthRollLower_mean,-0.6164,-0.6166,0.000200000000000089
Y4-033,face_mouthRollLower_mean,-0.2091,-0.2093,0.00020000000000000573
Y4-034,face_mouthRollLower_mean,2.2159,2.2153,0.0005999999999999339
Y4-035,face_mouthRollLower_mean,-0.3417,-0.3419,0.00019999999999997797
Y4-036,face_mouthRollLower_mean,0.0088,0.0085,0.0002999999999999999
Y4-037,face_mouthRollLower_mean,0.2172,0.2169,0.0002999999999999947
Y4-038,face_mouthRollLower_mean,1.0697,1.0693,0.000400000000000178
Y4-039,face_mouthRollLower_mean,-0.4838,-0.484,0.00019999999999997797
Y4-040,face_mouthRollLower_mean,-0.3228,-0.323,0.00020000000000003348
Y4-001,face_mouthRollLower_max,-0.1829,-0.183,9.999999999998899e-05
Y4-002,face_mouthRollLower_max,-0.3815,-0.3816,9.999999999998899e-05
Y4-005,face_mouthRollLower_max,-0.3522,-0.3523,9.999999999998899e-05
Y4-006,face_mouthRollLower_max,-0.1366,-0.1367,9.999999999998899e-05
Y4-007,face_mouthRollLower_max,-0.4368,-0.4369,9.999999999998899e-05
Y4-009,face_mouthRollLower_max,-0.4041,-0.4042,9.999999999998899e-05
Y4-010,face_mouthRollLower_max,-0.3578,-0.3568,0.0010000000000000009
Y4-013,face_mouthRollLower_max,3.0284,3.0264,0.0019999999999997797
Y4-014,face_mouthRollLower_max,-0.3104,-0.3105,9.999999999998899e-05
Y4-015,face_mouthRollLower_max,0.4052,0.4049,0.00030000000000002247
Y4-016,face_mouthRollLower_max,-0.3364,-0.3365,0.0001000000000000445
Y4-017,face_mouthRollLower_max,-0.4018,-0.4019,9.999999999998899e-05
Y4-018,face_mouthRollLower_max,-0.342,-0.3421,9.999999999998899e-05
Y4-019,face_mouthRollLower_max,-0.0643,-0.0645,0.00020000000000000573
Y4-020,face_mouthRollLower_max,4.8806,4.8816,0.0009999999999994458
Y4-021,face_mouthRollLower_max,-0.3826,-0.3827,9.999999999998899e-05
Y4-022,face_mouthRollLower_max,-0.4199,-0.42,9.999999999998899e-05
Y4-023,face_mouthRollLower_max,-0.2675,-0.2676,9.999999999998899e-05
Y4-024,face_mouthRollLower_max,-0.4221,-0.4222,0.0001000000000000445
Y4-025,face_mouthRollLower_max,-0.3905,-0.3906,9.999999999998899e-05
Y4-026,face_mouthRollLower_max,-0.4063,-0.4064,9.999999999998899e-05
Y4-027,face_mouthRollLower_max,-0.3318,-0.3319,9.999999999998899e-05
Y4-028,face_mouthRollLower_max,-0.026,-0.0261,0.00010000000000000286
Y4-029,face_mouthRollLower_max,-0.2427,-0.2428,9.999999999998899e-05
Y4-030,face_mouthRollLower_max,0.1433,0.1431,0.00020000000000000573
Y4-031,face_mouthRollLower_max,-0.3984,-0.3985,0.0001000000000000445
Y4-032,face_mouthRollLower_max,-0.4323,-0.4324,9.999999999998899e-05
Y4-033,face_mouthRollLower_max,-0.3341,-0.3342,9.999999999998899e-05
Y4-034,face_mouthRollLower_max,1.4041,1.4036,0.0004999999999999449
Y4-035,face_mouthRollLower_max,-0.3725,-0.3726,9.999999999998899e-05
Y4-036,face_mouthRollLower_max,-0.2472,-0.2462,0.0010000000000000009
Y4-037,face_mouthRollLower_max,0.4425,0.4422,0.00030000000000002247
Y4-038,face_mouthRollLower_max,0.7732,0.7762,0.0030000000000000027
Y4-040,face_mouthRollLower_max,-0.3285,-0.3286,9.999999999998899e-05
Y4-001,face_mouthRollUpper_std,-0.2163,-0.2165,0.00020000000000000573
Y4-002,face_mouthRollUpper_std,-0.4023,-0.4025,0.00020000000000003348
Y4-003,face_mouthRollUpper_std,-0.4834,-0.4836,0.00019999999999997797
Y4-004,face_mouthRollUpper_std,-0.4452,-0.4454,0.00020000000000003348
Y4-005,face_mouthRollUpper_std,-0.4929,-0.4931,0.00019999999999997797
Y4-006,face_mouthRollUpper_std,-0.5072,-0.5074,0.00019999999999997797
Y4-007,face_mouthRollUpper_std,-0.5072,-0.5074,0.00019999999999997797
Y4-008,face_mouthRollUpper_std,-0.016,-0.0162,0.0001999999999999988
Y4-009,face_mouthRollUpper_std,-0.5168,-0.5169,9.999999999998899e-05
Y4-010,face_mouthRollUpper_std,-0.1018,-0.0973,0.004500000000000004
Y4-011,face_mouthRollUpper_std,-0.5024,-0.5026,0.000200000000000089
Y4-012,face_mouthRollUpper_std,0.4896,0.4893,0.00029999999999996696
Y4-013,face_mouthRollUpper_std,0.9093,0.909,0.00029999999999996696
Y4-014,face_mouthRollUpper_std,2.0921,2.0916,0.0004999999999997229
Y4-015,face_mouthRollUpper_std,-0.0494,-0.0496,0.0001999999999999988
Y4-016,face_mouthRollUpper_std,-0.4404,-0.4406,0.00019999999999997797
Y4-017,face_mouthRollUpper_std,-0.5168,-0.5169,9.999999999998899e-05
Y4-018,face_mouthRollUpper_std,-0.4977,-0.4979,0.00020000000000003348
Y4-019,face_mouthRollUpper_std,-0.3355,-0.3357,0.00019999999999997797
Y4-020,face_mouthRollUpper_std,4.8296,4.829,0.000600000000000378
Y4-021,face_mouthRollUpper_std,-0.5263,-0.5265,0.00019999999999997797
Y4-022,face_mouthRollUpper_std,-0.5406,-0.5408,0.00019999999999997797
Y4-023,face_mouthRollUpper_std,-0.388,-0.3882,0.00019999999999997797
Y4-024,face_mouthRollUpper_std,-0.5311,-0.5313,0.00019999999999997797
Y4-025,face_mouthRollUpper_std,-0.0732,-0.0734,0.00020000000000000573
Y4-026,face_mouthRollUpper_std,-0.5358,-0.536,0.00019999999999997797
Y4-027,face_mouthRollUpper_std,-0.3403,-0.3405,0.00020000000000003348
Y4-028,face_mouthRollUpper_std,2.1064,2.1059,0.0004999999999997229
Y4-029,face_mouthRollUpper_std,-0.4357,-0.4359,0.00020000000000003348
Y4-030,face_mouthRollUpper_std,0.3513,0.351,0.00030000000000002247
Y4-031,face_mouthRollUpper_std,-0.4357,-0.4359,0.00020000000000003348
Y4-032,face_mouthRollUpper_std,-0.4738,-0.474,0.00019999999999997797
Y4-033,face_mouthRollUpper_std,-0.4929,-0.4931,0.00019999999999997797
Y4-034,face_mouthRollUpper_std,0.7423,0.742,0.00029999999999996696
Y4-035,face_mouthRollUpper_std,-0.0827,-0.083,0.0003000000000000086
Y4-036,face_mouthRollUpper_std,-0.4214,-0.4216,0.00019999999999997797
Y4-037,face_mouthRollUpper_std,-0.3403,-0.3405,0.00020000000000003348
Y4-038,face_mouthRollUpper_std,0.7757,0.7802,0.0045000000000000595
Y4-039,face_mouthRollUpper_std,-0.3164,-0.3167,0.00029999999999996696
Y4-040,face_mouthRollUpper_std,-0.3308,-0.331,0.00020000000000003348
Y4-003,face_mouthRollUpper_max,-0.4843,-0.4842,9.999999999998899e-05
Y4-004,face_mouthRollUpper_max,-0.433,-0.4329,9.999999999998899e-05
Y4-005,face_mouthRollUpper_max,-0.5136,-0.5135,9.999999999998899e-05
Y4-006,face_mouthRollUpper_max,-0.5148,-0.5147,9.999999999998899e-05
Y4-008,face_mouthRollUpper_max,0.0787,0.0784,0.0003000000000000086
Y4-009,face_mouthRollUpper_max,-0.5331,-0.533,9.999999999998899e-05
Y4-010,face_mouthRollUpper_max,-0.0471,-0.0473,0.0001999999999999988
Y4-011,face_mouthRollUpper_max,-0.4953,-0.4952,0.0001000000000000445
Y4-012,face_mouthRollUpper_max,0.5183,0.5178,0.0004999999999999449
Y4-013,face_mouthRollUpper_max,0.8639,0.8631,0.0008000000000000229
Y4-014,face_mouthRollUpper_max,1.7651,1.765,9.999999999998899e-05
Y4-015,face_mouthRollUpper_max,-0.0947,-0.0949,0.00019999999999999185
Y4-016,face_mouthRollUpper_max,-0.444,-0.4439,9.999999999998899e-05
Y4-017,face_mouthRollUpper_max,-0.5343,-0.5342,9.999999999998899e-05
Y4-018,face_mouthRollUpper_max,-0.5099,-0.5098,9.999999999998899e-05
Y4-020,face_mouthRollUpper_max,4.8545,4.8539,0.0005999999999994898
Y4-021,face_mouthRollUpper_max,-0.5368,-0.5367,0.00010000000000010001
Y4-022,face_mouthRollUpper_max,-0.5575,-0.5574,9.999999999998899e-05
Y4-024,face_mouthRollUpper_max,-0.549,-0.5489,9.999999999998899e-05
Y4-025,face_mouthRollUpper_max,-0.1167,-0.1169,0.00020000000000000573
Y4-026,face_mouthRollUpper_max,-0.5551,-0.5562,0.0010999999999999899
Y4-028,face_mouthRollUpper_max,2.0826,2.0823,0.0002999999999997449
Y4-029,face_mouthRollUpper_max,-0.433,-0.4342,0.0011999999999999789
Y4-030,face_mouthRollUpper_max,0.743,0.7423,0.0007000000000000339
Y4-032,face_mouthRollUpper_max,-0.4904,-0.4903,9.999999999998899e-05
Y4-034,face_mouthRollUpper_max,0.8407,0.84,0.0007000000000000339
Y4-035,face_mouthRollUpper_max,-0.1179,-0.1181,0.00019999999999999185
Y4-036,face_mouthRollUpper_max,-0.4257,-0.4256,0.0001000000000000445
Y4-038,face_mouthRollUpper_max,0.9371,0.9425,0.00539999999999996
Y4-010,face_mouthShrugLower_mean,-0.3159,-0.3195,0.003599999999999992
Y4-013,face_mouthShrugLower_mean,3.9777,3.9776,0.00010000000000021103
Y4-033,face_mouthShrugLower_mean,3.7768,3.7767,0.00010000000000021103
Y4-036,face_mouthShrugLower_mean,0.0084,0.0119,0.0035000000000000014
Y4-001,face_mouthShrugLower_std,-0.3471,-0.3472,9.999999999998899e-05
Y4-002,face_mouthShrugLower_std,-0.5039,-0.504,9.999999999998899e-05
Y4-004,face_mouthShrugLower_std,-0.5125,-0.5126,9.999999999998899e-05
Y4-005,face_mouthShrugLower_std,-0.4674,-0.4675,0.0001000000000000445
Y4-006,face_mouthShrugLower_std,-0.2268,-0.2269,9.999999999998899e-05
Y4-009,face_mouthShrugLower_std,-0.491,-0.4911,9.999999999998899e-05
Y4-010,face_mouthShrugLower_std,-0.3664,-0.3665,9.999999999998899e-05
Y4-013,face_mouthShrugLower_std,4.4407,4.4401,0.0005999999999994898
Y4-014,face_mouthShrugLower_std,-0.5039,-0.504,9.999999999998899e-05
Y4-015,face_mouthShrugLower_std,-0.0915,-0.0916,0.00010000000000000286
Y4-016,face_mouthShrugLower_std,-0.5039,-0.504,9.999999999998899e-05
Y4-017,face_mouthShrugLower_std,2.6106,2.6103,0.0002999999999997449
Y4-018,face_mouthShrugLower_std,-0.4588,-0.4589,9.999999999998899e-05
Y4-019,face_mouthShrugLower_std,1.4937,1.4934,0.00029999999999996696
Y4-021,face_mouthShrugLower_std,-0.4244,-0.4245,9.999999999998899e-05
Y4-022,face_mouthShrugLower_std,-0.3278,-0.3279,0.0001000000000000445
Y4-023,face_mouthShrugLower_std,1.6097,1.6116,0.0019000000000000128
Y4-024,face_mouthShrugLower_std,-0.3621,-0.3622,0.0001000000000000445
Y4-025,face_mouthShrugLower_std,-0.4652,-0.4653,9.999999999998899e-05
Y4-026,face_mouthShrugLower_std,-0.4459,-0.446,9.999999999998899e-05
Y4-027,face_mouthShrugLower_std,0.0739,0.0738,9.999999999998899e-05
Y4-028,face_mouthShrugLower_std,-0.433,-0.4331,9.999999999998899e-05
Y4-029,face_mouthShrugLower_std,0.0202,0.0201,9.99999999999994e-05
Y4-030,face_mouthShrugLower_std,-0.4266,-0.4267,0.0001000000000000445
Y4-032,face_mouthShrugLower_std,-0.5082,-0.5083,9.999999999998899e-05
Y4-033,face_mouthShrugLower_std,1.6032,1.603,0.00019999999999997797
Y4-034,face_mouthShrugLower_std,0.1383,0.1382,0.00010000000000001674
Y4-035,face_mouthShrugLower_std,-0.5125,-0.5126,9.999999999998899e-05
Y4-036,face_mouthShrugLower_std,0.1405,0.1425,0.001999999999999974
Y4-037,face_mouthShrugLower_std,-0.0485,-0.0486,9.999999999999593e-05
Y4-038,face_mouthShrugLower_std,0.5357,0.5355,0.00019999999999997797
Y4-039,face_mouthShrugLower_std,-0.4738,-0.4739,9.999999999998899e-05
Y4-001,face_mouthShrugLower_max,-0.3777,-0.3772,0.0005000000000000004
Y4-002,face_mouthShrugLower_max,-0.5159,-0.516,9.999999999998899e-05
Y4-003,face_mouthShrugLower_max,-0.4552,-0.4553,9.999999999998899e-05
Y4-005,face_mouthShrugLower_max,-0.4763,-0.4764,9.999999999998899e-05
Y4-006,face_mouthShrugLower_max,-0.2552,-0.2553,0.0001000000000000445
Y4-007,face_mouthShrugLower_max,-0.5186,-0.5187,0.00010000000000010001
Y4-008,face_mouthShrugLower_max,-0.5159,-0.516,9.999999999998899e-05
Y4-009,face_mouthShrugLower_max,-0.4964,-0.4965,9.999999999998899e-05
Y4-010,face_mouthShrugLower_max,-0.4216,-0.4217,0.0001000000000000445
Y4-011,face_mouthShrugLower_max,-0.4416,-0.4417,9.999999999998899e-05
Y4-012,face_mouthShrugLower_max,-0.4877,-0.4878,9.999999999998899e-05
Y4-013,face_mouthShrugLower_max,3.9046,3.9041,0.0004999999999997229
Y4-014,face_mouthShrugLower_max,-0.5132,-0.5133,9.999999999998899e-05
Y4-015,face_mouthShrugLower_max,-0.1273,-0.1274,0.00010000000000001674
Y4-016,face_mouthShrugLower_max,-0.5137,-0.5138,9.999999999998899e-05
Y4-017,face_mouthShrugLower_max,3.0126,3.0122,0.00039999999999995595
Y4-018,face_mouthShrugLower_max,-0.4568,-0.4569,9.999999999998899e-05
Y4-019,face_mouthShrugLower_max,1.9569,1.9572,0.00029999999999996696
Y4-020,face_mouthShrugLower_max,-0.4162,-0.4163,9.999999999998899e-05
Y4-022,face_mouthShrugLower_max,-0.3598,-0.3599,9.999999999998899e-05
Y4-023,face_mouthShrugLower_max,2.0702,2.071,0.000800000000000356
Y4-025,face_mouthShrugLower_max,-0.4693,-0.4694,9.999999999998899e-05
Y4-026,face_mouthShrugLower_max,-0.4444,-0.4439,0.0005000000000000004
Y4-027,face_mouthShrugLower_max,0.0618,0.0628,0.000999999999999994
Y4-029,face_mouthShrugLower_max,0.025,0.0248,0.00020000000000000226
Y4-030,face_mouthShrugLower_max,-0.4167,-0.4168,9.999999999998899e-05
Y4-031,face_mouthShrugLower_max,-0.4926,-0.4927,0.0001000000000000445
Y4-033,face_mouthShrugLower_max,1.0877,1.088,0.000300000000000189
Y4-034,face_mouthShrugLower_max,0.1008,0.1007,0.00010000000000000286
Y4-036,face_mouthShrugLower_max,0.3236,0.325,0.0014000000000000123
Y4-037,face_mouthShrugLower_max,-0.097,-0.0971,0.00010000000000000286
Y4-038,face_mouthShrugLower_max,0.5062,0.5055,0.0007000000000000339
Y4-039,face_mouthShrugLower_max,-0.4769,-0.4775,0.0005999999999999894
Y4-040,face_mouthShrugLower_max,-0.4969,-0.497,9.999999999998899e-05
Y4-001,face_mouthShrugUpper_max,-0.15,-0.1502,0.00020000000000000573
Y4-002,face_mouthShrugUpper_max,-0.6214,-0.6213,9.999999999998899e-05
Y4-003,face_mouthShrugUpper_max,-0.358,-0.3581,9.999999999998899e-05
Y4-004,face_mouthShrugUpper_max,-0.8141,-0.814,0.00010000000000010001
Y4-005,face_mouthShrugUpper_max,0.1172,0.1187,0.0015000000000000013
Y4-006,face_mouthShrugUpper_max,-0.0756,-0.0758,0.00020000000000000573
Y4-007,face_mouthShrugUpper_max,-0.3199,-0.32,9.999999999998899e-05
Y4-008,face_mouthShrugUpper_max,-0.7798,-0.7796,0.000200000000000089
Y4-009,face_mouthShrugUpper_max,0.0427,0.0424,0.00030000000000000165
Y4-010,face_mouthShrugUpper_max,-0.8466,-0.8464,0.00019999999999997797
Y4-011,face_mouthShrugUpper_max,-0.7779,-0.7777,0.000200000000000089
Y4-012,face_mouthShrugUpper_max,-0.8504,-0.8502,0.000200000000000089
Y4-013,face_mouthShrugUpper_max,2.6096,2.6098,0.00019999999999997797
Y4-014,face_mouthShrugUpper_max,-0.8981,-0.8979,0.00019999999999997797
Y4-015,face_mouthShrugUpper_max,-0.3256,-0.3257,9.999999999998899e-05
Y4-016,face_mouthShrugUpper_max,-0.8981,-0.8979,0.00019999999999997797
Y4-017,face_mouthShrugUpper_max,2.6096,2.6098,0.00019999999999997797
Y4-018,face_mouthShrugUpper_max,0.4588,0.4582,0.0005999999999999894
Y4-020,face_mouthShrugUpper_max,-0.942,-0.9418,0.00019999999999997797
Y4-021,face_mouthShrugUpper_max,0.4034,0.4029,0.0005000000000000004
Y4-022,face_mouthShrugUpper_max,-0.3447,-0.3448,9.999999999998899e-05
Y4-023,face_mouthShrugUpper_max,1.7813,1.782,0.0006999999999999229
Y4-024,face_mouthShrugUpper_max,1.1611,1.1602,0.0009000000000001229
Y4-026,face_mouthShrugUpper_max,0.4015,0.401,0.0005000000000000004
Y4-027,face_mouthShrugUpper_max,1.0943,1.0953,0.0009999999999998899
Y4-028,face_mouthShrugUpper_max,-0.9038,-0.9036,0.000200000000000089
Y4-029,face_mouthShrugUpper_max,-0.421,-0.4211,9.999999999998899e-05
Y4-031,face_mouthShrugUpper_max,-0.213,-0.2132,0.00020000000000000573
Y4-033,face_mouthShrugUpper_max,0.5332,0.5326,0.0006000000000000449
Y4-035,face_mouthShrugUpper_max,-0.6424,-0.6423,9.999999999998899e-05
Y4-036,face_mouthShrugUpper_max,-0.2664,-0.2666,0.00019999999999997797
Y4-037,face_mouthShrugUpper_max,0.497,0.4964,0.0005999999999999894
Y4-039,face_mouthShrugUpper_max,0.0408,0.0405,0.00030000000000000165
Y4-004,face_mouthSmileLeft_mean,1.5341,1.534,9.999999999998899e-05
Y4-006,face_mouthSmileLeft_mean,-0.6768,-0.6772,0.00040000000000006697
Y4-007,face_mouthSmileLeft_mean,0.08,0.0799,0.00010000000000000286
Y4-011,face_mouthSmileLeft_mean,0.8987,0.8986,0.00010000000000010001
Y4-013,face_mouthSmileLeft_mean,0.4191,0.419,9.999999999998899e-05
Y4-015,face_mouthSmileLeft_mean,-0.3065,-0.3066,9.999999999998899e-05
Y4-017,face_mouthSmileLeft_mean,1.8533,1.8532,9.999999999998899e-05
Y4-022,face_mouthSmileLeft_mean,0.0002,0.0001,0.0001
Y4-028,face_mouthSmileLeft_mean,0.1307,0.1306,0.00010000000000001674
Y4-029,face_mouthSmileLeft_mean,1.291,1.2909,9.999999999998899e-05
Y4-030,face_mouthSmileLeft_mean,-0.0962,-0.0963,0.00010000000000000286
Y4-033,face_mouthSmileLeft_mean,0.0251,0.0255,0.0003999999999999976
Y4-034,face_mouthSmileLeft_mean,0.3892,0.3891,9.999999999998899e-05
Y4-035,face_mouthSmileLeft_mean,1.7232,1.7231,9.999999999998899e-05
Y4-036,face_mouthSmileLeft_mean,1.003,1.0029,9.999999999998899e-05
Y4-039,face_mouthSmileLeft_mean,-0.8958,-0.8954,0.00040000000000006697
Y4-040,face_mouthSmileLeft_mean,2.295,2.2954,0.00039999999999995595
Y4-001,face_mouthSmileLeft_std,-0.9136,-0.9137,9.999999999998899e-05
Y4-003,face_mouthSmileLeft_std,-1.3095,-1.3096,9.999999999998899e-05
Y4-004,face_mouthSmileLeft_std,0.9135,0.9126,0.0009000000000000119
Y4-007,face_mouthSmileLeft_std,0.9235,0.9245,0.0010000000000000009
Y4-008,face_mouthSmileLeft_std,-1.3741,-1.3742,9.999999999998899e-05
Y4-009,face_mouthSmileLeft_std,-0.6679,-0.668,9.999999999998899e-05
Y4-010,face_mouthSmileLeft_std,-0.7465,-0.7466,9.999999999998899e-05
Y4-013,face_mouthSmileLeft_std,1.5153,1.5154,9.999999999998899e-05
Y4-014,face_mouthSmileLeft_std,-1.2707,-1.2698,0.0008999999999999009
Y4-015,face_mouthSmileLeft_std,1.0209,1.021,9.999999999998899e-05
Y4-016,face_mouthSmileLeft_std,-1.3383,-1.3384,9.999999999998899e-05
Y4-017,face_mouthSmileLeft_std,1.3382,1.3383,9.999999999998899e-05
Y4-019,face_mouthSmileLeft_std,-0.2044,-0.2045,9.999999999998899e-05
Y4-020,face_mouthSmileLeft_std,-1.2796,-1.2797,9.999999999998899e-05
Y4-021,face_mouthSmileLeft_std,-0.6341,-0.6342,9.999999999998899e-05
Y4-022,face_mouthSmileLeft_std,1.377,1.3771,9.999999999998899e-05
Y4-025,face_mouthSmileLeft_std,-0.5376,-0.5377,9.999999999998899e-05
Y4-027,face_mouthSmileLeft_std,1.385,1.3851,9.999999999998899e-05
Y4-028,face_mouthSmileLeft_std,1.2477,1.2478,9.999999999998899e-05
Y4-029,face_mouthSmileLeft_std,1.1502,1.1503,0.00010000000000021103
Y4-032,face_mouthSmileLeft_std,-1.3005,-1.3006,9.999999999998899e-05
Y4-034,face_mouthSmileLeft_std,1.5143,1.5144,9.999999999998899e-05
Y4-036,face_mouthSmileLeft_std,1.7739,1.773,0.0009000000000001229
Y4-037,face_mouthSmileLeft_std,-1.3642,-1.3643,9.999999999998899e-05
Y4-038,face_mouthSmileLeft_std,-1.3324,-1.3325,9.999999999998899e-05
Y4-039,face_mouthSmileLeft_std,-0.9514,-0.9515,9.999999999998899e-05
Y4-002,face_mouthSmileLeft_max,0.2829,0.2826,0.00029999999999996696
Y4-003,face_mouthSmileLeft_max,-1.463,-1.4632,0.00019999999999997797
Y4-006,face_mouthSmileLeft_max,-0.1858,-0.1861,0.0002999999999999947
Y4-008,face_mouthSmileLeft_max,-1.5311,-1.531,9.999999999998899e-05
Y4-009,face_mouthSmileLeft_max,-0.5351,-0.5343,0.0008000000000000229
Y4-010,face_mouthSmileLeft_max,-0.8166,-0.8165,9.999999999998899e-05
Y4-011,face_mouthSmileLeft_max,0.6177,0.6174,0.000300000000000078
Y4-012,face_mouthSmileLeft_max,-0.1669,-0.1668,9.999999999998899e-05
Y4-013,face_mouthSmileLeft_max,0.8161,0.8158,0.000300000000000078
Y4-014,face_mouthSmileLeft_max,-1.3943,-1.3938,0.000500000000000167
Y4-015,face_mouthSmileLeft_max,0.6697,0.6698,9.999999999998899e-05
Y4-016,face_mouthSmileLeft_max,-1.4751,-1.475,9.999999999998899e-05
Y4-018,face_mouthSmileLeft_max,0.349,0.3487,0.00029999999999996696
Y4-019,face_mouthSmileLeft_max,-0.3243,-0.3239,0.00039999999999995595
Y4-020,face_mouthSmileLeft_max,-1.4607,-1.4606,0.00010000000000021103
Y4-021,face_mouthSmileLeft_max,-0.4814,-0.4816,0.00019999999999997797
Y4-022,face_mouthSmileLeft_max,0.654,0.6541,9.999999999998899e-05
Y4-023,face_mouthSmileLeft_max,-0.7233,-0.7235,0.00019999999999997797
Y4-024,face_mouthSmileLeft_max,-0.9688,-0.9706,0.0018000000000000238
Y4-025,face_mouthSmileLeft_max,-0.6051,-0.605,9.999999999998899e-05
Y4-026,face_mouthSmileLeft_max,-0.104,-0.1036,0.0003999999999999976
Y4-027,face_mouthSmileLeft_max,1.0425,1.0423,0.00019999999999997797
Y4-030,face_mouthSmileLeft_max,0.3107,0.3108,0.0001000000000000445
Y4-031,face_mouthSmileLeft_max,0.8413,0.8416,0.00029999999999996696
Y4-032,face_mouthSmileLeft_max,-1.4512,-1.4511,9.999999999998899e-05
Y4-033,face_mouthSmileLeft_max,0.3997,0.3998,9.999999999998899e-05
Y4-034,face_mouthSmileLeft_max,0.8563,0.8564,0.00010000000000010001
Y4-037,face_mouthSmileLeft_max,-1.5216,-1.5215,9.999999999998899e-05
Y4-038,face_mouthSmileLeft_max,-1.4872,-1.4871,9.999999999998899e-05
Y4-039,face_mouthSmileLeft_max,-1.1229,-1.1228,9.999999999998899e-05
Y4-001,face_mouthSmileRight_mean,2.1321,2.1316,0.0004999999999997229
Y4-005,face_mouthSmileRight_mean,1.7692,1.7696,0.00039999999999995595
Y4-013,face_mouthSmileRight_mean,0.5201,0.5196,0.000500000000000056
Y4-018,face_mouthSmileRight_mean,-0.3154,-0.315,0.00040000000000001146
Y4-024,face_mouthSmileRight_mean,-0.7281,-0.7286,0.000500000000000056
Y4-026,face_mouthSmileRight_mean,-0.5447,-0.5443,0.00039999999999995595
Y4-028,face_mouthSmileRight_mean,0.0314,0.0313,9.999999999999593e-05
Y4-031,face_mouthSmileRight_mean,0.6127,0.6126,9.999999999998899e-05
Y4-035,face_mouthSmileRight_mean,1.5538,1.5543,0.0004999999999999449
Y4-001,face_mouthSmileRight_std,-0.4622,-0.4621,9.999999999998899e-05
Y4-003,face_mouthSmileRight_std,-1.2279,-1.2278,9.999999999998899e-05
Y4-007,face_mouthSmileRight_std,0.7758,0.7768,0.0010000000000000009
Y4-008,face_mouthSmileRight_std,-1.3044,-1.3042,0.00019999999999997797
Y4-009,face_mouthSmileRight_std,-0.6203,-0.6202,9.999999999998899e-05
Y4-010,face_mouthSmileRight_std,-0.5211,-0.521,9.999999999998899e-05
Y4-012,face_mouthSmileRight_std,-0.4601,-0.4611,0.0010000000000000009
Y4-013,face_mouthSmileRight_std,1.6088,1.6086,0.00019999999999997797
Y4-014,face_mouthSmileRight_std,-1.1225,-1.1224,9.999999999998899e-05
Y4-015,face_mouthSmileRight_std,0.6932,0.6931,9.999999999998899e-05
Y4-016,face_mouthSmileRight_std,-1.293,-1.2928,0.00019999999999997797
Y4-017,face_mouthSmileRight_std,1.0104,1.0103,9.999999999998899e-05
Y4-019,face_mouthSmileRight_std,-0.5366,-0.5375,0.0009000000000000119
Y4-020,face_mouthSmileRight_std,-1.2259,-1.2257,0.00019999999999997797
Y4-021,face_mouthSmileRight_std,-0.7743,-0.7741,0.00019999999999997797
Y4-022,face_mouthSmileRight_std,1.4796,1.4795,9.999999999998899e-05
Y4-023,face_mouthSmileRight_std,-0.8497,-0.8496,9.999999999998899e-05
Y4-024,face_mouthSmileRight_std,-0.6854,-0.6863,0.0009000000000000119
Y4-025,face_mouthSmileRight_std,-0.4333,-0.4332,0.0001000000000000445
Y4-026,face_mouthSmileRight_std,-0.1749,-0.1748,9.999999999998899e-05
Y4-027,face_mouthSmileRight_std,1.8413,1.8411,0.00019999999999997797
Y4-028,face_mouthSmileRight_std,1.2357,1.2356,9.999999999998899e-05
Y4-030,face_mouthSmileRight_std,0.1816,0.1817,9.999999999998899e-05
Y4-032,face_mouthSmileRight_std,-1.2682,-1.268,0.00019999999999997797
Y4-034,face_mouthSmileRight_std,2.2856,2.2865,0.0009000000000001229
Y4-035,face_mouthSmileRight_std,0.2891,0.2881,0.0010000000000000009
Y4-036,face_mouthSmileRight_std,1.7927,1.7925,0.00019999999999997797
Y4-037,face_mouthSmileRight_std,-1.2982,-1.298,0.00019999999999997797
Y4-038,face_mouthSmileRight_std,-1.2651,-1.2649,0.00019999999999997797
Y4-039,face_mouthSmileRight_std,-0.8218,-0.8217,9.999999999998899e-05
Y4-040,face_mouthSmileRight_std,-0.3082,-0.3081,9.999999999998899e-05
Y4-001,face_mouthSmileRight_max,1.2229,1.2228,9.999999999998899e-05
Y4-002,face_mouthSmileRight_max,0.2683,0.2686,0.00030000000000002247
Y4-003,face_mouthSmileRight_max,-1.3492,-1.3493,9.999999999998899e-05
Y4-004,face_mouthSmileRight_max,1.4612,1.4607,0.0004999999999999449
Y4-005,face_mouthSmileRight_max,0.958,0.9579,9.999999999998899e-05
Y4-006,face_mouthSmileRight_max,-0.0728,-0.0733,0.0005000000000000004
Y4-007,face_mouthSmileRight_max,0.1457,0.1456,9.999999999998899e-05
Y4-008,face_mouthSmileRight_max,-1.4424,-1.4425,9.999999999998899e-05
Y4-009,face_mouthSmileRight_max,-0.4403,-0.4398,0.0005000000000000004
Y4-010,face_mouthSmileRight_max,-0.6071,-0.6072,9.999999999998899e-05
Y4-011,face_mouthSmileRight_max,0.7344,0.7343,0.00010000000000010001
Y4-012,face_mouthSmileRight_max,-0.5102,-0.5103,9.999999999998899e-05
Y4-013,face_mouthSmileRight_max,0.9653,0.9656,0.00029999999999996696
Y4-014,face_mouthSmileRight_max,-1.2028,-1.2026,0.00020000000000020002
Y4-015,face_mouthSmileRight_max,0.3706,0.3705,9.999999999998899e-05
Y4-016,face_mouthSmileRight_max,-1.424,-1.4238,0.00019999999999997797
Y4-017,face_mouthSmileRight_max,1.6526,1.6525,9.999999999998899e-05
Y4-018,face_mouthSmileRight_max,0.0428,0.043,0.0001999999999999988
Y4-019,face_mouthSmileRight_max,-0.6615,-0.6617,0.00019999999999997797
Y4-020,face_mouthSmileRight_max,-1.3829,-1.3831,0.00019999999999997797
Y4-021,face_mouthSmileRight_max,-0.7614,-0.7616,0.000200000000000089
Y4-022,face_mouthSmileRight_max,0.8026,0.8025,9.999999999998899e-05
Y4-023,face_mouthSmileRight_max,-0.8831,-0.8832,9.999999999998899e-05
Y4-024,face_mouthSmileRight_max,-0.9041,-0.9042,9.999999999998899e-05
Y4-025,face_mouthSmileRight_max,-0.4357,-0.4358,0.0001000000000000445
Y4-026,face_mouthSmileRight_max,-0.3511,-0.3513,0.00019999999999997797
Y4-027,face_mouthSmileRight_max,1.3629,1.3632,0.00029999999999996696
Y4-028,face_mouthSmileRight_max,1.0024,1.0026,0.00019999999999997797
Y4-029,face_mouthSmileRight_max,0.819,0.8195,0.000500000000000056
Y4-030,face_mouthSmileRight_max,-0.1603,-0.1591,0.0012000000000000066
Y4-031,face_mouthSmileRight_max,0.6108,0.611,0.00019999999999997797
Y4-032,face_mouthSmileRight_max,-1.4056,-1.4058,0.00019999999999997797
Y4-033,face_mouthSmileRight_max,0.57,0.5696,0.00039999999999995595
Y4-034,face_mouthSmileRight_max,1.4304,1.4303,9.999999999998899e-05
Y4-035,face_mouthSmileRight_max,0.8417,0.8413,0.00039999999999995595
Y4-036,face_mouthSmileRight_max,1.092,1.0919,9.999999999998899e-05
Y4-037,face_mouthSmileRight_max,-1.4377,-1.4379,0.00019999999999997797
Y4-038,face_mouthSmileRight_max,-1.4073,-1.4074,9.999999999998899e-05
Y4-039,face_mouthSmileRight_max,-0.9786,-0.9781,0.000500000000000056
Y4-040,face_mouthSmileRight_max,1.4645,1.4644,9.999999999998899e-05
Y4-002,face_mouthStretchLeft_mean,-0.4542,-0.4541,9.999999999998899e-05
Y4-003,face_mouthStretchLeft_mean,-0.5217,-0.5216,0.00010000000000010001
Y4-004,face_mouthStretchLeft_mean,2.5709,2.5701,0.0007999999999999119
Y4-005,face_mouthStretchLeft_mean,0.1006,0.1005,9.999999999998899e-05
Y4-006,face_mouthStretchLeft_mean,1.0668,1.0664,0.00039999999999995595
Y4-008,face_mouthStretchLeft_mean,-0.5217,-0.5216,0.00010000000000010001
Y4-012,face_mouthStretchLeft_mean,-0.5259,-0.5258,9.999999999998899e-05
Y4-014,face_mouthStretchLeft_mean,-0.5259,-0.5258,9.999999999998899e-05
Y4-016,face_mouthStretchLeft_mean,-0.4521,-0.452,9.999999999998899e-05
Y4-019,face_mouthStretchLeft_mean,-0.5175,-0.5174,9.999999999998899e-05
Y4-020,face_mouthStretchLeft_mean,-0.4394,-0.4393,9.999999999998899e-05
Y4-021,face_mouthStretchLeft_mean,-0.066,-0.0661,0.00010000000000000286
Y4-024,face_mouthStretchLeft_mean,4.9736,4.9743,0.000700000000000145
Y4-025,face_mouthStretchLeft_mean,-0.4563,-0.4562,9.999999999998899e-05
Y4-026,face_mouthStretchLeft_mean,0.5921,0.5919,0.00019999999999997797
Y4-028,face_mouthStretchLeft_mean,-0.5069,-0.5068,9.999999999998899e-05
Y4-030,face_mouthStretchLeft_mean,-0.528,-0.5279,9.999999999998899e-05
Y4-031,face_mouthStretchLeft_mean,0.1998,0.1997,0.00010000000000001674
Y4-032,face_mouthStretchLeft_mean,-0.5175,-0.5174,9.999999999998899e-05
Y4-034,face_mouthStretchLeft_mean,0.2103,0.2102,9.999999999998899e-05
Y4-036,face_mouthStretchLeft_mean,0.2842,0.284,0.00020000000000003348
Y4-038,face_mouthStretchLeft_mean,-0.4774,-0.4773,9.999999999998899e-05
Y4-040,face_mouthStretchLeft_mean,1.3769,1.3765,0.00039999999999995595
Y4-001,face_mouthStretchLeft_max,0.1399,0.1401,0.00020000000000000573
Y4-002,face_mouthStretchLeft_max,-0.5588,-0.5579,0.0009000000000000119
Y4-003,face_mouthStretchLeft_max,-0.6681,-0.6682,9.999999999998899e-05
Y4-004,face_mouthStretchLeft_max,1.722,1.7236,0.0016000000000000458
Y4-005,face_mouthStretchLeft_max,0.0364,0.0365,9.999999999999593e-05
Y4-006,face_mouthStretchLeft_max,1.788,1.7877,0.00029999999999996696
Y4-007,face_mouthStretchLeft_max,-0.4759,-0.4769,0.0010000000000000009
Y4-008,face_mouthStretchLeft_max,-0.637,-0.6371,9.999999999998899e-05
Y4-010,face_mouthStretchLeft_max,-0.6304,-0.6305,9.999999999998899e-05
Y4-012,face_mouthStretchLeft_max,-0.6756,-0.6757,9.999999999998899e-05
Y4-013,face_mouthStretchLeft_max,-0.1059,-0.1058,9.999999999998899e-05
Y4-014,face_mouthStretchLeft_max,-0.6624,-0.6625,9.999999999998899e-05
Y4-015,face_mouthStretchLeft_max,0.1428,0.1439,0.0010999999999999899
Y4-016,face_mouthStretchLeft_max,-0.5475,-0.5476,9.999999999998899e-05
Y4-017,face_mouthStretchLeft_max,0.1663,0.1665,0.00020000000000000573
Y4-018,face_mouthStretchLeft_max,-0.6106,-0.6107,9.999999999998899e-05
Y4-019,face_mouthStretchLeft_max,-0.6445,-0.6446,9.999999999998899e-05
Y4-020,face_mouthStretchLeft_max,-0.5136,-0.5137,0.00010000000000010001
Y4-022,face_mouthStretchLeft_max,0.01,0.0092,0.0008000000000000004
Y4-024,face_mouthStretchLeft_max,4.2515,4.2511,0.00039999999999995595
Y4-026,face_mouthStretchLeft_max,0.9527,0.9521,0.0006000000000000449
Y4-027,face_mouthStretchLeft_max,-0.1256,-0.1255,9.999999999998899e-05
Y4-028,face_mouthStretchLeft_max,-0.6144,-0.6145,0.00010000000000010001
Y4-030,face_mouthStretchLeft_max,-0.6775,-0.6776,9.999999999998899e-05
Y4-031,face_mouthStretchLeft_max,0.0994,0.0996,0.00019999999999999185
Y4-032,face_mouthStretchLeft_max,-0.6709,-0.671,9.999999999998899e-05
Y4-033,face_mouthStretchLeft_max,0.1993,0.1994,9.999999999998899e-05
Y4-034,face_mouthStretchLeft_max,2.2042,2.2041,0.00010000000000021103
Y4-036,face_mouthStretchLeft_max,0.2652,0.2654,0.00020000000000003348
Y4-037,face_mouthStretchLeft_max,-0.5428,-0.5429,0.00010000000000010001
Y4-038,face_mouthStretchLeft_max,-0.5767,-0.5768,9.999999999998899e-05
Y4-039,face_mouthStretchLeft_max,-0.4872,-0.4873,9.999999999998899e-05
Y4-040,face_mouthStretchLeft_max,1.4725,1.4721,0.00039999999999995595
Y4-001,face_mouthStretchRight_mean,1.0426,1.0424,0.00019999999999997797
Y4-002,face_mouthStretchRight_mean,0.1246,0.1263,0.0016999999999999932
Y4-003,face_mouthStretchRight_mean,-0.6135,-0.6136,9.999999999998899e-05
Y4-004,face_mouthStretchRight_mean,4.3789,4.3786,0.000300000000000189
Y4-006,face_mouthStretchRight_mean,3.1178,3.1176,0.00019999999999997797
Y4-007,face_mouthStretchRight_mean,-0.5041,-0.5042,9.999999999998899e-05
Y4-008,face_mouthStretchRight_mean,-0.6172,-0.6173,9.999999999998899e-05
Y4-009,face_mouthStretchRight_mean,-0.0776,-0.0777,0.00010000000000000286
Y4-011,face_mouthStretchRight_mean,-0.0572,-0.0573,9.999999999999593e-05
Y4-012,face_mouthStretchRight_mean,-0.6228,-0.6229,9.999999999998899e-05
Y4-013,face_mouthStretchRight_mean,-0.4114,-0.4115,9.999999999998899e-05
Y4-014,face_mouthStretchRight_mean,-0.5597,-0.5598,9.999999999998899e-05
Y4-016,face_mouthStretchRight_mean,-0.5968,-0.5969,9.999999999998899e-05
Y4-017,face_mouthStretchRight_mean,0.5214,0.5213,9.999999999998899e-05
Y4-018,face_mouthStretchRight_mean,-0.5189,-0.519,9.999999999998899e-05
Y4-019,face_mouthStretchRight_mean,-0.582,-0.5821,9.999999999998899e-05
Y4-020,face_mouthStretchRight_mean,-0.5857,-0.5858,9.999999999998899e-05
Y4-021,face_mouthStretchRight_mean,-0.1017,-0.1018,0.00010000000000000286
Y4-022,face_mouthStretchRight_mean,1.2021,1.2019,0.00019999999999997797
Y4-024,face_mouthStretchRight_mean,0.5993,0.6011,0.0017999999999999128
Y4-025,face_mouthStretchRight_mean,0.0263,0.0262,9.99999999999994e-05
Y4-026,face_mouthStretchRight_mean,-0.3409,-0.341,0.0001000000000000445
Y4-027,face_mouthStretchRight_mean,-0.5931,-0.5932,9.999999999998899e-05
Y4-028,face_mouthStretchRight_mean,-0.4151,-0.4152,9.999999999998899e-05
Y4-029,face_mouthStretchRight_mean,0.3026,0.3025,9.999999999998899e-05
Y4-030,face_mouthStretchRight_mean,-0.595,-0.5951,9.999999999998899e-05
Y4-031,face_mouthStretchRight_mean,0.9869,0.9868,9.999999999998899e-05
Y4-033,face_mouthStretchRight_mean,0.3453,0.3452,9.999999999998899e-05
Y4-034,face_mouthStretchRight_mean,-0.1017,-0.1018,0.00010000000000000286
Y4-036,face_mouthStretchRight_mean,-0.0831,-0.0832,0.00010000000000000286
Y4-038,face_mouthStretchRight_mean,-0.6098,-0.6099,9.999999999998899e-05
Y4-039,face_mouthStretchRight_mean,-0.5319,-0.532,9.999999999998899e-05
Y4-040,face_mouthStretchRight_mean,0.0541,0.054,0.00010000000000000286
Y4-001,face_mouthStretchRight_std,0.0891,0.0888,0.0002999999999999947
Y4-002,face_mouthStretchRight_std,0.0147,0.0173,0.0026
Y4-004,face_mouthStretchRight_std,2.3173,2.319,0.0017000000000000348
Y4-005,face_mouthStretchRight_std,-0.5087,-0.5088,9.999999999998899e-05
Y4-006,face_mouthStretchRight_std,4.002,4.0003,0.0016999999999995907
Y4-007,face_mouthStretchRight_std,-0.5001,-0.5002,9.999999999998899e-05
Y4-008,face_mouthStretchRight_std,-0.6946,-0.6947,9.999999999998899e-05
Y4-009,face_mouthStretchRight_std,-0.2084,-0.2086,0.00020000000000000573
Y4-010,face_mouthStretchRight_std,-0.6517,-0.6518,0.00010000000000010001
Y4-011,face_mouthStretchRight_std,-0.2398,-0.24,0.00019999999999997797
Y4-013,face_mouthStretchRight_std,-0.4715,-0.4716,0.0001000000000000445
Y4-014,face_mouthStretchRight_std,-0.6059,-0.606,9.999999999998899e-05
Y4-015,face_mouthStretchRight_std,-0.3314,-0.3287,0.00269999999999998
Y4-017,face_mouthStretchRight_std,0.7041,0.7035,0.0005999999999999339
Y4-018,face_mouthStretchRight_std,-0.5945,-0.5946,9.999999999998899e-05
Y4-019,face_mouthStretchRight_std,-0.6059,-0.606,9.999999999998899e-05
Y4-021,face_mouthStretchRight_std,0.0948,0.0916,0.0031999999999999945
Y4-022,face_mouthStretchRight_std,2.5918,2.5935,0.0017000000000000348
Y4-023,face_mouthStretchRight_std,-0.5201,-0.5202,9.999999999998899e-05
Y4-024,face_mouthStretchRight_std,1.0044,1.0037,0.0006999999999999229
Y4-025,face_mouthStretchRight_std,0.378,0.3776,0.00040000000000001146
Y4-026,face_mouthStretchRight_std,-0.2141,-0.2143,0.00019999999999997797
Y4-028,face_mouthStretchRight_std,-0.2684,-0.2686,0.00019999999999997797
Y4-029,face_mouthStretchRight_std,-0.114,-0.1142,0.00019999999999999185
Y4-030,face_mouthStretchRight_std,-0.6717,-0.6718,9.999999999998899e-05
Y4-031,face_mouthStretchRight_std,0.418,0.4205,0.0025000000000000022
Y4-032,face_mouthStretchRight_std,-0.6517,-0.6518,0.00010000000000010001
Y4-033,face_mouthStretchRight_std,1.1016,1.101,0.0005999999999999339
Y4-034,face_mouthStretchRight_std,0.8814,0.8808,0.0005999999999999339
Y4-036,face_mouthStretchRight_std,-0.1798,-0.18,0.00020000000000000573
Y4-037,face_mouthStretchRight_std,-0.4944,-0.4945,9.999999999998899e-05
Y4-039,face_mouthStretchRight_std,-0.5773,-0.5774,9.999999999998899e-05
Y4-040,face_mouthStretchRight_std,0.2293,0.2289,0.00040000000000001146
Y4-001,face_mouthStretchRight_max,0.6381,0.6358,0.0022999999999999687
Y4-002,face_mouthStretchRight_max,0.0527,0.0528,0.00010000000000000286
Y4-003,face_mouthStretchRight_max,-0.7358,-0.7357,9.999999999998899e-05
Y4-004,face_mouthStretchRight_max,2.8501,2.8511,0.001000000000000334
Y4-005,face_mouthStretchRight_max,-0.4617,-0.4616,9.999999999998899e-05
Y4-006,face_mouthStretchRight_max,3.5371,3.5364,0.000700000000000145
Y4-007,face_mouthStretchRight_max,-0.5797,-0.5796,9.999999999998899e-05
Y4-008,face_mouthStretchRight_max,-0.735,-0.7349,9.999999999998899e-05
Y4-009,face_mouthStretchRight_max,-0.1116,-0.1115,0.00010000000000000286
Y4-010,face_mouthStretchRight_max,-0.6673,-0.6671,0.00019999999999997797
Y4-011,face_mouthStretchRight_max,-0.214,-0.2139,9.999999999998899e-05
Y4-012,face_mouthStretchRight_max,-0.7548,-0.7555,0.0006999999999999229
Y4-013,face_mouthStretchRight_max,-0.4963,-0.4962,0.0001000000000000445
Y4-014,face_mouthStretchRight_max,-0.6375,-0.6374,9.999999999998899e-05
Y4-015,face_mouthStretchRight_max,-0.3386,-0.3385,9.999999999998899e-05
Y4-016,face_mouthStretchRight_max,-0.7374,-0.7373,0.00010000000000010001
Y4-017,face_mouthStretchRight_max,0.5036,0.5028,0.0008000000000000229
Y4-018,face_mouthStretchRight_max,-0.6177,-0.6176,9.999999999998899e-05
Y4-019,face_mouthStretchRight_max,-0.6375,-0.6374,9.999999999998899e-05
Y4-020,face_mouthStretchRight_max,-0.697,-0.6969,9.999999999998899e-05
Y4-021,face_mouthStretchRight_max,0.1857,0.185,0.0007000000000000062
Y4-022,face_mouthStretchRight_max,2.4134,2.4143,0.0008999999999996788
Y4-023,face_mouthStretchRight_max,-0.4864,-0.4863,9.999999999998899e-05
Y4-024,face_mouthStretchRight_max,0.596,0.597,0.0010000000000000009
Y4-025,face_mouthStretchRight_max,0.3029,0.303,9.999999999998899e-05
Y4-026,face_mouthStretchRight_max,-0.3097,-0.3088,0.0008999999999999564
Y4-027,face_mouthStretchRight_max,-0.7044,-0.7043,9.999999999998899e-05
Y4-028,face_mouthStretchRight_max,-0.2866,-0.2865,0.0001000000000000445
Y4-029,face_mouthStretchRight_max,-0.043,-0.0429,9.999999999999593e-05
Y4-030,face_mouthStretchRight_max,-0.7267,-0.7266,9.999999999998899e-05
Y4-031,face_mouthStretchRight_max,0.5828,0.5821,0.0007000000000000339
Y4-032,face_mouthStretchRight_max,-0.6953,-0.6952,9.999999999998899e-05
Y4-033,face_mouthStretchRight_max,1.2351,1.2352,9.999999999998899e-05
Y4-034,face_mouthStretchRight_max,1.3078,1.3079,9.999999999998899e-05
Y4-035,face_mouthStretchRight_max,-0.6895,-0.6894,9.999999999998899e-05
Y4-036,face_mouthStretchRight_max,-0.062,-0.0619,0.00010000000000000286
Y4-037,face_mouthStretchRight_max,-0.4633,-0.464,0.0007000000000000339
Y4-038,face_mouthStretchRight_max,-0.7251,-0.7249,0.00019999999999997797
Y4-039,face_mouthStretchRight_max,-0.6218,-0.6217,9.999999999998899e-05
Y4-040,face_mouthStretchRight_max,0.0304,0.0306,0.0001999999999999988
Y4-004,face_mouthUpperUpLeft_mean,0.2342,0.2336,0.0005999999999999894
Y4-006,face_mouthUpperUpLeft_mean,0.6837,0.6843,0.0006000000000000449
Y4-011,face_mouthUpperUpLeft_mean,1.4745,1.4751,0.000600000000000156
Y4-013,face_mouthUpperUpLeft_mean,-0.1418,-0.1419,9.999999999998899e-05
Y4-017,face_mouthUpperUpLeft_mean,2.3192,2.3191,9.999999999976694e-05
Y4-023,face_mouthUpperUpLeft_mean,0.471,0.4716,0.0006000000000000449
Y4-027,face_mouthUpperUpLeft_mean,0.1579,0.1578,0.00010000000000001674
Y4-029,face_mouthUpperUpLeft_mean,1.6081,1.6075,0.000600000000000156
Y4-039,face_mouthUpperUpLeft_mean,-0.6093,-0.6094,0.00010000000000010001
Y4-005,face_mouthUpperUpLeft_std,0.6398,0.6389,0.0009000000000000119
Y4-017,face_mouthUpperUpLeft_std,1.9075,1.9076,9.999999999998899e-05
Y4-021,face_mouthUpperUpLeft_std,0.265,0.2651,9.999999999998899e-05
Y4-022,face_mouthUpperUpLeft_std,1.2868,1.2869,9.999999999998899e-05
Y4-023,face_mouthUpperUpLeft_std,1.2977,1.2978,9.999999999998899e-05
Y4-025,face_mouthUpperUpLeft_std,0.1924,0.1925,0.00010000000000001674
Y4-026,face_mouthUpperUpLeft_std,0.5055,0.5056,0.00010000000000010001
Y4-032,face_mouthUpperUpLeft_std,-1.1951,-1.195,9.999999999998899e-05
Y4-001,face_mouthUpperUpLeft_max,0.5546,0.5543,0.00029999999999996696
Y4-002,face_mouthUpperUpLeft_max,0.7073,0.7079,0.0005999999999999339
Y4-003,face_mouthUpperUpLeft_max,-1.3236,-1.3235,0.00010000000000021103
Y4-004,face_mouthUpperUpLeft_max,0.2112,0.2109,0.0002999999999999947
Y4-005,face_mouthUpperUpLeft_max,0.8577,0.8576,9.999999999998899e-05
Y4-006,face_mouthUpperUpLeft_max,1.2144,1.2147,0.00029999999999996696
Y4-008,face_mouthUpperUpLeft_max,-1.3408,-1.3411,0.00029999999999996696
Y4-009,face_mouthUpperUpLeft_max,-0.6514,-0.6517,0.00029999999999996696
Y4-011,face_mouthUpperUpLeft_max,0.803,0.8023,0.0007000000000000339
Y4-013,face_mouthUpperUpLeft_max,0.1044,0.1047,0.0002999999999999947
Y4-015,face_mouthUpperUpLeft_max,-1.2145,-1.2148,0.000300000000000189
Y4-018,face_mouthUpperUpLeft_max,0.5169,0.5171,0.00019999999999997797
Y4-019,face_mouthUpperUpLeft_max,1.3655,1.3657,0.00019999999999997797
Y4-023,face_mouthUpperUpLeft_max,1.0175,1.0171,0.000400000000000178
Y4-024,face_mouthUpperUpLeft_max,0.4759,0.4758,9.999999999998899e-05
Y4-025,face_mouthUpperUpLeft_max,-0.0134,-0.0118,0.0016000000000000007
Y4-030,face_mouthUpperUpLeft_max,-0.377,-0.3776,0.0005999999999999894
Y4-033,face_mouthUpperUpLeft_max,0.3499,0.3502,0.00030000000000002247
Y4-036,face_mouthUpperUpLeft_max,1.5608,1.5607,9.999999999998899e-05
Y4-037,face_mouthUpperUpLeft_max,-1.1162,-1.1159,0.000300000000000189
Y4-040,face_mouthUpperUpLeft_max,1.6373,1.6372,9.999999999998899e-05
Y4-002,face_mouthUpperUpRight_mean,0.5345,0.5344,9.999999999998899e-05
Y4-003,face_mouthUpperUpRight_mean,-1.0696,-1.0697,9.999999999998899e-05
Y4-007,face_mouthUpperUpRight_mean,-0.3545,-0.354,0.0005000000000000004
Y4-010,face_mouthUpperUpRight_mean,-0.9239,-0.924,9.999999999998899e-05
Y4-012,face_mouthUpperUpRight_mean,-1.0623,-1.0624,9.999999999998899e-05
Y4-016,face_mouthUpperUpRight_mean,-1.0803,-1.0804,9.999999999998899e-05
Y4-018,face_mouthUpperUpRight_mean,0.0163,0.0162,9.99999999999994e-05
Y4-035,face_mouthUpperUpRight_mean,-0.449,-0.4485,0.0005000000000000004
Y4-003,face_mouthUpperUpRight_std,-1.2731,-1.2732,0.00010000000000021103
Y4-007,face_mouthUpperUpRight_std,-0.4332,-0.4323,0.0008999999999999564
Y4-009,face_mouthUpperUpRight_std,-0.8248,-0.8249,9.999999999998899e-05
Y4-015,face_mouthUpperUpRight_std,-1.1484,-1.1485,9.999999999998899e-05
Y4-016,face_mouthUpperUpRight_std,-1.301,-1.3011,9.999999999998899e-05
Y4-020,face_mouthUpperUpRight_std,-1.2705,-1.2706,9.999999999998899e-05
Y4-024,face_mouthUpperUpRight_std,1.0601,1.0592,0.0009000000000001229
Y4-029,face_mouthUpperUpRight_std,0.4443,0.4451,0.0008000000000000229
Y4-030,face_mouthUpperUpRight_std,-0.6172,-0.6173,9.999999999998899e-05
Y4-032,face_mouthUpperUpRight_std,-1.2696,-1.2697,9.999999999998899e-05
Y4-035,face_mouthUpperUpRight_std,-0.5352,-0.5353,9.999999999998899e-05
Y4-038,face_mouthUpperUpRight_std,-1.2923,-1.2924,9.999999999998899e-05
Y4-040,face_mouthUpperUpRight_std,-0.0267,-0.0268,9.99999999999994e-05
Y4-001,face_mouthUpperUpRight_max,0.6874,0.6873,9.999999999998899e-05
Y4-002,face_mouthUpperUpRight_max,0.3291,0.3297,0.0005999999999999894
Y4-003,face_mouthUpperUpRight_max,-1.3365,-1.3369,0.00039999999999995595
Y4-004,face_mouthUpperUpRight_max,-0.0387,-0.0394,0.0006999999999999992
Y4-005,face_mouthUpperUpRight_max,1.0495,1.0494,9.999999999998899e-05
Y4-006,face_mouthUpperUpRight_max,1.2441,1.2443,0.00019999999999997797
Y4-007,face_mouthUpperUpRight_max,-0.5677,-0.5678,9.999999999998899e-05
Y4-009,face_mouthUpperUpRight_max,-0.6053,-0.6057,0.00040000000000006697
Y4-010,face_mouthUpperUpRight_max,-1.019,-1.0191,9.999999999998899e-05
Y4-011,face_mouthUpperUpRight_max,0.6953,0.6956,0.00029999999999996696
Y4-012,face_mouthUpperUpRight_max,-1.3139,-1.314,9.999999999998899e-05
Y4-014,face_mouthUpperUpRight_max,-1.3658,-1.3659,9.999999999998899e-05
Y4-015,face_mouthUpperUpRight_max,-1.1614,-1.1611,0.00029999999999996696
Y4-017,face_mouthUpperUpRight_max,1.5027,1.5023,0.00039999999999995595
Y4-018,face_mouthUpperUpRight_max,0.6695,0.6698,0.00029999999999996696
Y4-019,face_mouthUpperUpRight_max,1.0068,1.0067,9.999999999998899e-05
Y4-020,face_mouthUpperUpRight_max,-1.34,-1.3401,9.999999999998899e-05
Y4-021,face_mouthUpperUpRight_max,0.3058,0.3055,0.00030000000000002247
Y4-022,face_mouthUpperUpRight_max,1.3167,1.3166,9.999999999998899e-05
Y4-024,face_mouthUpperUpRight_max,0.8361,0.836,9.999999999998899e-05
Y4-025,face_mouthUpperUpRight_max,-0.2123,-0.2114,0.0008999999999999841
Y4-026,face_mouthUpperUpRight_max,0.6998,0.7001,0.00029999999999996696
Y4-027,face_mouthUpperUpRight_max,1.4495,1.4494,9.999999999998899e-05
Y4-028,face_mouthUpperUpRight_max,-0.6346,-0.6343,0.000300000000000078
Y4-029,face_mouthUpperUpRight_max,0.6517,0.6513,0.00039999999999995595
Y4-030,face_mouthUpperUpRight_max,-0.7324,-0.7321,0.000300000000000078
Y4-031,face_mouthUpperUpRight_max,-0.304,-0.3041,9.999999999998899e-05
Y4-033,face_mouthUpperUpRight_max,0.6517,0.6516,9.999999999998899e-05
Y4-034,face_mouthUpperUpRight_max,1.0785,1.0787,0.00019999999999997797
Y4-035,face_mouthUpperUpRight_max,-0.5712,-0.5713,9.999999999998899e-05
Y4-036,face_mouthUpperUpRight_max,1.211,1.2109,9.999999999998899e-05
Y4-039,face_mouthUpperUpRight_max,-0.4598,-0.4595,0.00029999999999996696
Y4-040,face_mouthUpperUpRight_max,1.4202,1.4201,9.999999999998899e-05
Y4-002,face_smile_mean,0.1286,0.1281,0.0005000000000000004
Y4-005,face_smile_mean,1.8091,1.809,9.999999999998899e-05
Y4-011,face_smile_mean,0.9411,0.941,0.00010000000000010001
Y4-015,face_smile_mean,-0.3353,-0.3349,0.00040000000000001146
Y4-019,face_smile_mean,-0.7949,-0.795,9.999999999998899e-05
Y4-023,face_smile_mean,-0.7791,-0.7792,9.999999999998899e-05
Y4-028,face_smile_mean,0.0825,0.0824,0.00010000000000000286
Y4-033,face_smile_mean,0.0615,0.0619,0.0003999999999999976
Y4-035,face_smile_mean,1.6455,1.6459,0.00039999999999995595
Y4-001,face_smile_std,-0.7093,-0.7102,0.0009000000000000119
Y4-002,face_smile_std,0.4796,0.4797,9.999999999998899e-05
Y4-003,face_smile_std,-1.2786,-1.2785,9.999999999998899e-05
Y4-004,face_smile_std,0.924,0.9241,9.999999999998899e-05
Y4-005,face_smile_std,-0.1246,-0.1244,0.00020000000000000573
Y4-006,face_smile_std,-0.0539,-0.0548,0.000899999999999998
Y4-007,face_smile_std,0.8636,0.8637,9.999999999998899e-05
Y4-008,face_smile_std,-1.3483,-1.3481,0.00019999999999997797
Y4-009,face_smile_std,-0.6479,-0.6467,0.0011999999999999789
Y4-010,face_smile_std,-0.6386,-0.6385,9.999999999998899e-05
Y4-011,face_smile_std,0.796,0.7961,9.999999999998899e-05
Y4-012,face_smile_std,-0.3058,-0.3057,9.999999999998899e-05
Y4-013,face_smile_std,1.5783,1.5785,0.00019999999999997797
Y4-014,face_smile_std,-1.2049,-1.2048,9.999999999998899e-05
Y4-015,face_smile_std,0.8677,0.8678,9.999999999998899e-05
Y4-016,face_smile_std,-1.3247,-1.3246,9.999999999998899e-05
Y4-017,face_smile_std,1.1861,1.1863,0.00019999999999997797
Y4-018,face_smile_std,0.5236,0.5238,0.000200000000000089
Y4-019,face_smile_std,-0.3663,-0.3671,0.0007999999999999674
Y4-020,face_smile_std,-1.2612,-1.2611,9.999999999998899e-05
Y4-021,face_smile_std,-0.7083,-0.7081,0.000200000000000089
Y4-022,face_smile_std,1.4452,1.4454,0.00019999999999997797
Y4-023,face_smile_std,-0.7984,-0.7982,0.00019999999999997797
Y4-024,face_smile_std,-0.7277,-0.7286,0.0009000000000000119
Y4-025,face_smile_std,-0.4881,-0.488,9.999999999998899e-05
Y4-026,face_smile_std,-0.0181,-0.0179,0.00020000000000000226
Y4-027,face_smile_std,1.6244,1.6246,0.00019999999999997797
Y4-028,face_smile_std,1.2476,1.2477,9.999999999998899e-05
Y4-029,face_smile_std,1.0868,1.087,0.00019999999999997797
Y4-030,face_smile_std,0.5482,0.5483,9.999999999998899e-05
Y4-031,face_smile_std,-0.0908,-0.0906,0.00020000000000000573
Y4-032,face_smile_std,-1.293,-1.2928,0.00019999999999997797
Y4-033,face_smile_std,0.155,0.1541,0.0009000000000000119
Y4-034,face_smile_std,1.909,1.9092,0.00019999999999997797
Y4-035,face_smile_std,0.2819,0.2811,0.0007999999999999674
Y4-036,face_smile_std,1.7974,1.7966,0.0008000000000001339
Y4-037,face_smile_std,-1.3411,-1.341,9.999999999998899e-05
Y4-038,face_smile_std,-1.3073,-1.3082,0.0009000000000001229
Y4-039,face_smile_std,-0.8946,-0.8935,0.0010999999999999899
Y4-040,face_smile_std,-0.3826,-0.3825,9.999999999998899e-05
Y4-002,face_smile_max,0.2833,0.2829,0.00040000000000001146
Y4-003,face_smile_max,-1.412,-1.4121,9.999999999998899e-05
Y4-004,face_smile_max,1.496,1.4961,9.999999999998899e-05
Y4-005,face_smile_max,1.0025,1.0022,0.00029999999999996696
Y4-006,face_smile_max,-0.1253,-0.1257,0.00040000000000001146
Y4-007,face_smile_max,0.2287,0.2286,9.999999999998899e-05
Y4-008,face_smile_max,-1.4923,-1.4924,9.999999999998899e-05
Y4-009,face_smile_max,-0.486,-0.4853,0.0006999999999999784
Y4-011,face_smile_max,0.6859,0.6855,0.00039999999999995595
Y4-014,face_smile_max,-1.3031,-1.3029,0.00019999999999997797
Y4-016,face_smile_max,-1.4543,-1.4544,9.999999999998899e-05
Y4-017,face_smile_max,1.6169,1.617,9.999999999998899e-05
Y4-018,face_smile_max,0.1924,0.1923,9.999999999998899e-05
Y4-020,face_smile_max,-1.4267,-1.4268,9.999999999998899e-05
Y4-021,face_smile_max,-0.6188,-0.6189,9.999999999998899e-05
Y4-023,face_smile_max,-0.8023,-0.8027,0.00039999999999995595
Y4-024,face_smile_max,-0.9658,-0.9659,9.999999999998899e-05
Y4-025,face_smile_max,-0.5193,-0.5196,0.00029999999999996696
Y4-028,face_smile_max,0.9523,0.9526,0.00029999999999996696
Y4-029,face_smile_max,0.8953,0.895,0.00029999999999996696
Y4-030,face_smile_max,0.0482,0.0498,0.0015999999999999973
Y4-031,face_smile_max,0.7378,0.7381,0.00029999999999996696
Y4-032,face_smile_max,-1.4333,-1.4331,0.00019999999999997797
Y4-034,face_smile_max,1.1257,1.1254,0.00029999999999996696
Y4-036,face_smile_max,1.165,1.1651,9.999999999998899e-05
Y4-037,face_smile_max,-1.4853,-1.4854,9.999999999998899e-05
Y4-038,face_smile_max,-1.4523,-1.4524,9.999999999998899e-05
Y4-039,face_smile_max,-1.07,-1.0701,9.999999999998899e-05
Y4-001,face_frown_max,-0.0483,-0.0523,0.003999999999999997
Y4-002,face_frown_max,-0.5335,-0.5333,0.00019999999999997797
Y4-003,face_frown_max,-0.5554,-0.5552,0.00019999999999997797
Y4-004,face_frown_max,-0.3805,-0.3802,0.00030000000000002247
Y4-005,face_frown_max,-0.4723,-0.4721,0.00019999999999997797
Y4-006,face_frown_max,0.6948,0.6955,0.0007000000000000339
Y4-007,face_frown_max,-0.5466,-0.5464,0.00019999999999997797
Y4-008,face_frown_max,-0.4985,-0.4983,0.00019999999999997797
Y4-009,face_frown_max,-0.2581,-0.2578,0.00030000000000002247
Y4-010,face_frown_max,-0.5204,-0.5202,0.00019999999999997797
Y4-011,face_frown_max,-0.4417,-0.4415,0.00019999999999997797
Y4-012,face_frown_max,-0.5597,-0.5595,0.00019999999999997797
Y4-013,face_frown_max,0.5462,0.5469,0.0007000000000000339
Y4-014,face_frown_max,-0.5554,-0.5552,0.00019999999999997797
Y4-015,face_frown_max,0.9746,0.9754,0.0008000000000000229
Y4-016,face_frown_max,-0.516,-0.5158,0.00019999999999997797
Y4-017,face_frown_max,1.2106,1.2116,0.001000000000000112
Y4-018,face_frown_max,-0.5379,-0.5377,0.000200000000000089
Y4-019,face_frown_max,-0.398,-0.3977,0.00030000000000002247
Y4-020,face_frown_max,-0.4024,-0.4021,0.00029999999999996696
Y4-021,face_frown_max,-0.3412,-0.3453,0.0040999999999999925
Y4-022,face_frown_max,-0.2013,-0.2009,0.00040000000000001146
Y4-023,face_frown_max,-0.0964,-0.096,0.0003999999999999976
Y4-024,face_frown_max,0.9003,0.9011,0.0008000000000000229
Y4-025,face_frown_max,-0.516,-0.5158,0.00019999999999997797
Y4-026,face_frown_max,1.3112,1.3078,0.0033999999999998476
Y4-027,face_frown_max,-0.5248,-0.5245,0.000300000000000078
Y4-028,face_frown_max,-0.5554,-0.5552,0.00019999999999997797
Y4-029,face_frown_max,-0.3106,-0.3103,0.00029999999999996696
Y4-030,face_frown_max,-0.5597,-0.5595,0.00019999999999997797
Y4-031,face_frown_max,-0.5029,-0.5027,0.00019999999999997797
Y4-032,face_frown_max,-0.5554,-0.5552,0.00019999999999997797
Y4-033,face_frown_max,0.1877,0.1883,0.0005999999999999894
Y4-034,face_frown_max,4.4497,4.452,0.0022999999999999687
Y4-035,face_frown_max,-0.5554,-0.5552,0.00019999999999997797
Y4-036,face_frown_max,-0.2931,-0.2928,0.00030000000000002247
Y4-037,face_frown_max,2.8586,2.8558,0.0028000000000001357
Y4-038,face_frown_max,-0.0745,-0.0741,0.0003999999999999976
Y4-039,face_frown_max,-0.433,-0.4327,0.00030000000000002247
Y4-040,face_frown_max,-0.3893,-0.389,0.00029999999999996696
Y4-001,face_brow_lowerer_mean,0.495,0.4949,9.999999999998899e-05
Y4-002,face_brow_lowerer_mean,-0.3079,-0.3081,0.00019999999999997797
Y4-003,face_brow_lowerer_mean,-0.2106,-0.2091,0.0015000000000000013
Y4-004,face_brow_lowerer_mean,5.2554,5.2553,9.999999999976694e-05
Y4-005,face_brow_lowerer_mean,0.8478,0.8477,9.999999999998899e-05
Y4-006,face_brow_lowerer_mean,-0.5953,-0.5954,9.999999999998899e-05
Y4-007,face_brow_lowerer_mean,-0.2393,-0.2394,9.999999999998899e-05
Y4-008,face_brow_lowerer_mean,-0.3766,-0.3767,9.999999999998899e-05
Y4-009,face_brow_lowerer_mean,-0.0892,-0.0894,0.00019999999999999185
Y4-010,face_brow_lowerer_mean,-0.2712,-0.2713,9.999999999998899e-05
Y4-011,face_brow_lowerer_mean,0.0337,0.0336,0.00010000000000000286
Y4-012,face_brow_lowerer_mean,0.2699,0.2698,9.999999999998899e-05
Y4-013,face_brow_lowerer_mean,-0.4931,-0.4932,0.0001000000000000445
Y4-014,face_brow_lowerer_mean,-0.3941,-0.3943,0.00019999999999997797
Y4-015,face_brow_lowerer_mean,-0.5761,-0.5763,0.000200000000000089
Y4-016,face_brow_lowerer_mean,-0.5777,-0.5779,0.00019999999999997797
Y4-017,face_brow_lowerer_mean,1.7434,1.7433,9.999999999998899e-05
Y4-018,face_brow_lowerer_mean,-0.3862,-0.3863,9.999999999998899e-05
Y4-019,face_brow_lowerer_mean,-0.5713,-0.5715,0.00019999999999997797
Y4-020,face_brow_lowerer_mean,-0.4708,-0.4709,9.999999999998899e-05
Y4-021,face_brow_lowerer_mean,-0.5538,-0.5539,9.999999999998899e-05
Y4-022,face_brow_lowerer_mean,-0.5809,-0.581,9.999999999998899e-05
Y4-023,face_brow_lowerer_mean,-0.0717,-0.0718,0.00010000000000000286
Y4-024,face_brow_lowerer_mean,-0.4931,-0.4932,0.0001000000000000445
Y4-025,face_brow_lowerer_mean,-0.4436,-0.4438,0.00019999999999997797
Y4-026,face_brow_lowerer_mean,-0.5937,-0.5938,9.999999999998899e-05
Y4-027,face_brow_lowerer_mean,-0.2409,-0.241,9.999999999998899e-05
Y4-028,face_brow_lowerer_mean,-0.3878,-0.3879,0.0001000000000000445
Y4-029,face_brow_lowerer_mean,-0.5889,-0.589,9.999999999998899e-05
Y4-030,face_brow_lowerer_mean,-0.5043,-0.5044,9.999999999998899e-05
Y4-031,face_brow_lowerer_mean,1.2326,1.2324,0.00019999999999997797
Y4-032,face_brow_lowerer_mean,-0.5777,-0.5779,0.00019999999999997797
Y4-033,face_brow_lowerer_mean,-0.565,-0.5651,0.00010000000000010001
Y4-034,face_brow_lowerer_mean,0.0496,0.0511,0.0015000000000000013
Y4-035,face_brow_lowerer_mean,0.6563,0.6562,9.999999999998899e-05
Y4-036,face_brow_lowerer_mean,0.4902,0.4901,0.0001000000000000445
Y4-037,face_brow_lowerer_mean,-0.4708,-0.4709,9.999999999998899e-05
Y4-038,face_brow_lowerer_mean,0.6291,0.629,9.999999999998899e-05
Y4-039,face_brow_lowerer_mean,-0.1946,-0.1947,0.00010000000000001674
Y4-040,face_brow_lowerer_mean,0.1231,0.1246,0.0015000000000000013
Y4-001,face_brow_lowerer_max,0.2634,0.2633,0.0001000000000000445
Y4-002,face_brow_lowerer_max,-0.2775,-0.2776,9.999999999998899e-05
Y4-003,face_brow_lowerer_max,-0.3532,-0.3533,9.999999999998899e-05
Y4-004,face_brow_lowerer_max,4.241,4.2408,0.00019999999999953388
Y4-005,face_brow_lowerer_max,0.4933,0.4932,9.999999999998899e-05
Y4-007,face_brow_lowerer_max,-0.2886,-0.2887,9.999999999998899e-05
Y4-009,face_brow_lowerer_max,-0.1289,-0.129,0.00010000000000001674
Y4-010,face_brow_lowerer_max,-0.2637,-0.2628,0.0009000000000000119
Y4-011,face_brow_lowerer_max,0.1443,0.1433,0.0010000000000000009
Y4-014,face_brow_lowerer_max,-0.2886,-0.2877,0.0009000000000000119
Y4-017,face_brow_lowerer_max,3.4638,3.4645,0.000700000000000145
Y4-018,face_brow_lowerer_max,-0.3348,-0.3339,0.0009000000000000119
Y4-023,face_brow_lowerer_max,-0.0606,-0.0607,9.999999999999593e-05
Y4-024,face_brow_lowerer_max,-0.5369,-0.537,9.999999999998899e-05
Y4-025,face_brow_lowerer_max,-0.5332,-0.5333,9.999999999998899e-05
Y4-028,face_brow_lowerer_max,-0.4326,-0.4327,9.999999999998899e-05
Y4-030,face_brow_lowerer_max,-0.5932,-0.5933,0.00010000000000010001
Y4-031,face_brow_lowerer_max,1.013,1.0119,0.0010999999999998789
Y4-034,face_brow_lowerer_max,0.0677,0.0667,0.0010000000000000009
Y4-035,face_brow_lowerer_max,0.4656,0.4655,9.999999999998899e-05
Y4-036,face_brow_lowerer_max,0.4222,0.4212,0.0010000000000000009
Y4-037,face_brow_lowerer_max,-0.404,-0.4031,0.0009000000000000119
Y4-038,face_brow_lowerer_max,1.1865,1.1873,0.0007999999999999119
Y4-040,face_brow_lowerer_max,0.4277,0.4285,0.0007999999999999674
Y4-001,face_brow_inner_raiser_mean,-0.9389,-0.9394,0.000500000000000056
Y4-006,face_brow_inner_raiser_mean,2.5624,2.5623,9.999999999976694e-05
Y4-016,face_brow_inner_raiser_mean,2.088,2.0879,0.00010000000000021103
Y4-019,face_brow_inner_raiser_mean,0.7878,0.7877,9.999999999998899e-05
Y4-022,face_brow_inner_raiser_mean,1.3271,1.327,9.999999999998899e-05
Y4-024,face_brow_inner_raiser_mean,0.5655,0.5661,0.0006000000000000449
Y4-025,face_brow_inner_raiser_mean,-0.4587,-0.4581,0.0005999999999999894
Y4-029,face_brow_inner_raiser_mean,2.0676,2.0675,0.00010000000000021103
Y4-031,face_brow_inner_raiser_mean,-0.9506,-0.9505,9.999999999998899e-05
Y4-033,face_brow_inner_raiser_mean,1.4417,1.4416,9.999999999998899e-05
Y4-037,face_brow_inner_raiser_mean,0.9083,0.9088,0.000500000000000056
Y4-040,face_brow_inner_raiser_mean,-0.592,-0.5926,0.0006000000000000449
Y4-001,face_brow_inner_raiser_max,-1.1801,-1.1802,9.999999999998899e-05
Y4-002,face_brow_inner_raiser_max,-0.8026,-0.8027,9.999999999998899e-05
Y4-003,face_brow_inner_raiser_max,-1.1934,-1.1935,9.999999999998899e-05
Y4-005,face_brow_inner_raiser_max,-0.388,-0.3874,0.0005999999999999894
Y4-006,face_brow_inner_raiser_max,1.7236,1.7234,0.00019999999999997797
Y4-007,face_brow_inner_raiser_max,-0.3457,-0.3461,0.00040000000000001146
Y4-008,face_brow_inner_raiser_max,-0.7094,-0.7095,9.999999999998899e-05
Y4-009,face_brow_inner_raiser_max,-0.9045,-0.9046,9.999999999998899e-05
Y4-011,face_brow_inner_raiser_max,-0.322,-0.3221,9.999999999998899e-05
Y4-012,face_brow_inner_raiser_max,0.4429,0.4428,9.999999999998899e-05
Y4-013,face_brow_inner_raiser_max,0.3872,0.3867,0.0005000000000000004
Y4-014,face_brow_inner_raiser_max,0.0017,0.0023,0.0006000000000000001
Y4-015,face_brow_inner_raiser_max,1.3361,1.336,9.999999999998899e-05
Y4-016,face_brow_inner_raiser_max,1.9999,2.0001,0.00020000000000020002
Y4-017,face_brow_inner_raiser_max,-1.0484,-1.0485,9.999999999998899e-05
Y4-018,face_brow_inner_raiser_max,-1.1663,-1.1664,0.00010000000000021103
Y4-019,face_brow_inner_raiser_max,1.4537,1.4539,0.00019999999999997797
Y4-020,face_brow_inner_raiser_max,-0.2189,-0.219,9.999999999998899e-05
Y4-021,face_brow_inner_raiser_max,0.5964,0.5963,9.999999999998899e-05
Y4-022,face_brow_inner_raiser_max,1.2438,1.244,0.00019999999999997797
Y4-023,face_brow_inner_raiser_max,-0.9423,-0.9424,9.999999999998899e-05
Y4-024,face_brow_inner_raiser_max,0.3647,0.3661,0.0013999999999999568
Y4-025,face_brow_inner_raiser_max,-0.5121,-0.5118,0.00029999999999996696
Y4-026,face_brow_inner_raiser_max,1.1289,1.1291,0.00019999999999997797
Y4-028,face_brow_inner_raiser_max,-0.6564,-0.6561,0.00029999999999996696
Y4-029,face_brow_inner_raiser_max,1.0956,1.0955,9.999999999998899e-05
Y4-030,face_brow_inner_raiser_max,-0.8881,-0.8885,0.00039999999999995595
Y4-031,face_brow_inner_raiser_max,-1.1606,-1.1603,0.00029999999999996696
Y4-032,face_brow_inner_raiser_max,0.3822,0.3817,0.0005000000000000004
Y4-033,face_brow_inner_raiser_max,1.6995,1.6993,0.00019999999999997797
Y4-034,face_brow_inner_raiser_max,-1.114,-1.1141,9.999999999998899e-05
Y4-036,face_brow_inner_raiser_max,-0.8129,-0.8126,0.00029999999999996696
Y4-037,face_brow_inner_raiser_max,1.3182,1.318,0.00019999999999997797
Y4-038,face_brow_inner_raiser_max,1.367,1.3669,9.999999999998899e-05
Y4-039,face_brow_inner_raiser_max,0.7857,0.7856,9.999999999998899e-05
Y4-040,face_brow_inner_raiser_max,0.5403,0.5398,0.000500000000000056
Y4-017,face_jaw_open_mean,-0.1875,-0.1874,9.999999999998899e-05
Y4-020,face_jaw_open_mean,2.1089,2.1074,0.0015000000000000568
Y4-031,face_jaw_open_mean,-0.5939,-0.5938,9.999999999998899e-05
Y4-040,face_jaw_open_mean,2.2842,2.2857,0.0015000000000000568
Y4-001,face_jaw_open_std,-0.9069,-0.9067,0.000200000000000089
Y4-002,face_jaw_open_std,-0.4857,-0.4855,0.00020000000000003348
Y4-003,face_jaw_open_std,-0.7083,-0.7081,0.000200000000000089
Y4-005,face_jaw_open_std,-0.9971,-0.9969,0.00019999999999997797
Y4-006,face_jaw_open_std,0.7479,0.7458,0.0020999999999999908
Y4-007,face_jaw_open_std,-1.0112,-1.0109,0.000300000000000189
Y4-008,face_jaw_open_std,-0.5699,-0.5697,0.00019999999999997797
Y4-009,face_jaw_open_std,1.0408,1.0406,0.00019999999999997797
Y4-010,face_jaw_open_std,0.5333,0.5332,9.999999999998899e-05
Y4-012,face_jaw_open_std,-0.7043,-0.7041,0.000200000000000089
Y4-013,face_jaw_open_std,1.1391,1.1389,0.00019999999999997797
Y4-014,face_jaw_open_std,2.4709,2.4705,0.00039999999999995595
Y4-015,face_jaw_open_std,2.2302,2.2318,0.0015999999999998238
Y4-016,face_jaw_open_std,0.8322,0.8321,0.00010000000000010001
Y4-017,face_jaw_open_std,-0.3753,-0.3752,0.0001000000000000445
Y4-018,face_jaw_open_std,-0.6541,-0.656,0.0019000000000000128
Y4-019,face_jaw_open_std,-0.8888,-0.8886,0.000200000000000089
Y4-020,face_jaw_open_std,0.9906,0.9905,9.999999999998899e-05
Y4-021,face_jaw_open_std,-0.9811,-0.9809,0.00019999999999997797
Y4-022,face_jaw_open_std,-1.0132,-1.0129,0.000300000000000189
Y4-023,face_jaw_open_std,-0.7524,-0.7522,0.00019999999999997797
Y4-024,face_jaw_open_std,-0.2089,-0.2088,9.999999999998899e-05
Y4-025,face_jaw_open_std,-0.2089,-0.2088,9.999999999998899e-05
Y4-026,face_jaw_open_std,-0.8166,-0.8164,0.00019999999999997797
Y4-027,face_jaw_open_std,-0.6602,-0.66,0.00019999999999997797
Y4-028,face_jaw_open_std,1.9093,1.909,0.00029999999999996696
Y4-029,face_jaw_open_std,-0.6461,-0.6459,0.00019999999999997797
Y4-030,face_jaw_open_std,0.9886,0.9885,9.999999999998899e-05
Y4-031,face_jaw_open_std,-0.5839,-0.5838,9.999999999998899e-05
Y4-032,face_jaw_open_std,-0.9089,-0.9087,0.000200000000000089
Y4-033,face_jaw_open_std,-0.937,-0.9367,0.000300000000000078
Y4-034,face_jaw_open_std,0.9706,0.9704,0.00019999999999997797
Y4-035,face_jaw_open_std,-0.6221,-0.6219,0.00019999999999997797
Y4-036,face_jaw_open_std,-0.9289,-0.9287,0.00019999999999997797
Y4-037,face_jaw_open_std,0.2525,0.2505,0.0020000000000000018
Y4-038,face_jaw_open_std,0.8462,0.8461,9.999999999998899e-05
Y4-039,face_jaw_open_std,-0.6381,-0.6379,0.00019999999999997797
Y4-040,face_jaw_open_std,1.9935,1.9952,0.0017000000000000348
Y4-002,face_jaw_open_max,-0.3815,-0.381,0.0005000000000000004
Y4-003,face_jaw_open_max,-0.6712,-0.6706,0.0006000000000000449
Y4-004,face_jaw_open_max,-0.0094,-0.0089,0.0005000000000000004
Y4-009,face_jaw_open_max,1.1727,1.1721,0.000600000000000156
Y4-011,face_jaw_open_max,0.7241,0.7234,0.0006999999999999229
Y4-013,face_jaw_open_max,2.206,2.2065,0.000500000000000167
Y4-015,face_jaw_open_max,2.2974,2.2979,0.0004999999999997229
Y4-017,face_jaw_open_max,-0.4967,-0.4973,0.0006000000000000449
Y4-018,face_jaw_open_max,-0.6806,-0.6807,9.999999999998899e-05
Y4-020,face_jaw_open_max,0.9852,0.9846,0.0005999999999999339
Y4-026,face_jaw_open_max,-0.8563,-0.8557,0.0005999999999999339
Y4-028,face_jaw_open_max,1.4772,1.4771,9.999999999998899e-05
Y4-030,face_jaw_open_max,1.2891,1.2896,0.000500000000000167
Y4-031,face_jaw_open_max,-0.6349,-0.635,9.999999999998899e-05
Y4-035,face_jaw_open_max,-0.6652,-0.6658,0.0005999999999999339
Y4-037,face_jaw_open_max,0.5597,0.5596,9.999999999998899e-05
Y4-040,face_jaw_open_max,1.7478,1.7477,9.999999999998899e-05
Y4-002,face_eye_squint_mean,1.2299,1.2298,9.999999999998899e-05
Y4-003,face_eye_squint_mean,-0.0092,-0.0093,9.99999999999994e-05
Y4-004,face_eye_squint_mean,2.0351,2.035,9.999999999976694e-05
Y4-005,face_eye_squint_mean,-0.0005,0.0002,0.0007
Y4-007,face_eye_squint_mean,-1.1826,-1.1827,9.999999999998899e-05
Y4-008,face_eye_squint_mean,1.1547,1.1554,0.0006999999999999229
Y4-010,face_eye_squint_mean,0.834,0.8339,9.999999999998899e-05
Y4-011,face_eye_squint_mean,1.796,1.7959,9.999999999998899e-05
Y4-013,face_eye_squint_mean,-0.2903,-0.2904,9.999999999998899e-05
Y4-014,face_eye_squint_mean,0.5949,0.5948,9.999999999998899e-05
Y4-016,face_eye_squint_mean,-0.0504,-0.0505,0.00010000000000000286
Y4-017,face_eye_squint_mean,1.6574,1.6573,9.999999999998899e-05
Y4-020,face_eye_squint_mean,1.0573,1.0572,9.999999999998899e-05
Y4-022,face_eye_squint_mean,-0.9142,-0.9143,9.999999999998899e-05
Y4-027,face_eye_squint_mean,-2.4416,-2.4415,0.00010000000000021103
Y4-028,face_eye_squint_mean,1.1634,1.1633,9.999999999998899e-05
Y4-030,face_eye_squint_mean,-0.7891,-0.7892,9.999999999998899e-05
Y4-032,face_eye_squint_mean,-0.0979,-0.098,0.00010000000000000286
Y4-034,face_eye_squint_mean,0.6535,0.6534,9.999999999998899e-05
Y4-035,face_eye_squint_mean,0.6598,0.6597,0.00010000000000010001
Y4-039,face_eye_squint_mean,-1.3552,-1.3553,9.999999999998899e-05
Y4-001,face_disgust_mean,0.8322,0.8321,0.00010000000000010001
Y4-002,face_disgust_mean,0.7147,0.7146,9.999999999998899e-05
Y4-008,face_disgust_mean,-1.0574,-1.0573,9.999999999998899e-05
Y4-011,face_disgust_mean,1.4255,1.4265,0.001000000000000112
Y4-017,face_disgust_mean,2.3025,2.3023,0.00020000000000042206
Y4-019,face_disgust_mean,0.7203,0.7202,0.00010000000000010001
Y4-020,face_disgust_mean,-1.0461,-1.046,9.999999999998899e-05
Y4-022,face_disgust_mean,1.3758,1.3757,9.999999999998899e-05
Y4-024,face_disgust_mean,0.622,0.6219,9.999999999998899e-05
Y4-029,face_disgust_mean,1.5803,1.5802,9.999999999998899e-05
Y4-032,face_disgust_mean,-1.0495,-1.0494,9.999999999998899e-05
Y4-034,face_disgust_mean,0.535,0.5349,9.999999999998899e-05
Y4-036,face_disgust_mean,1.3543,1.3542,9.999999999998899e-05
Y4-038,face_disgust_mean,-1.0608,-1.0607,9.999999999998899e-05
Y4-040,face_disgust_mean,2.8766,2.8764,0.00019999999999997797
Y4-001,face_ear_mean,-1.9704,-1.9705,9.999999999998899e-05
Y4-002,face_ear_mean,-0.3111,-0.3112,9.999999999998899e-05
Y4-003,face_ear_mean,-0.0308,-0.0309,9.99999999999994e-05
Y4-004,face_ear_mean,-0.7276,-0.7277,9.999999999998899e-05
Y4-005,face_ear_mean,-0.9739,-0.974,9.999999999998899e-05
Y4-007,face_ear_mean,0.3646,0.3645,9.999999999998899e-05
Y4-008,face_ear_mean,-1.1651,-1.1652,9.999999999998899e-05
Y4-009,face_ear_mean,-0.2074,-0.2075,9.999999999998899e-05
Y4-010,face_ear_mean,-1.5832,-1.5833,9.999999999998899e-05
Y4-011,face_ear_mean,-0.5979,-0.598,9.999999999998899e-05
Y4-013,face_ear_mean,-0.3192,-0.3193,9.999999999998899e-05
Y4-017,face_ear_mean,-0.9739,-0.974,9.999999999998899e-05
Y4-018,face_ear_mean,-1.4762,-1.4763,9.999999999998899e-05
Y4-020,face_ear_mean,-0.9804,-0.9805,9.999999999998899e-05
Y4-022,face_ear_mean,0.2755,0.2754,0.0001000000000000445
Y4-024,face_ear_mean,2.1147,2.1146,0.00010000000000021103
Y4-025,face_ear_mean,-0.0454,-0.0455,9.999999999999593e-05
Y4-026,face_ear_mean,-1.0743,-1.0744,9.999999999998899e-05
Y4-027,face_ear_mean,2.2022,2.2021,9.999999999976694e-05
Y4-028,face_ear_mean,0.4505,0.4504,9.999999999998899e-05
Y4-029,face_ear_mean,0.0988,0.1004,0.0016000000000000042
Y4-031,face_ear_mean,-0.35,-0.3485,0.0015000000000000013
Y4-032,face_ear_mean,1.1797,1.1796,9.999999999998899e-05
Y4-033,face_ear_mean,-1.0241,-1.0242,9.999999999998899e-05
Y4-034,face_ear_mean,-0.2528,-0.2529,9.999999999998899e-05
Y4-035,face_ear_mean,0.1426,0.1425,0.00010000000000001674
Y4-036,face_ear_mean,-0.3727,-0.3728,0.0001000000000000445
Y4-037,face_ear_mean,-0.162,-0.1621,9.999999999998899e-05
Y4-009,face_ear_min,0.3981,0.3972,0.0009000000000000119
Y4-022,face_ear_min,0.471,0.4701,0.0008999999999999564
Y4-027,face_ear_min,1.3804,1.3813,0.0008999999999999009
Y4-028,face_ear_min,0.7953,0.7962,0.0009000000000000119
Y4-031,face_ear_min,-0.3261,-0.3251,0.0010000000000000009
Y4-040,face_ear_min,1.1176,1.1166,0.0009999999999998899
Y4-005,face_mar_mean,-0.1646,-0.1645,9.999999999998899e-05
Y4-006,face_mar_mean,0.9188,0.9189,0.00010000000000010001
Y4-007,face_mar_mean,-0.1426,-0.1425,0.00010000000000001674
Y4-009,face_mar_mean,-0.1778,-0.1777,0.00010000000000001674
Y4-010,face_mar_mean,-0.898,-0.8979,9.999999999998899e-05
Y4-011,face_mar_mean,1.1184,1.1185,9.999999999998899e-05
Y4-013,face_mar_mean,-0.2279,-0.2278,9.999999999998899e-05
Y4-020,face_mar_mean,0.3569,0.3561,0.0007999999999999674
Y4-021,face_mar_mean,-0.4908,-0.4917,0.0009000000000000119
Y4-025,face_mar_mean,0.3604,0.3605,9.999999999998899e-05
Y4-026,face_mar_mean,0.1458,0.1459,9.999999999998899e-05
Y4-027,face_mar_mean,0.3367,0.3358,0.0009000000000000119
Y4-029,face_mar_mean,0.6928,0.6929,9.999999999998899e-05
Y4-030,face_mar_mean,0.3428,0.3429,9.999999999998899e-05
Y4-033,face_mar_mean,-1.4573,-1.4572,9.999999999998899e-05
Y4-034,face_mar_mean,0.6207,0.6208,9.999999999998899e-05
Y4-035,face_mar_mean,0.1722,0.1723,0.00010000000000001674
Y4-036,face_mar_mean,0.0614,0.0623,0.000899999999999998
Y4-037,face_mar_mean,-1.372,-1.3719,0.00010000000000021103
Y4-039,face_mar_mean,-0.0626,-0.0625,0.00010000000000000286
Y4-001,face_mar_std,-1.6419,-1.6418,9.999999999998899e-05
Y4-002,face_mar_std,-0.8682,-0.868,0.00019999999999997797
Y4-003,face_mar_std,-1.3085,-1.3083,0.00019999999999997797
Y4-004,face_mar_std,-1.3903,-1.3901,0.00020000000000020002
Y4-005,face_mar_std,-0.6082,-0.608,0.00019999999999997797
Y4-006,face_mar_std,0.2558,0.256,0.00019999999999997797
Y4-007,face_mar_std,-1.9481,-1.9479,0.00019999999999997797
Y4-008,face_mar_std,-2.1997,-2.1996,9.999999999976694e-05
Y4-009,face_mar_std,-0.4383,-0.4381,0.00020000000000003348
Y4-010,face_mar_std,0.7066,0.7068,0.00019999999999997797
Y4-011,face_mar_std,0.4592,0.4594,0.00019999999999997797
Y4-012,face_mar_std,-0.8074,-0.8072,0.00019999999999997797
Y4-013,face_mar_std,1.558,1.5582,0.00019999999999997797
Y4-014,face_mar_std,1.0086,1.0067,0.0019000000000000128
Y4-015,face_mar_std,1.3042,1.3045,0.00029999999999996696
Y4-016,face_mar_std,0.0356,0.0358,0.0001999999999999988
Y4-017,face_mar_std,-0.1888,-0.1886,0.00020000000000000573
Y4-018,face_mar_std,-1.0506,-1.0504,0.00019999999999997797
Y4-019,face_mar_std,-0.6899,-0.6897,0.00019999999999997797
Y4-020,face_mar_std,0.8492,0.8494,0.000200000000000089
Y4-021,face_mar_std,-0.8787,-0.8785,0.000200000000000089
Y4-022,face_mar_std,0.2348,0.235,0.00019999999999997797
Y4-023,face_mar_std,1.0841,1.0843,0.00019999999999997797
Y4-024,face_mar_std,0.6563,0.6544,0.0019000000000000128
Y4-025,face_mar_std,1.0463,1.0465,0.00019999999999997797
Y4-026,face_mar_std,0.7653,0.7655,0.00019999999999997797
Y4-027,face_mar_std,1.8033,1.8035,0.00020000000000020002
Y4-028,face_mar_std,1.191,1.1912,0.00019999999999997797
Y4-029,face_mar_std,0.1069,0.1071,0.00020000000000000573
Y4-030,face_mar_std,0.6794,0.6796,0.00019999999999997797
Y4-031,face_mar_std,-0.7109,-0.7107,0.00019999999999997797
Y4-032,face_mar_std,-1.3421,-1.344,0.0019000000000000128
Y4-033,face_mar_std,0.1698,0.17,0.00020000000000000573
Y4-034,face_mar_std,0.5556,0.5559,0.00029999999999996696
Y4-035,face_mar_std,-0.7445,-0.7443,0.000200000000000089
Y4-036,face_mar_std,0.7339,0.7341,0.00019999999999997797
Y4-037,face_mar_std,0.2642,0.2644,0.00020000000000003348
Y4-038,face_mar_std,0.002,0.0023,0.0002999999999999999
Y4-039,face_mar_std,0.0293,0.0274,0.001899999999999999
Y4-040,face_mar_std,1.3168,1.317,0.00019999999999997797
Y4-001,face_mar_max,-1.1047,-1.1048,9.999999999998899e-05
Y4-002,face_mar_max,1.1651,1.165,9.999999999998899e-05
Y4-003,face_mar_max,-1.5341,-1.5335,0.0005999999999999339
Y4-005,face_mar_max,-0.4483,-0.4484,0.0001000000000000445
Y4-008,face_mar_max,-1.151,-1.1511,9.999999999998899e-05
Y4-009,face_mar_max,0.5125,0.5118,0.0006999999999999229
Y4-010,face_mar_max,-0.454,-0.4541,9.999999999998899e-05
Y4-011,face_mar_max,1.0573,1.0572,9.999999999998899e-05
Y4-012,face_mar_max,-1.1929,-1.1923,0.000600000000000156
Y4-013,face_mar_max,2.5223,2.5222,9.999999999976694e-05
Y4-014,face_mar_max,0.4592,0.4591,9.999999999998899e-05
Y4-015,face_mar_max,0.8042,0.8048,0.0005999999999999339
Y4-016,face_mar_max,-0.4813,-0.4807,0.0005999999999999894
Y4-017,face_mar_max,-0.1604,-0.1598,0.0005999999999999894
Y4-018,face_mar_max,-0.4851,-0.4852,0.0001000000000000445
Y4-021,face_mar_max,-0.6164,-0.6165,0.00010000000000010001
Y4-022,face_mar_max,-0.5555,-0.5556,9.999999999998899e-05
Y4-023,face_mar_max,0.9114,0.912,0.0006000000000000449
Y4-026,face_mar_max,0.1193,0.1198,0.0005000000000000004
Y4-030,face_mar_max,1.5082,1.5081,9.999999999998899e-05
Y4-031,face_mar_max,-1.5816,-1.5817,0.00010000000000021103
Y4-032,face_mar_max,-1.692,-1.6921,9.999999999998899e-05
Y4-033,face_mar_max,-0.7185,-0.7186,9.999999999998899e-05
Y4-034,face_mar_max,0.2417,0.2416,9.999999999998899e-05
Y4-038,face_mar_max,-0.7306,-0.7319,0.0012999999999999678
Y4-039,face_mar_max,-0.1331,-0.1332,0.00010000000000001674
Y4-001,face_pitch_mean_deg,0.0928,0.0929,0.00010000000000000286
Y4-003,face_pitch_mean_deg,2.1929,2.193,0.00010000000000021103
Y4-004,face_pitch_mean_deg,1.9907,1.9909,0.00019999999999997797
Y4-006,face_pitch_mean_deg,0.6509,0.651,9.999999999998899e-05
Y4-007,face_pitch_mean_deg,-0.5923,-0.5922,0.00010000000000010001
Y4-009,face_pitch_mean_deg,0.0803,0.0804,0.00010000000000000286
Y4-010,face_pitch_mean_deg,-0.0002,-0.0001,0.0001
Y4-011,face_pitch_mean_deg,0.4971,0.4972,9.999999999998899e-05
Y4-013,face_pitch_mean_deg,-1.2505,-1.2506,9.999999999998899e-05
Y4-014,face_pitch_mean_deg,1.5292,1.5293,0.00010000000000021103
Y4-015,face_pitch_mean_deg,0.1447,0.1448,0.00010000000000001674
Y4-016,face_pitch_mean_deg,1.082,1.0821,9.999999999998899e-05
Y4-017,face_pitch_mean_deg,1.1267,1.1269,0.00019999999999997797
Y4-018,face_pitch_mean_deg,1.5239,1.524,9.999999999998899e-05
Y4-021,face_pitch_mean_deg,0.0499,0.05,0.00010000000000000286
Y4-026,face_pitch_mean_deg,-1.6315,-1.6316,9.999999999998899e-05
Y4-028,face_pitch_mean_deg,1.0946,1.0947,9.999999999998899e-05
Y4-031,face_pitch_mean_deg,0.9175,0.9176,9.999999999998899e-05
Y4-032,face_pitch_mean_deg,1.1697,1.168,0.0017000000000000348
Y4-035,face_pitch_mean_deg,-0.0163,-0.0162,9.99999999999994e-05
Y4-036,face_pitch_mean_deg,-0.9768,-0.9769,9.999999999998899e-05
Y4-038,face_pitch_mean_deg,0.2985,0.2986,9.999999999998899e-05
Y4-040,face_pitch_mean_deg,0.3826,0.3827,9.999999999998899e-05
Y4-001,face_pitch_std_deg,1.2553,1.256,0.0006999999999999229
Y4-002,face_pitch_std_deg,-0.763,-0.7631,9.999999999998899e-05
Y4-003,face_pitch_std_deg,1.2382,1.2389,0.0006999999999999229
Y4-004,face_pitch_std_deg,1.8088,1.8012,0.007600000000000051
Y4-005,face_pitch_std_deg,-0.1669,-0.1668,9.999999999998899e-05
Y4-006,face_pitch_std_deg,-0.0477,-0.0475,0.0001999999999999988
Y4-007,face_pitch_std_deg,-0.4139,-0.4138,9.999999999998899e-05
Y4-008,face_pitch_std_deg,-0.5076,-0.5075,0.00010000000000010001
Y4-009,face_pitch_std_deg,-0.4565,-0.4564,0.0001000000000000445
Y4-012,face_pitch_std_deg,-1.4869,-1.4873,0.00039999999999995595
Y4-013,face_pitch_std_deg,2.3964,2.3975,0.001100000000000101
Y4-014,face_pitch_std_deg,-1.3932,-1.3935,0.00029999999999996696
Y4-015,face_pitch_std_deg,2.2857,2.2868,0.001100000000000101
Y4-018,face_pitch_std_deg,0.0545,0.0547,0.0001999999999999988
Y4-019,face_pitch_std_deg,1.2638,1.2645,0.0006999999999999229
Y4-020,face_pitch_std_deg,-0.8908,-0.8909,9.999999999998899e-05
Y4-021,face_pitch_std_deg,1.2467,1.2474,0.000700000000000145
Y4-022,face_pitch_std_deg,-0.3117,-0.3116,9.999999999998899e-05
Y4-023,face_pitch_std_deg,0.063,0.0633,0.0002999999999999947
Y4-024,face_pitch_std_deg,-0.9674,-0.9676,0.00019999999999997797
Y4-025,face_pitch_std_deg,-0.7119,-0.712,9.999999999998899e-05
Y4-026,face_pitch_std_deg,-0.2691,-0.269,9.999999999998899e-05
Y4-027,face_pitch_std_deg,0.1737,0.174,0.0002999999999999947
Y4-028,face_pitch_std_deg,-0.0392,-0.039,0.0001999999999999988
Y4-029,face_pitch_std_deg,0.0204,0.0207,0.0002999999999999982
Y4-030,face_pitch_std_deg,-1.0441,-1.0442,9.999999999998899e-05
Y4-031,face_pitch_std_deg,1.4937,1.4945,0.0007999999999999119
Y4-032,face_pitch_std_deg,-1.4954,-1.4958,0.00039999999999995595
Y4-033,face_pitch_std_deg,0.7102,0.7107,0.0004999999999999449
Y4-034,face_pitch_std_deg,-0.1669,-0.1668,9.999999999998899e-05
Y4-035,face_pitch_std_deg,-1.1888,-1.1891,0.00029999999999996696
Y4-036,face_pitch_std_deg,0.5399,0.5403,0.00039999999999995595
Y4-037,face_pitch_std_deg,0.7528,0.7533,0.0004999999999999449
Y4-038,face_pitch_std_deg,-0.3798,-0.3797,0.0001000000000000445
Y4-039,face_pitch_std_deg,-0.9163,-0.9165,0.00019999999999997797
Y4-040,face_pitch_std_deg,0.8295,0.83,0.0004999999999999449
Y4-003,face_yaw_mean_deg,-0.1372,-0.1371,9.999999999998899e-05
Y4-005,face_yaw_mean_deg,-1.7519,-1.7518,9.999999999998899e-05
Y4-008,face_yaw_mean_deg,0.4437,0.4438,9.999999999998899e-05
Y4-011,face_yaw_mean_deg,1.1391,1.139,9.999999999998899e-05
Y4-012,face_yaw_mean_deg,0.8066,0.8067,9.999999999998899e-05
Y4-013,face_yaw_mean_deg,0.3385,0.3386,9.999999999998899e-05
Y4-015,face_yaw_mean_deg,-1.1466,-1.1465,9.999999999998899e-05
Y4-016,face_yaw_mean_deg,-1.97,-1.9699,9.999999999998899e-05
Y4-018,face_yaw_mean_deg,-0.0564,-0.0563,9.999999999999593e-05
Y4-019,face_yaw_mean_deg,1.7734,1.7733,9.999999999998899e-05
Y4-022,face_yaw_mean_deg,1.2626,1.2625,9.999999999998899e-05
Y4-024,face_yaw_mean_deg,-1.6513,-1.6512,9.999999999998899e-05
Y4-031,face_yaw_mean_deg,-0.9682,-0.9696,0.0014000000000000679
Y4-033,face_yaw_mean_deg,-1.357,-1.3569,9.999999999998899e-05
Y4-035,face_yaw_mean_deg,-1.5461,-1.546,9.999999999998899e-05
Y4-036,face_yaw_mean_deg,-1.784,-1.7839,9.999999999998899e-05
Y4-038,face_yaw_mean_deg,-0.3629,-0.3628,9.999999999998899e-05
Y4-040,face_yaw_mean_deg,-1.2305,-1.2304,9.999999999998899e-05
Y4-001,face_yaw_std_deg,1.2786,1.2789,0.00029999999999996696
Y4-002,face_yaw_std_deg,-0.3774,-0.3773,9.999999999998899e-05
Y4-003,face_yaw_std_deg,-0.0389,-0.0388,9.999999999999593e-05
Y4-005,face_yaw_std_deg,1.338,1.3384,0.00039999999999995595
Y4-006,face_yaw_std_deg,0.1349,0.1351,0.00020000000000000573
Y4-007,face_yaw_std_deg,-0.414,-0.4139,9.999999999998899e-05
Y4-008,face_yaw_std_deg,4.3618,4.3626,0.0007999999999999119
Y4-012,face_yaw_std_deg,-0.5787,-0.5786,9.999999999998899e-05
Y4-015,face_yaw_std_deg,1.0133,1.0135,0.00019999999999997797
Y4-016,face_yaw_std_deg,0.5284,0.5286,0.00019999999999997797
Y4-019,face_yaw_std_deg,1.6674,1.6678,0.00039999999999995595
Y4-021,face_yaw_std_deg,0.9172,0.9174,0.00019999999999997797
Y4-022,face_yaw_std_deg,-0.0297,-0.0296,9.99999999999994e-05
Y4-027,face_yaw_std_deg,0.2127,0.2129,0.00020000000000000573
Y4-028,face_yaw_std_deg,-0.382,-0.3819,9.999999999998899e-05
Y4-029,face_yaw_std_deg,-0.35,-0.3499,9.999999999998899e-05
Y4-031,face_yaw_std_deg,-0.4872,-0.4871,0.0001000000000000445
Y4-033,face_yaw_std_deg,1.3197,1.3155,0.004200000000000204
Y4-036,face_yaw_std_deg,0.9126,0.9129,0.000300000000000078
Y4-037,face_yaw_std_deg,-0.1624,-0.1623,9.999999999998899e-05
Y4-038,face_yaw_std_deg,0.9767,0.9769,0.00019999999999997797
Y4-040,face_yaw_std_deg,-0.2356,-0.2355,0.00010000000000001674
Y4-002,face_valence_proxy,0.1359,0.1354,0.0005000000000000004
Y4-005,face_valence_proxy,1.8157,1.8156,9.999999999998899e-05
Y4-015,face_valence_proxy,-0.3376,-0.3371,0.0005000000000000004
Y4-019,face_valence_proxy,-0.7921,-0.7922,9.999999999998899e-05
Y4-026,face_valence_proxy,-0.5013,-0.5014,9.999999999998899e-05
Y4-029,face_valence_proxy,1.2093,1.2092,9.999999999998899e-05
Y4-031,face_valence_proxy,0.8073,0.8072,9.999999999998899e-05
Y4-033,face_valence_proxy,0.0533,0.0537,0.0003999999999999976
Y4-035,face_valence_proxy,1.6553,1.6557,0.00039999999999995595
Y4-037,face_valence_proxy,-1.0333,-1.0334,9.999999999998899e-05
Y4-007,audio_arousal_proxy,-1.3435,-1.3436,9.999999999998899e-05
Y4-012,audio_arousal_proxy,-1.3087,-1.3088,9.999999999998899e-05
Y4-013,audio_arousal_proxy,-1.0049,-1.0037,0.0011999999999998678
Y4-015,audio_arousal_proxy,-0.596,-0.5961,9.999999999998899e-05
Y4-016,audio_arousal_proxy,-0.6271,-0.6272,9.999999999998899e-05
Y4-017,audio_arousal_proxy,0.5758,0.5752,0.0005999999999999339
Y4-018,audio_arousal_proxy,-1.1459,-1.146,9.999999999998899e-05
Y4-022,audio_arousal_proxy,2.0185,2.0186,0.00010000000000021103
Y4-028,audio_arousal_proxy,-2.0661,-2.0662,9.999999999976694e-05
Y4-030,audio_arousal_proxy,1.2816,1.2817,9.999999999998899e-05
Y4-035,audio_arousal_proxy,-1.4199,-1.42,9.999999999998899e-05
Y4-038,audio_arousal_proxy,-1.1714,-1.1715,9.999999999998899e-05
Y4-039,audio_arousal_proxy,1.125,1.1251,9.999999999998899e-05
Y4-040,audio_arousal_proxy,1.5556,1.5557,9.999999999998899e-05
